date,usd_rf_3m,eur_rf_overnight,eurusd_fx_rate
1962-01-02,3.7,,
1962-01-03,3.7,,
1962-01-04,3.69,,
1962-01-05,3.71,,
1962-01-06,,,
1962-01-07,,,
1962-01-08,3.71,,
1962-01-09,3.74,,
1962-01-10,3.75,,
1962-01-11,3.77,,
1962-01-12,3.76,,
1962-01-13,,,
1962-01-14,,,
1962-01-15,3.79,,
1962-01-16,3.81,,
1962-01-17,3.81,,
1962-01-18,3.79,,
1962-01-19,3.78,,
1962-01-20,,,
1962-01-21,,,
1962-01-22,3.76,,
1962-01-23,3.77,,
1962-01-24,3.76,,
1962-01-25,3.77,,
1962-01-26,3.8,,
1962-01-27,,,
1962-01-28,,,
1962-01-29,3.8,,
1962-01-30,3.8,,
1962-01-31,3.81,,
1962-02-01,3.81,,
1962-02-02,3.77,,
1962-02-03,,,
1962-02-04,,,
1962-02-05,3.77,,
1962-02-06,3.77,,
1962-02-07,3.77,,
1962-02-08,3.75,,
1962-02-09,3.73,,
1962-02-10,,,
1962-02-11,,,
1962-02-12,,,
1962-02-13,3.72,,
1962-02-14,3.71,,
1962-02-15,3.71,,
1962-02-16,3.69,,
1962-02-17,,,
1962-02-18,,,
1962-02-19,3.67,,
1962-02-20,3.67,,
1962-02-21,3.64,,
1962-02-22,,,
1962-02-23,3.6,,
1962-02-24,,,
1962-02-25,,,
1962-02-26,3.58,,
1962-02-27,3.57,,
1962-02-28,3.53,,
1962-03-01,3.44,,
1962-03-02,3.48,,
1962-03-03,,,
1962-03-04,,,
1962-03-05,3.53,,
1962-03-06,3.52,,
1962-03-07,3.52,,
1962-03-08,3.51,,
1962-03-09,3.53,,
1962-03-10,,,
1962-03-11,,,
1962-03-12,3.54,,
1962-03-13,3.53,,
1962-03-14,3.53,,
1962-03-15,3.52,,
1962-03-16,3.48,,
1962-03-17,,,
1962-03-18,,,
1962-03-19,3.44,,
1962-03-20,3.41,,
1962-03-21,3.37,,
1962-03-22,3.29,,
1962-03-23,3.33,,
1962-03-24,,,
1962-03-25,,,
1962-03-26,3.37,,
1962-03-27,3.39,,
1962-03-28,3.39,,
1962-03-29,3.4,,
1962-03-30,3.39,,
1962-03-31,,,
1962-04-01,,,
1962-04-02,3.38,,
1962-04-03,3.36,,
1962-04-04,3.28,,
1962-04-05,3.34,,
1962-04-06,3.32,,
1962-04-07,,,
1962-04-08,,,
1962-04-09,3.33,,
1962-04-10,3.36,,
1962-04-11,3.41,,
1962-04-12,3.4,,
1962-04-13,3.38,,
1962-04-14,,,
1962-04-15,,,
1962-04-16,3.37,,
1962-04-17,3.36,,
1962-04-18,3.35,,
1962-04-19,3.37,,
1962-04-20,,,
1962-04-21,,,
1962-04-22,,,
1962-04-23,3.4,,
1962-04-24,3.42,,
1962-04-25,3.43,,
1962-04-26,3.43,,
1962-04-27,3.45,,
1962-04-28,,,
1962-04-29,,,
1962-04-30,3.47,,
1962-05-01,3.45,,
1962-05-02,3.44,,
1962-05-03,3.42,,
1962-05-04,3.42,,
1962-05-05,,,
1962-05-06,,,
1962-05-07,3.41,,
1962-05-08,3.39,,
1962-05-09,3.37,,
1962-05-10,3.37,,
1962-05-11,3.37,,
1962-05-12,,,
1962-05-13,,,
1962-05-14,3.39,,
1962-05-15,3.41,,
1962-05-16,3.4,,
1962-05-17,3.4,,
1962-05-18,3.44,,
1962-05-19,,,
1962-05-20,,,
1962-05-21,3.46,,
1962-05-22,3.44,,
1962-05-23,3.42,,
1962-05-24,3.39,,
1962-05-25,3.37,,
1962-05-26,,,
1962-05-27,,,
1962-05-28,3.36,,
1962-05-29,3.37,,
1962-05-30,,,
1962-05-31,3.36,,
1962-06-01,3.35,,
1962-06-02,,,
1962-06-03,,,
1962-06-04,3.33,,
1962-06-05,3.35,,
1962-06-06,3.34,,
1962-06-07,3.33,,
1962-06-08,3.33,,
1962-06-09,,,
1962-06-10,,,
1962-06-11,3.31,,
1962-06-12,3.29,,
1962-06-13,3.31,,
1962-06-14,3.34,,
1962-06-15,3.34,,
1962-06-16,,,
1962-06-17,,,
1962-06-18,3.36,,
1962-06-19,3.41,,
1962-06-20,3.4,,
1962-06-21,3.38,,
1962-06-22,3.38,,
1962-06-23,,,
1962-06-24,,,
1962-06-25,3.47,,
1962-06-26,3.5,,
1962-06-27,3.49,,
1962-06-28,3.53,,
1962-06-29,3.56,,
1962-06-30,,,
1962-07-01,,,
1962-07-02,3.57,,
1962-07-03,3.58,,
1962-07-04,,,
1962-07-05,3.59,,
1962-07-06,3.6,,
1962-07-07,,,
1962-07-08,,,
1962-07-09,3.67,,
1962-07-10,3.65,,
1962-07-11,3.59,,
1962-07-12,3.6,,
1962-07-13,3.61,,
1962-07-14,,,
1962-07-15,,,
1962-07-16,3.63,,
1962-07-17,3.66,,
1962-07-18,3.65,,
1962-07-19,3.64,,
1962-07-20,3.63,,
1962-07-21,,,
1962-07-22,,,
1962-07-23,3.6,,
1962-07-24,3.61,,
1962-07-25,3.62,,
1962-07-26,3.62,,
1962-07-27,3.59,,
1962-07-28,,,
1962-07-29,,,
1962-07-30,3.61,,
1962-07-31,3.62,,
1962-08-01,3.59,,
1962-08-02,3.55,,
1962-08-03,3.56,,
1962-08-04,,,
1962-08-05,,,
1962-08-06,3.53,,
1962-08-07,3.55,,
1962-08-08,3.54,,
1962-08-09,3.52,,
1962-08-10,3.51,,
1962-08-11,,,
1962-08-12,,,
1962-08-13,3.5,,
1962-08-14,3.48,,
1962-08-15,3.47,,
1962-08-16,3.44,,
1962-08-17,3.42,,
1962-08-18,,,
1962-08-19,,,
1962-08-20,3.38,,
1962-08-21,3.39,,
1962-08-22,3.39,,
1962-08-23,3.38,,
1962-08-24,3.39,,
1962-08-25,,,
1962-08-26,,,
1962-08-27,3.39,,
1962-08-28,3.4,,
1962-08-29,3.39,,
1962-08-30,3.4,,
1962-08-31,3.42,,
1962-09-01,,,
1962-09-02,,,
1962-09-03,,,
1962-09-04,3.43,,
1962-09-05,3.44,,
1962-09-06,3.44,,
1962-09-07,3.44,,
1962-09-08,,,
1962-09-09,,,
1962-09-10,3.43,,
1962-09-11,3.42,,
1962-09-12,3.42,,
1962-09-13,3.41,,
1962-09-14,3.42,,
1962-09-15,,,
1962-09-16,,,
1962-09-17,3.41,,
1962-09-18,3.41,,
1962-09-19,3.41,,
1962-09-20,3.41,,
1962-09-21,3.41,,
1962-09-22,,,
1962-09-23,,,
1962-09-24,3.39,,
1962-09-25,3.37,,
1962-09-26,3.37,,
1962-09-27,3.37,,
1962-09-28,3.35,,
1962-09-29,,,
1962-09-30,,,
1962-10-01,3.33,,
1962-10-02,3.31,,
1962-10-03,3.28,,
1962-10-04,3.28,,
1962-10-05,3.3,,
1962-10-06,,,
1962-10-07,,,
1962-10-08,3.32,,
1962-10-09,3.33,,
1962-10-10,3.3,,
1962-10-11,3.31,,
1962-10-12,,,
1962-10-13,,,
1962-10-14,,,
1962-10-15,3.31,,
1962-10-16,3.32,,
1962-10-17,3.33,,
1962-10-18,3.33,,
1962-10-19,3.31,,
1962-10-20,,,
1962-10-21,,,
1962-10-22,3.34,,
1962-10-23,3.36,,
1962-10-24,3.36,,
1962-10-25,3.36,,
1962-10-26,3.36,,
1962-10-27,,,
1962-10-28,,,
1962-10-29,3.35,,
1962-10-30,3.34,,
1962-10-31,3.36,,
1962-11-01,3.37,,
1962-11-02,3.38,,
1962-11-03,,,
1962-11-04,,,
1962-11-05,3.37,,
1962-11-06,,,
1962-11-07,3.37,,
1962-11-08,3.36,,
1962-11-09,3.35,,
1962-11-10,,,
1962-11-11,,,
1962-11-12,,,
1962-11-13,3.37,,
1962-11-14,3.38,,
1962-11-15,3.4,,
1962-11-16,3.42,,
1962-11-17,,,
1962-11-18,,,
1962-11-19,3.43,,
1962-11-20,3.42,,
1962-11-21,3.41,,
1962-11-22,,,
1962-11-23,3.41,,
1962-11-24,,,
1962-11-25,,,
1962-11-26,3.42,,
1962-11-27,3.42,,
1962-11-28,3.42,,
1962-11-29,3.41,,
1962-11-30,3.41,,
1962-12-01,,,
1962-12-02,,,
1962-12-03,3.42,,
1962-12-04,3.43,,
1962-12-05,3.43,,
1962-12-06,3.41,,
1962-12-07,3.4,,
1962-12-08,,,
1962-12-09,,,
1962-12-10,3.39,,
1962-12-11,3.38,,
1962-12-12,3.37,,
1962-12-13,3.38,,
1962-12-14,3.37,,
1962-12-15,,,
1962-12-16,,,
1962-12-17,3.36,,
1962-12-18,3.35,,
1962-12-19,3.35,,
1962-12-20,3.34,,
1962-12-21,3.32,,
1962-12-22,,,
1962-12-23,,,
1962-12-24,3.31,,
1962-12-25,,,
1962-12-26,3.32,,
1962-12-27,3.33,,
1962-12-28,3.4,,
1962-12-29,,,
1962-12-30,,,
1962-12-31,3.4,,
1963-01-01,,,
1963-01-02,3.39,,
1963-01-03,3.37,,
1963-01-04,3.4,,
1963-01-05,,,
1963-01-06,,,
1963-01-07,3.42,,
1963-01-08,3.4,,
1963-01-09,3.39,,
1963-01-10,3.35,,
1963-01-11,3.34,,
1963-01-12,,,
1963-01-13,,,
1963-01-14,3.34,,
1963-01-15,3.35,,
1963-01-16,3.35,,
1963-01-17,3.38,,
1963-01-18,3.4,,
1963-01-19,,,
1963-01-20,,,
1963-01-21,3.43,,
1963-01-22,3.44,,
1963-01-23,3.44,,
1963-01-24,3.43,,
1963-01-25,3.42,,
1963-01-26,,,
1963-01-27,,,
1963-01-28,3.43,,
1963-01-29,3.45,,
1963-01-30,3.42,,
1963-01-31,3.41,,
1963-02-01,3.4,,
1963-02-02,,,
1963-02-03,,,
1963-02-04,3.4,,
1963-02-05,3.39,,
1963-02-06,3.39,,
1963-02-07,3.38,,
1963-02-08,3.38,,
1963-02-09,,,
1963-02-10,,,
1963-02-11,3.39,,
1963-02-12,,,
1963-02-13,3.4,,
1963-02-14,3.39,,
1963-02-15,3.38,,
1963-02-16,,,
1963-02-17,,,
1963-02-18,3.35,,
1963-02-19,3.37,,
1963-02-20,3.37,,
1963-02-21,3.4,,
1963-02-22,,,
1963-02-23,,,
1963-02-24,,,
1963-02-25,3.41,,
1963-02-26,3.42,,
1963-02-27,3.42,,
1963-02-28,3.42,,
1963-03-01,3.4,,
1963-03-02,,,
1963-03-03,,,
1963-03-04,3.4,,
1963-03-05,3.39,,
1963-03-06,3.4,,
1963-03-07,3.39,,
1963-03-08,3.4,,
1963-03-09,,,
1963-03-10,,,
1963-03-11,3.41,,
1963-03-12,3.4,,
1963-03-13,3.4,,
1963-03-14,3.4,,
1963-03-15,3.4,,
1963-03-16,,,
1963-03-17,,,
1963-03-18,3.41,,
1963-03-19,3.41,,
1963-03-20,3.41,,
1963-03-21,3.42,,
1963-03-22,3.42,,
1963-03-23,,,
1963-03-24,,,
1963-03-25,3.43,,
1963-03-26,3.45,,
1963-03-27,3.46,,
1963-03-28,3.45,,
1963-03-29,3.44,,
1963-03-30,,,
1963-03-31,,,
1963-04-01,3.45,,
1963-04-02,3.44,,
1963-04-03,3.43,,
1963-04-04,3.43,,
1963-04-05,3.43,,
1963-04-06,,,
1963-04-07,,,
1963-04-08,3.45,,
1963-04-09,3.45,,
1963-04-10,3.47,,
1963-04-11,3.48,,
1963-04-12,,,
1963-04-13,,,
1963-04-14,,,
1963-04-15,3.51,,
1963-04-16,3.5,,
1963-04-17,3.53,,
1963-04-18,3.53,,
1963-04-19,3.52,,
1963-04-20,,,
1963-04-21,,,
1963-04-22,3.54,,
1963-04-23,3.54,,
1963-04-24,3.54,,
1963-04-25,3.55,,
1963-04-26,3.54,,
1963-04-27,,,
1963-04-28,,,
1963-04-29,3.54,,
1963-04-30,3.54,,
1963-05-01,3.53,,
1963-05-02,3.52,,
1963-05-03,3.52,,
1963-05-04,,,
1963-05-05,,,
1963-05-06,3.52,,
1963-05-07,3.51,,
1963-05-08,3.52,,
1963-05-09,3.53,,
1963-05-10,3.54,,
1963-05-11,,,
1963-05-12,,,
1963-05-13,3.53,,
1963-05-14,3.52,,
1963-05-15,3.51,,
1963-05-16,3.51,,
1963-05-17,3.52,,
1963-05-18,,,
1963-05-19,,,
1963-05-20,3.53,,
1963-05-21,3.52,,
1963-05-22,3.53,,
1963-05-23,3.53,,
1963-05-24,3.56,,
1963-05-25,,,
1963-05-26,,,
1963-05-27,3.57,,
1963-05-28,3.59,,
1963-05-29,3.59,,
1963-05-30,,,
1963-05-31,3.59,,
1963-06-01,,,
1963-06-02,,,
1963-06-03,3.65,,
1963-06-04,3.64,,
1963-06-05,3.64,,
1963-06-06,3.62,,
1963-06-07,3.61,,
1963-06-08,,,
1963-06-09,,,
1963-06-10,3.59,,
1963-06-11,3.6,,
1963-06-12,3.6,,
1963-06-13,3.59,,
1963-06-14,3.6,,
1963-06-15,,,
1963-06-16,,,
1963-06-17,3.62,,
1963-06-18,3.62,,
1963-06-19,3.61,,
1963-06-20,3.6,,
1963-06-21,3.6,,
1963-06-22,,,
1963-06-23,,,
1963-06-24,3.61,,
1963-06-25,3.61,,
1963-06-26,3.6,,
1963-06-27,3.6,,
1963-06-28,3.61,,
1963-06-29,,,
1963-06-30,,,
1963-07-01,3.62,,
1963-07-02,3.67,,
1963-07-03,3.69,,
1963-07-04,,,
1963-07-05,3.72,,
1963-07-06,,,
1963-07-07,,,
1963-07-08,3.77,,
1963-07-09,3.77,,
1963-07-10,3.76,,
1963-07-11,3.76,,
1963-07-12,3.75,,
1963-07-13,,,
1963-07-14,,,
1963-07-15,3.76,,
1963-07-16,3.76,,
1963-07-17,3.8,,
1963-07-18,3.79,,
1963-07-19,3.78,,
1963-07-20,,,
1963-07-21,,,
1963-07-22,3.79,,
1963-07-23,3.8,,
1963-07-24,3.8,,
1963-07-25,3.78,,
1963-07-26,3.77,,
1963-07-27,,,
1963-07-28,,,
1963-07-29,3.76,,
1963-07-30,3.77,,
1963-07-31,3.77,,
1963-08-01,3.75,,
1963-08-02,3.74,,
1963-08-03,,,
1963-08-04,,,
1963-08-05,3.74,,
1963-08-06,3.75,,
1963-08-07,3.75,,
1963-08-08,3.76,,
1963-08-09,3.76,,
1963-08-10,,,
1963-08-11,,,
1963-08-12,3.77,,
1963-08-13,3.78,,
1963-08-14,3.78,,
1963-08-15,3.77,,
1963-08-16,3.76,,
1963-08-17,,,
1963-08-18,,,
1963-08-19,3.76,,
1963-08-20,3.76,,
1963-08-21,3.77,,
1963-08-22,3.77,,
1963-08-23,3.78,,
1963-08-24,,,
1963-08-25,,,
1963-08-26,3.78,,
1963-08-27,3.79,,
1963-08-28,3.79,,
1963-08-29,3.79,,
1963-08-30,3.81,,
1963-08-31,,,
1963-09-01,,,
1963-09-02,,,
1963-09-03,3.82,,
1963-09-04,3.81,,
1963-09-05,3.8,,
1963-09-06,3.8,,
1963-09-07,,,
1963-09-08,,,
1963-09-09,3.81,,
1963-09-10,3.81,,
1963-09-11,3.8,,
1963-09-12,3.81,,
1963-09-13,3.82,,
1963-09-14,,,
1963-09-15,,,
1963-09-16,3.84,,
1963-09-17,3.84,,
1963-09-18,3.83,,
1963-09-19,3.83,,
1963-09-20,3.82,,
1963-09-21,,,
1963-09-22,,,
1963-09-23,3.82,,
1963-09-24,3.82,,
1963-09-25,3.83,,
1963-09-26,3.83,,
1963-09-27,3.82,,
1963-09-28,,,
1963-09-29,,,
1963-09-30,3.82,,
1963-10-01,3.81,,
1963-10-02,3.82,,
1963-10-03,3.82,,
1963-10-04,3.83,,
1963-10-05,,,
1963-10-06,,,
1963-10-07,3.84,,
1963-10-08,3.84,,
1963-10-09,3.85,,
1963-10-10,3.85,,
1963-10-11,3.84,,
1963-10-12,,,
1963-10-13,,,
1963-10-14,3.84,,
1963-10-15,3.84,,
1963-10-16,3.86,,
1963-10-17,3.88,,
1963-10-18,3.9,,
1963-10-19,,,
1963-10-20,,,
1963-10-21,3.91,,
1963-10-22,3.89,,
1963-10-23,3.88,,
1963-10-24,3.88,,
1963-10-25,3.89,,
1963-10-26,,,
1963-10-27,,,
1963-10-28,3.9,,
1963-10-29,3.92,,
1963-10-30,3.91,,
1963-10-31,3.92,,
1963-11-01,3.93,,
1963-11-02,,,
1963-11-03,,,
1963-11-04,3.94,,
1963-11-05,,,
1963-11-06,3.97,,
1963-11-07,3.96,,
1963-11-08,3.97,,
1963-11-09,,,
1963-11-10,,,
1963-11-11,,,
1963-11-12,3.96,,
1963-11-13,3.97,,
1963-11-14,3.96,,
1963-11-15,3.94,,
1963-11-16,,,
1963-11-17,,,
1963-11-18,3.94,,
1963-11-19,3.94,,
1963-11-20,3.94,,
1963-11-21,3.94,,
1963-11-22,3.94,,
1963-11-23,,,
1963-11-24,,,
1963-11-25,,,
1963-11-26,3.93,,
1963-11-27,3.94,,
1963-11-28,,,
1963-11-29,3.94,,
1963-11-30,,,
1963-12-01,,,
1963-12-02,3.96,,
1963-12-03,3.97,,
1963-12-04,3.97,,
1963-12-05,3.97,,
1963-12-06,3.97,,
1963-12-07,,,
1963-12-08,,,
1963-12-09,3.97,,
1963-12-10,3.97,,
1963-12-11,3.99,,
1963-12-12,4.0,,
1963-12-13,4.01,,
1963-12-14,,,
1963-12-15,,,
1963-12-16,4.04,,
1963-12-17,4.04,,
1963-12-18,4.03,,
1963-12-19,4.03,,
1963-12-20,4.04,,
1963-12-21,,,
1963-12-22,,,
1963-12-23,4.05,,
1963-12-24,4.05,,
1963-12-25,,,
1963-12-26,4.05,,
1963-12-27,4.05,,
1963-12-28,,,
1963-12-29,,,
1963-12-30,4.05,,
1963-12-31,4.05,,
1964-01-01,,,
1964-01-02,4.06,,
1964-01-03,4.06,,
1964-01-04,,,
1964-01-05,,,
1964-01-06,4.07,,
1964-01-07,4.06,,
1964-01-08,4.07,,
1964-01-09,4.06,,
1964-01-10,4.05,,
1964-01-11,,,
1964-01-12,,,
1964-01-13,4.05,,
1964-01-14,4.04,,
1964-01-15,4.04,,
1964-01-16,4.04,,
1964-01-17,4.04,,
1964-01-18,,,
1964-01-19,,,
1964-01-20,4.02,,
1964-01-21,4.02,,
1964-01-22,4.02,,
1964-01-23,4.02,,
1964-01-24,4.02,,
1964-01-25,,,
1964-01-26,,,
1964-01-27,4.02,,
1964-01-28,4.02,,
1964-01-29,4.02,,
1964-01-30,4.01,,
1964-01-31,4.0,,
1964-02-01,,,
1964-02-02,,,
1964-02-03,3.99,,
1964-02-04,3.98,,
1964-02-05,3.97,,
1964-02-06,3.97,,
1964-02-07,3.97,,
1964-02-08,,,
1964-02-09,,,
1964-02-10,3.97,,
1964-02-11,3.98,,
1964-02-12,,,
1964-02-13,3.98,,
1964-02-14,3.98,,
1964-02-15,,,
1964-02-16,,,
1964-02-17,3.99,,
1964-02-18,4.0,,
1964-02-19,4.0,,
1964-02-20,4.01,,
1964-02-21,,,
1964-02-22,,,
1964-02-23,,,
1964-02-24,4.02,,
1964-02-25,4.03,,
1964-02-26,4.03,,
1964-02-27,4.05,,
1964-02-28,4.07,,
1964-02-29,,,
1964-03-01,,,
1964-03-02,4.08,,
1964-03-03,4.08,,
1964-03-04,4.09,,
1964-03-05,4.08,,
1964-03-06,4.08,,
1964-03-07,,,
1964-03-08,,,
1964-03-09,4.08,,
1964-03-10,4.08,,
1964-03-11,4.1,,
1964-03-12,4.1,,
1964-03-13,4.1,,
1964-03-14,,,
1964-03-15,,,
1964-03-16,4.1,,
1964-03-17,4.1,,
1964-03-18,4.12,,
1964-03-19,4.14,,
1964-03-20,4.15,,
1964-03-21,,,
1964-03-22,,,
1964-03-23,4.17,,
1964-03-24,4.22,,
1964-03-25,4.19,,
1964-03-26,4.19,,
1964-03-27,,,
1964-03-28,,,
1964-03-29,,,
1964-03-30,4.19,,
1964-03-31,4.16,,
1964-04-01,4.17,,
1964-04-02,4.19,,
1964-04-03,4.2,,
1964-04-04,,,
1964-04-05,,,
1964-04-06,4.19,,
1964-04-07,4.16,,
1964-04-08,4.15,,
1964-04-09,4.14,,
1964-04-10,4.16,,
1964-04-11,,,
1964-04-12,,,
1964-04-13,4.17,,
1964-04-14,4.17,,
1964-04-15,4.16,,
1964-04-16,4.14,,
1964-04-17,4.16,,
1964-04-18,,,
1964-04-19,,,
1964-04-20,4.16,,
1964-04-21,4.14,,
1964-04-22,4.13,,
1964-04-23,4.13,,
1964-04-24,4.13,,
1964-04-25,,,
1964-04-26,,,
1964-04-27,4.13,,
1964-04-28,4.11,,
1964-04-29,4.1,,
1964-04-30,4.1,,
1964-05-01,4.09,,
1964-05-02,,,
1964-05-03,,,
1964-05-04,4.07,,
1964-05-05,4.09,,
1964-05-06,4.1,,
1964-05-07,4.08,,
1964-05-08,4.06,,
1964-05-09,,,
1964-05-10,,,
1964-05-11,4.04,,
1964-05-12,4.02,,
1964-05-13,4.0,,
1964-05-14,4.0,,
1964-05-15,4.0,,
1964-05-16,,,
1964-05-17,,,
1964-05-18,4.02,,
1964-05-19,4.02,,
1964-05-20,4.06,,
1964-05-21,4.06,,
1964-05-22,4.05,,
1964-05-23,,,
1964-05-24,,,
1964-05-25,4.04,,
1964-05-26,4.03,,
1964-05-27,4.02,,
1964-05-28,4.03,,
1964-05-29,,,
1964-05-30,,,
1964-05-31,,,
1964-06-01,4.03,,
1964-06-02,4.03,,
1964-06-03,4.02,,
1964-06-04,4.02,,
1964-06-05,4.02,,
1964-06-06,,,
1964-06-07,,,
1964-06-08,4.02,,
1964-06-09,4.0,,
1964-06-10,4.02,,
1964-06-11,4.03,,
1964-06-12,4.03,,
1964-06-13,,,
1964-06-14,,,
1964-06-15,4.03,,
1964-06-16,4.02,,
1964-06-17,4.02,,
1964-06-18,4.01,,
1964-06-19,4.0,,
1964-06-20,,,
1964-06-21,,,
1964-06-22,3.98,,
1964-06-23,3.99,,
1964-06-24,4.0,,
1964-06-25,3.99,,
1964-06-26,3.98,,
1964-06-27,,,
1964-06-28,,,
1964-06-29,3.96,,
1964-06-30,3.95,,
1964-07-01,3.95,,
1964-07-02,3.96,,
1964-07-03,,,
1964-07-04,,,
1964-07-05,,,
1964-07-06,3.97,,
1964-07-07,3.95,,
1964-07-08,3.93,,
1964-07-09,3.9,,
1964-07-10,3.9,,
1964-07-11,,,
1964-07-12,,,
1964-07-13,3.91,,
1964-07-14,3.9,,
1964-07-15,3.9,,
1964-07-16,3.91,,
1964-07-17,3.93,,
1964-07-18,,,
1964-07-19,,,
1964-07-20,3.95,,
1964-07-21,3.95,,
1964-07-22,3.94,,
1964-07-23,3.92,,
1964-07-24,3.92,,
1964-07-25,,,
1964-07-26,,,
1964-07-27,3.92,,
1964-07-28,3.93,,
1964-07-29,3.94,,
1964-07-30,3.93,,
1964-07-31,3.92,,
1964-08-01,,,
1964-08-02,,,
1964-08-03,3.92,,
1964-08-04,3.92,,
1964-08-05,3.92,,
1964-08-06,3.92,,
1964-08-07,3.92,,
1964-08-08,,,
1964-08-09,,,
1964-08-10,3.93,,
1964-08-11,3.95,,
1964-08-12,3.94,,
1964-08-13,3.94,,
1964-08-14,3.92,,
1964-08-15,,,
1964-08-16,,,
1964-08-17,3.92,,
1964-08-18,3.92,,
1964-08-19,3.93,,
1964-08-20,3.93,,
1964-08-21,3.93,,
1964-08-22,,,
1964-08-23,,,
1964-08-24,3.93,,
1964-08-25,3.93,,
1964-08-26,3.94,,
1964-08-27,3.95,,
1964-08-28,3.95,,
1964-08-29,,,
1964-08-30,,,
1964-08-31,3.96,,
1964-09-01,3.98,,
1964-09-02,4.0,,
1964-09-03,3.98,,
1964-09-04,4.0,,
1964-09-05,,,
1964-09-06,,,
1964-09-07,,,
1964-09-08,4.02,,
1964-09-09,4.03,,
1964-09-10,4.01,,
1964-09-11,4.01,,
1964-09-12,,,
1964-09-13,,,
1964-09-14,4.02,,
1964-09-15,4.05,,
1964-09-16,4.02,,
1964-09-17,4.02,,
1964-09-18,4.0,,
1964-09-19,,,
1964-09-20,,,
1964-09-21,3.99,,
1964-09-22,3.99,,
1964-09-23,4.0,,
1964-09-24,4.0,,
1964-09-25,4.0,,
1964-09-26,,,
1964-09-27,,,
1964-09-28,4.0,,
1964-09-29,4.0,,
1964-09-30,4.01,,
1964-10-01,4.01,,
1964-10-02,4.02,,
1964-10-03,,,
1964-10-04,,,
1964-10-05,4.03,,
1964-10-06,4.03,,
1964-10-07,4.02,,
1964-10-08,4.03,,
1964-10-09,4.03,,
1964-10-10,,,
1964-10-11,,,
1964-10-12,,,
1964-10-13,4.03,,
1964-10-14,4.03,,
1964-10-15,4.04,,
1964-10-16,4.05,,
1964-10-17,,,
1964-10-18,,,
1964-10-19,4.04,,
1964-10-20,4.03,,
1964-10-21,4.02,,
1964-10-22,4.01,,
1964-10-23,4.01,,
1964-10-24,,,
1964-10-25,,,
1964-10-26,4.01,,
1964-10-27,4.01,,
1964-10-28,4.01,,
1964-10-29,4.01,,
1964-10-30,4.01,,
1964-10-31,,,
1964-11-01,,,
1964-11-02,4.01,,
1964-11-03,,,
1964-11-04,4.01,,
1964-11-05,4.01,,
1964-11-06,4.01,,
1964-11-07,,,
1964-11-08,,,
1964-11-09,4.0,,
1964-11-10,3.98,,
1964-11-11,,,
1964-11-12,3.97,,
1964-11-13,3.99,,
1964-11-14,,,
1964-11-15,,,
1964-11-16,4.01,,
1964-11-17,4.01,,
1964-11-18,4.01,,
1964-11-19,4.01,,
1964-11-20,4.02,,
1964-11-21,,,
1964-11-22,,,
1964-11-23,4.12,,
1964-11-24,4.11,,
1964-11-25,4.13,,
1964-11-26,,,
1964-11-27,4.13,,
1964-11-28,,,
1964-11-29,,,
1964-11-30,4.16,,
1964-12-01,4.15,,
1964-12-02,4.12,,
1964-12-03,4.09,,
1964-12-04,4.09,,
1964-12-05,,,
1964-12-06,,,
1964-12-07,4.08,,
1964-12-08,4.08,,
1964-12-09,4.08,,
1964-12-10,4.07,,
1964-12-11,4.06,,
1964-12-12,,,
1964-12-13,,,
1964-12-14,4.07,,
1964-12-15,4.06,,
1964-12-16,4.06,,
1964-12-17,4.05,,
1964-12-18,4.07,,
1964-12-19,,,
1964-12-20,,,
1964-12-21,4.07,,
1964-12-22,4.07,,
1964-12-23,4.07,,
1964-12-24,4.07,,
1964-12-25,,,
1964-12-26,,,
1964-12-27,,,
1964-12-28,4.09,,
1964-12-29,4.08,,
1964-12-30,4.07,,
1964-12-31,4.06,,
1965-01-01,,,
1965-01-02,,,
1965-01-03,,,
1965-01-04,4.07,,
1965-01-05,4.06,,
1965-01-06,4.03,,
1965-01-07,4.04,,
1965-01-08,4.03,,
1965-01-09,,,
1965-01-10,,,
1965-01-11,4.03,,
1965-01-12,4.04,,
1965-01-13,4.03,,
1965-01-14,4.03,,
1965-01-15,4.03,,
1965-01-16,,,
1965-01-17,,,
1965-01-18,4.03,,
1965-01-19,4.03,,
1965-01-20,4.0,,
1965-01-21,4.0,,
1965-01-22,4.0,,
1965-01-23,,,
1965-01-24,,,
1965-01-25,4.01,,
1965-01-26,4.02,,
1965-01-27,4.04,,
1965-01-28,4.03,,
1965-01-29,4.04,,
1965-01-30,,,
1965-01-31,,,
1965-02-01,4.04,,
1965-02-02,4.04,,
1965-02-03,4.05,,
1965-02-04,4.06,,
1965-02-05,4.08,,
1965-02-06,,,
1965-02-07,,,
1965-02-08,4.07,,
1965-02-09,4.07,,
1965-02-10,4.08,,
1965-02-11,4.08,,
1965-02-12,,,
1965-02-13,,,
1965-02-14,,,
1965-02-15,4.09,,
1965-02-16,4.08,,
1965-02-17,4.08,,
1965-02-18,4.09,,
1965-02-19,4.1,,
1965-02-20,,,
1965-02-21,,,
1965-02-22,,,
1965-02-23,4.09,,
1965-02-24,4.1,,
1965-02-25,4.12,,
1965-02-26,4.12,,
1965-02-27,,,
1965-02-28,,,
1965-03-01,4.13,,
1965-03-02,4.15,,
1965-03-03,4.14,,
1965-03-04,4.14,,
1965-03-05,4.16,,
1965-03-06,,,
1965-03-07,,,
1965-03-08,4.16,,
1965-03-09,4.16,,
1965-03-10,4.16,,
1965-03-11,4.15,,
1965-03-12,4.15,,
1965-03-13,,,
1965-03-14,,,
1965-03-15,4.13,,
1965-03-16,4.13,,
1965-03-17,4.12,,
1965-03-18,4.12,,
1965-03-19,4.13,,
1965-03-20,,,
1965-03-21,,,
1965-03-22,4.12,,
1965-03-23,4.11,,
1965-03-24,4.1,,
1965-03-25,4.11,,
1965-03-26,4.12,,
1965-03-27,,,
1965-03-28,,,
1965-03-29,4.12,,
1965-03-30,4.11,,
1965-03-31,4.11,,
1965-04-01,4.11,,
1965-04-02,4.13,,
1965-04-03,,,
1965-04-04,,,
1965-04-05,4.13,,
1965-04-06,4.12,,
1965-04-07,4.11,,
1965-04-08,4.1,,
1965-04-09,4.11,,
1965-04-10,,,
1965-04-11,,,
1965-04-12,4.11,,
1965-04-13,4.11,,
1965-04-14,4.11,,
1965-04-15,4.11,,
1965-04-16,,,
1965-04-17,,,
1965-04-18,,,
1965-04-19,4.13,,
1965-04-20,4.13,,
1965-04-21,4.13,,
1965-04-22,4.13,,
1965-04-23,4.13,,
1965-04-24,,,
1965-04-25,,,
1965-04-26,4.13,,
1965-04-27,4.13,,
1965-04-28,4.12,,
1965-04-29,4.12,,
1965-04-30,4.12,,
1965-05-01,,,
1965-05-02,,,
1965-05-03,4.12,,
1965-05-04,4.1,,
1965-05-05,4.09,,
1965-05-06,4.1,,
1965-05-07,4.1,,
1965-05-08,,,
1965-05-09,,,
1965-05-10,4.11,,
1965-05-11,4.11,,
1965-05-12,4.12,,
1965-05-13,4.12,,
1965-05-14,4.12,,
1965-05-15,,,
1965-05-16,,,
1965-05-17,4.12,,
1965-05-18,4.12,,
1965-05-19,4.12,,
1965-05-20,4.12,,
1965-05-21,4.12,,
1965-05-22,,,
1965-05-23,,,
1965-05-24,4.12,,
1965-05-25,4.1,,
1965-05-26,4.1,,
1965-05-27,4.09,,
1965-05-28,4.1,,
1965-05-29,,,
1965-05-30,,,
1965-05-31,,,
1965-06-01,4.11,,
1965-06-02,4.11,,
1965-06-03,4.1,,
1965-06-04,4.09,,
1965-06-05,,,
1965-06-06,,,
1965-06-07,4.09,,
1965-06-08,4.1,,
1965-06-09,4.1,,
1965-06-10,4.1,,
1965-06-11,4.09,,
1965-06-12,,,
1965-06-13,,,
1965-06-14,4.09,,
1965-06-15,4.09,,
1965-06-16,4.09,,
1965-06-17,4.09,,
1965-06-18,4.08,,
1965-06-19,,,
1965-06-20,,,
1965-06-21,4.07,,
1965-06-22,4.05,,
1965-06-23,4.04,,
1965-06-24,4.02,,
1965-06-25,4.04,,
1965-06-26,,,
1965-06-27,,,
1965-06-28,4.04,,
1965-06-29,4.06,,
1965-06-30,4.06,,
1965-07-01,4.07,,
1965-07-02,4.08,,
1965-07-03,,,
1965-07-04,,,
1965-07-05,,,
1965-07-06,4.09,,
1965-07-07,4.08,,
1965-07-08,4.07,,
1965-07-09,4.07,,
1965-07-10,,,
1965-07-11,,,
1965-07-12,4.08,,
1965-07-13,4.09,,
1965-07-14,4.09,,
1965-07-15,4.09,,
1965-07-16,4.09,,
1965-07-17,,,
1965-07-18,,,
1965-07-19,4.09,,
1965-07-20,4.09,,
1965-07-21,4.09,,
1965-07-22,4.09,,
1965-07-23,4.09,,
1965-07-24,,,
1965-07-25,,,
1965-07-26,4.09,,
1965-07-27,4.09,,
1965-07-28,4.09,,
1965-07-29,4.1,,
1965-07-30,4.11,,
1965-07-31,,,
1965-08-01,,,
1965-08-02,4.13,,
1965-08-03,4.13,,
1965-08-04,4.13,,
1965-08-05,4.13,,
1965-08-06,4.14,,
1965-08-07,,,
1965-08-08,,,
1965-08-09,4.14,,
1965-08-10,4.14,,
1965-08-11,4.15,,
1965-08-12,4.15,,
1965-08-13,4.15,,
1965-08-14,,,
1965-08-15,,,
1965-08-16,4.16,,
1965-08-17,4.18,,
1965-08-18,4.18,,
1965-08-19,4.17,,
1965-08-20,4.15,,
1965-08-21,,,
1965-08-22,,,
1965-08-23,4.16,,
1965-08-24,4.18,,
1965-08-25,4.17,,
1965-08-26,4.19,,
1965-08-27,4.21,,
1965-08-28,,,
1965-08-29,,,
1965-08-30,4.22,,
1965-08-31,4.21,,
1965-09-01,4.22,,
1965-09-02,4.23,,
1965-09-03,4.22,,
1965-09-04,,,
1965-09-05,,,
1965-09-06,,,
1965-09-07,4.22,,
1965-09-08,4.23,,
1965-09-09,4.24,,
1965-09-10,4.23,,
1965-09-11,,,
1965-09-12,,,
1965-09-13,4.22,,
1965-09-14,4.21,,
1965-09-15,4.21,,
1965-09-16,4.21,,
1965-09-17,4.2,,
1965-09-18,,,
1965-09-19,,,
1965-09-20,4.21,,
1965-09-21,4.22,,
1965-09-22,4.23,,
1965-09-23,4.26,,
1965-09-24,4.27,,
1965-09-25,,,
1965-09-26,,,
1965-09-27,4.26,,
1965-09-28,4.29,,
1965-09-29,4.35,,
1965-09-30,4.33,,
1965-10-01,4.34,,
1965-10-02,,,
1965-10-03,,,
1965-10-04,4.31,,
1965-10-05,4.3,,
1965-10-06,4.31,,
1965-10-07,4.29,,
1965-10-08,4.3,,
1965-10-09,,,
1965-10-10,,,
1965-10-11,4.29,,
1965-10-12,,,
1965-10-13,4.29,,
1965-10-14,4.3,,
1965-10-15,4.33,,
1965-10-16,,,
1965-10-17,,,
1965-10-18,4.33,,
1965-10-19,4.33,,
1965-10-20,4.35,,
1965-10-21,4.35,,
1965-10-22,4.34,,
1965-10-23,,,
1965-10-24,,,
1965-10-25,4.36,,
1965-10-26,4.35,,
1965-10-27,4.36,,
1965-10-28,4.37,,
1965-10-29,4.38,,
1965-10-30,,,
1965-10-31,,,
1965-11-01,4.41,,
1965-11-02,,,
1965-11-03,4.44,,
1965-11-04,4.45,,
1965-11-05,4.46,,
1965-11-06,,,
1965-11-07,,,
1965-11-08,4.48,,
1965-11-09,4.49,,
1965-11-10,4.48,,
1965-11-11,,,
1965-11-12,4.45,,
1965-11-13,,,
1965-11-14,,,
1965-11-15,4.45,,
1965-11-16,4.44,,
1965-11-17,4.44,,
1965-11-18,4.45,,
1965-11-19,4.45,,
1965-11-20,,,
1965-11-21,,,
1965-11-22,4.45,,
1965-11-23,4.45,,
1965-11-24,4.44,,
1965-11-25,,,
1965-11-26,4.44,,
1965-11-27,,,
1965-11-28,,,
1965-11-29,4.45,,
1965-11-30,4.49,,
1965-12-01,4.55,,
1965-12-02,4.54,,
1965-12-03,4.54,,
1965-12-04,,,
1965-12-05,,,
1965-12-06,4.69,,
1965-12-07,4.66,,
1965-12-08,4.7,,
1965-12-09,4.7,,
1965-12-10,4.7,,
1965-12-11,,,
1965-12-12,,,
1965-12-13,4.78,,
1965-12-14,4.84,,
1965-12-15,4.84,,
1965-12-16,4.85,,
1965-12-17,4.85,,
1965-12-18,,,
1965-12-19,,,
1965-12-20,4.82,,
1965-12-21,4.85,,
1965-12-22,4.89,,
1965-12-23,4.93,,
1965-12-24,,,
1965-12-25,,,
1965-12-26,,,
1965-12-27,4.91,,
1965-12-28,4.93,,
1965-12-29,4.95,,
1965-12-30,4.96,,
1965-12-31,5.0,,
1966-01-01,,,
1966-01-02,,,
1966-01-03,4.99,,
1966-01-04,5.0,,
1966-01-05,4.97,,
1966-01-06,4.9,,
1966-01-07,4.88,,
1966-01-08,,,
1966-01-09,,,
1966-01-10,4.89,,
1966-01-11,4.88,,
1966-01-12,4.82,,
1966-01-13,4.86,,
1966-01-14,4.89,,
1966-01-15,,,
1966-01-16,,,
1966-01-17,4.89,,
1966-01-18,4.88,,
1966-01-19,4.87,,
1966-01-20,4.87,,
1966-01-21,4.87,,
1966-01-22,,,
1966-01-23,,,
1966-01-24,4.89,,
1966-01-25,4.9,,
1966-01-26,4.91,,
1966-01-27,4.92,,
1966-01-28,4.94,,
1966-01-29,,,
1966-01-30,,,
1966-01-31,4.98,,
1966-02-01,4.94,,
1966-02-02,4.95,,
1966-02-03,4.95,,
1966-02-04,4.96,,
1966-02-05,,,
1966-02-06,,,
1966-02-07,5.0,,
1966-02-08,4.98,,
1966-02-09,5.0,,
1966-02-10,5.02,,
1966-02-11,5.06,,
1966-02-12,,,
1966-02-13,,,
1966-02-14,5.07,,
1966-02-15,5.07,,
1966-02-16,5.07,,
1966-02-17,5.03,,
1966-02-18,5.05,,
1966-02-19,,,
1966-02-20,,,
1966-02-21,5.07,,
1966-02-22,,,
1966-02-23,5.07,,
1966-02-24,5.05,,
1966-02-25,5.06,,
1966-02-26,,,
1966-02-27,,,
1966-02-28,5.06,,
1966-03-01,5.05,,
1966-03-02,5.04,,
1966-03-03,5.02,,
1966-03-04,5.01,,
1966-03-05,,,
1966-03-06,,,
1966-03-07,5.01,,
1966-03-08,5.0,,
1966-03-09,5.01,,
1966-03-10,5.03,,
1966-03-11,5.06,,
1966-03-12,,,
1966-03-13,,,
1966-03-14,5.01,,
1966-03-15,4.97,,
1966-03-16,4.97,,
1966-03-17,4.94,,
1966-03-18,4.92,,
1966-03-19,,,
1966-03-20,,,
1966-03-21,4.9,,
1966-03-22,4.89,,
1966-03-23,4.87,,
1966-03-24,4.91,,
1966-03-25,4.99,,
1966-03-26,,,
1966-03-27,,,
1966-03-28,4.98,,
1966-03-29,4.96,,
1966-03-30,4.87,,
1966-03-31,4.89,,
1966-04-01,4.87,,
1966-04-02,,,
1966-04-03,,,
1966-04-04,4.86,,
1966-04-05,4.78,,
1966-04-06,4.81,,
1966-04-07,4.85,,
1966-04-08,,,
1966-04-09,,,
1966-04-10,,,
1966-04-11,4.85,,
1966-04-12,4.84,,
1966-04-13,4.86,,
1966-04-14,4.88,,
1966-04-15,4.9,,
1966-04-16,,,
1966-04-17,,,
1966-04-18,4.88,,
1966-04-19,4.88,,
1966-04-20,4.92,,
1966-04-21,4.91,,
1966-04-22,4.91,,
1966-04-23,,,
1966-04-24,,,
1966-04-25,4.92,,
1966-04-26,4.95,,
1966-04-27,4.95,,
1966-04-28,4.95,,
1966-04-29,4.97,,
1966-04-30,,,
1966-05-01,,,
1966-05-02,4.98,,
1966-05-03,4.98,,
1966-05-04,4.99,,
1966-05-05,4.97,,
1966-05-06,4.97,,
1966-05-07,,,
1966-05-08,,,
1966-05-09,4.93,,
1966-05-10,4.93,,
1966-05-11,4.94,,
1966-05-12,4.94,,
1966-05-13,4.95,,
1966-05-14,,,
1966-05-15,,,
1966-05-16,4.95,,
1966-05-17,4.95,,
1966-05-18,4.94,,
1966-05-19,4.97,,
1966-05-20,5.0,,
1966-05-21,,,
1966-05-22,,,
1966-05-23,5.05,,
1966-05-24,5.09,,
1966-05-25,5.08,,
1966-05-26,5.11,,
1966-05-27,5.12,,
1966-05-28,,,
1966-05-29,,,
1966-05-30,,,
1966-05-31,5.1,,
1966-06-01,5.09,,
1966-06-02,5.05,,
1966-06-03,5.07,,
1966-06-04,,,
1966-06-05,,,
1966-06-06,5.06,,
1966-06-07,5.08,,
1966-06-08,5.09,,
1966-06-09,5.08,,
1966-06-10,5.08,,
1966-06-11,,,
1966-06-12,,,
1966-06-13,5.05,,
1966-06-14,5.04,,
1966-06-15,4.98,,
1966-06-16,4.99,,
1966-06-17,4.99,,
1966-06-18,,,
1966-06-19,,,
1966-06-20,4.97,,
1966-06-21,4.96,,
1966-06-22,4.96,,
1966-06-23,4.95,,
1966-06-24,5.01,,
1966-06-25,,,
1966-06-26,,,
1966-06-27,5.06,,
1966-06-28,5.11,,
1966-06-29,5.11,,
1966-06-30,5.22,,
1966-07-01,5.22,,
1966-07-02,,,
1966-07-03,,,
1966-07-04,,,
1966-07-05,5.17,,
1966-07-06,5.16,,
1966-07-07,5.17,,
1966-07-08,5.2,,
1966-07-09,,,
1966-07-10,,,
1966-07-11,5.28,,
1966-07-12,5.27,,
1966-07-13,5.28,,
1966-07-14,5.3,,
1966-07-15,5.3,,
1966-07-16,,,
1966-07-17,,,
1966-07-18,5.26,,
1966-07-19,5.25,,
1966-07-20,5.26,,
1966-07-21,5.28,,
1966-07-22,5.29,,
1966-07-23,,,
1966-07-24,,,
1966-07-25,5.27,,
1966-07-26,5.28,,
1966-07-27,5.28,,
1966-07-28,5.3,,
1966-07-29,5.32,,
1966-07-30,,,
1966-07-31,,,
1966-08-01,5.32,,
1966-08-02,5.32,,
1966-08-03,5.33,,
1966-08-04,5.33,,
1966-08-05,5.36,,
1966-08-06,,,
1966-08-07,,,
1966-08-08,5.38,,
1966-08-09,5.41,,
1966-08-10,5.45,,
1966-08-11,5.47,,
1966-08-12,5.49,,
1966-08-13,,,
1966-08-14,,,
1966-08-15,5.56,,
1966-08-16,5.64,,
1966-08-17,5.7,,
1966-08-18,5.8,,
1966-08-19,5.87,,
1966-08-20,,,
1966-08-21,,,
1966-08-22,5.83,,
1966-08-23,5.89,,
1966-08-24,5.99,,
1966-08-25,6.06,,
1966-08-26,6.16,,
1966-08-27,,,
1966-08-28,,,
1966-08-29,6.22,,
1966-08-30,6.12,,
1966-08-31,5.87,,
1966-09-01,5.86,,
1966-09-02,5.79,,
1966-09-03,,,
1966-09-04,,,
1966-09-05,,,
1966-09-06,5.78,,
1966-09-07,5.79,,
1966-09-08,5.77,,
1966-09-09,5.76,,
1966-09-10,,,
1966-09-11,,,
1966-09-12,5.78,,
1966-09-13,5.77,,
1966-09-14,5.85,,
1966-09-15,5.88,,
1966-09-16,5.87,,
1966-09-17,,,
1966-09-18,,,
1966-09-19,6.0,,
1966-09-20,5.97,,
1966-09-21,5.9,,
1966-09-22,5.85,,
1966-09-23,5.84,,
1966-09-24,,,
1966-09-25,,,
1966-09-26,5.79,,
1966-09-27,5.74,,
1966-09-28,5.66,,
1966-09-29,5.44,,
1966-09-30,5.54,,
1966-10-01,,,
1966-10-02,,,
1966-10-03,5.61,,
1966-10-04,5.56,,
1966-10-05,5.48,,
1966-10-06,5.44,,
1966-10-07,5.48,,
1966-10-08,,,
1966-10-09,,,
1966-10-10,5.53,,
1966-10-11,5.53,,
1966-10-12,,,
1966-10-13,5.56,,
1966-10-14,5.57,,
1966-10-15,,,
1966-10-16,,,
1966-10-17,5.52,,
1966-10-18,5.48,,
1966-10-19,5.49,,
1966-10-20,5.51,,
1966-10-21,5.41,,
1966-10-22,,,
1966-10-23,,,
1966-10-24,5.4,,
1966-10-25,5.4,,
1966-10-26,5.44,,
1966-10-27,5.46,,
1966-10-28,5.39,,
1966-10-29,,,
1966-10-30,,,
1966-10-31,5.38,,
1966-11-01,5.43,,
1966-11-02,5.5,,
1966-11-03,5.52,,
1966-11-04,5.57,,
1966-11-05,,,
1966-11-06,,,
1966-11-07,5.55,,
1966-11-08,,,
1966-11-09,5.53,,
1966-11-10,5.57,,
1966-11-11,,,
1966-11-12,,,
1966-11-13,,,
1966-11-14,5.59,,
1966-11-15,5.57,,
1966-11-16,5.58,,
1966-11-17,5.6,,
1966-11-18,5.57,,
1966-11-19,,,
1966-11-20,,,
1966-11-21,5.47,,
1966-11-22,5.5,,
1966-11-23,5.56,,
1966-11-24,,,
1966-11-25,5.56,,
1966-11-26,,,
1966-11-27,,,
1966-11-28,5.51,,
1966-11-29,5.49,,
1966-11-30,5.48,,
1966-12-01,5.46,,
1966-12-02,5.42,,
1966-12-03,,,
1966-12-04,,,
1966-12-05,5.46,,
1966-12-06,5.46,,
1966-12-07,5.46,,
1966-12-08,5.5,,
1966-12-09,5.43,,
1966-12-10,,,
1966-12-11,,,
1966-12-12,5.36,,
1966-12-13,5.32,,
1966-12-14,5.27,,
1966-12-15,5.09,,
1966-12-16,5.06,,
1966-12-17,,,
1966-12-18,,,
1966-12-19,5.01,,
1966-12-20,4.96,,
1966-12-21,4.94,,
1966-12-22,4.98,,
1966-12-23,4.95,,
1966-12-24,,,
1966-12-25,,,
1966-12-26,,,
1966-12-27,4.99,,
1966-12-28,4.92,,
1966-12-29,4.92,,
1966-12-30,4.94,,
1966-12-31,,,
1967-01-01,,,
1967-01-02,,,
1967-01-03,4.98,,
1967-01-04,4.92,,
1967-01-05,4.86,,
1967-01-06,4.83,,
1967-01-07,,,
1967-01-08,,,
1967-01-09,4.9,,
1967-01-10,4.89,,
1967-01-11,4.74,,
1967-01-12,4.76,,
1967-01-13,4.7,,
1967-01-14,,,
1967-01-15,,,
1967-01-16,4.63,,
1967-01-17,4.65,,
1967-01-18,4.69,,
1967-01-19,4.74,,
1967-01-20,4.74,,
1967-01-21,,,
1967-01-22,,,
1967-01-23,4.71,,
1967-01-24,4.76,,
1967-01-25,4.77,,
1967-01-26,4.61,,
1967-01-27,4.58,,
1967-01-28,,,
1967-01-29,,,
1967-01-30,4.58,,
1967-01-31,4.63,,
1967-02-01,4.65,,
1967-02-02,4.61,,
1967-02-03,4.61,,
1967-02-04,,,
1967-02-05,,,
1967-02-06,4.63,,
1967-02-07,4.65,,
1967-02-08,4.64,,
1967-02-09,4.63,,
1967-02-10,4.7,,
1967-02-11,,,
1967-02-12,,,
1967-02-13,,,
1967-02-14,4.74,,
1967-02-15,4.8,,
1967-02-16,4.79,,
1967-02-17,4.82,,
1967-02-18,,,
1967-02-19,,,
1967-02-20,4.83,,
1967-02-21,4.83,,
1967-02-22,,,
1967-02-23,4.85,,
1967-02-24,4.81,,
1967-02-25,,,
1967-02-26,,,
1967-02-27,4.8,,
1967-02-28,4.79,,
1967-03-01,4.71,,
1967-03-02,4.64,,
1967-03-03,4.63,,
1967-03-04,,,
1967-03-05,,,
1967-03-06,4.63,,
1967-03-07,4.63,,
1967-03-08,4.65,,
1967-03-09,4.6,,
1967-03-10,4.6,,
1967-03-11,,,
1967-03-12,,,
1967-03-13,4.58,,
1967-03-14,4.55,,
1967-03-15,4.46,,
1967-03-16,4.34,,
1967-03-17,4.37,,
1967-03-18,,,
1967-03-19,,,
1967-03-20,4.31,,
1967-03-21,4.36,,
1967-03-22,4.36,,
1967-03-23,4.32,,
1967-03-24,,,
1967-03-25,,,
1967-03-26,,,
1967-03-27,4.34,,
1967-03-28,4.35,,
1967-03-29,4.34,,
1967-03-30,4.31,,
1967-03-31,4.3,,
1967-04-01,,,
1967-04-02,,,
1967-04-03,4.3,,
1967-04-04,4.31,,
1967-04-05,4.32,,
1967-04-06,4.3,,
1967-04-07,4.27,,
1967-04-08,,,
1967-04-09,,,
1967-04-10,4.27,,
1967-04-11,4.29,,
1967-04-12,4.31,,
1967-04-13,4.34,,
1967-04-14,4.36,,
1967-04-15,,,
1967-04-16,,,
1967-04-17,4.41,,
1967-04-18,4.42,,
1967-04-19,4.38,,
1967-04-20,4.37,,
1967-04-21,4.39,,
1967-04-22,,,
1967-04-23,,,
1967-04-24,4.44,,
1967-04-25,4.46,,
1967-04-26,4.48,,
1967-04-27,4.51,,
1967-04-28,4.57,,
1967-04-29,,,
1967-04-30,,,
1967-05-01,4.53,,
1967-05-02,4.51,,
1967-05-03,4.51,,
1967-05-04,4.52,,
1967-05-05,4.56,,
1967-05-06,,,
1967-05-07,,,
1967-05-08,4.63,,
1967-05-09,4.66,,
1967-05-10,4.62,,
1967-05-11,4.56,,
1967-05-12,4.54,,
1967-05-13,,,
1967-05-14,,,
1967-05-15,4.59,,
1967-05-16,4.62,,
1967-05-17,4.63,,
1967-05-18,4.62,,
1967-05-19,4.64,,
1967-05-20,,,
1967-05-21,,,
1967-05-22,4.69,,
1967-05-23,4.72,,
1967-05-24,4.69,,
1967-05-25,4.67,,
1967-05-26,4.63,,
1967-05-27,,,
1967-05-28,,,
1967-05-29,4.59,,
1967-05-30,,,
1967-05-31,4.58,,
1967-06-01,4.57,,
1967-06-02,4.59,,
1967-06-03,,,
1967-06-04,,,
1967-06-05,4.63,,
1967-06-06,4.62,,
1967-06-07,4.65,,
1967-06-08,4.68,,
1967-06-09,4.74,,
1967-06-10,,,
1967-06-11,,,
1967-06-12,4.83,,
1967-06-13,4.88,,
1967-06-14,4.97,,
1967-06-15,4.96,,
1967-06-16,5.01,,
1967-06-17,,,
1967-06-18,,,
1967-06-19,5.0,,
1967-06-20,5.07,,
1967-06-21,5.02,,
1967-06-22,4.97,,
1967-06-23,5.0,,
1967-06-24,,,
1967-06-25,,,
1967-06-26,5.01,,
1967-06-27,5.06,,
1967-06-28,5.05,,
1967-06-29,5.07,,
1967-06-30,5.1,,
1967-07-01,,,
1967-07-02,,,
1967-07-03,5.12,,
1967-07-04,,,
1967-07-05,5.05,,
1967-07-06,5.0,,
1967-07-07,5.07,,
1967-07-08,,,
1967-07-09,,,
1967-07-10,5.06,,
1967-07-11,5.01,,
1967-07-12,4.98,,
1967-07-13,5.0,,
1967-07-14,5.01,,
1967-07-15,,,
1967-07-16,,,
1967-07-17,5.0,,
1967-07-18,5.04,,
1967-07-19,5.06,,
1967-07-20,5.08,,
1967-07-21,5.11,,
1967-07-22,,,
1967-07-23,,,
1967-07-24,5.2,,
1967-07-25,5.16,,
1967-07-26,5.1,,
1967-07-27,5.06,,
1967-07-28,5.03,,
1967-07-29,,,
1967-07-30,,,
1967-07-31,5.02,,
1967-08-01,5.08,,
1967-08-02,5.12,,
1967-08-03,5.07,,
1967-08-04,5.13,,
1967-08-05,,,
1967-08-06,,,
1967-08-07,5.17,,
1967-08-08,5.16,,
1967-08-09,5.16,,
1967-08-10,5.19,,
1967-08-11,5.2,,
1967-08-12,,,
1967-08-13,,,
1967-08-14,5.19,,
1967-08-15,5.19,,
1967-08-16,5.2,,
1967-08-17,5.21,,
1967-08-18,5.26,,
1967-08-19,,,
1967-08-20,,,
1967-08-21,5.29,,
1967-08-22,5.31,,
1967-08-23,5.36,,
1967-08-24,5.35,,
1967-08-25,5.36,,
1967-08-26,,,
1967-08-27,,,
1967-08-28,5.33,,
1967-08-29,5.34,,
1967-08-30,5.37,,
1967-08-31,5.36,,
1967-09-01,5.34,,
1967-09-02,,,
1967-09-03,,,
1967-09-04,,,
1967-09-05,5.32,,
1967-09-06,5.32,,
1967-09-07,5.33,,
1967-09-08,5.37,,
1967-09-09,,,
1967-09-10,,,
1967-09-11,5.38,,
1967-09-12,5.41,,
1967-09-13,5.39,,
1967-09-14,5.4,,
1967-09-15,5.4,,
1967-09-16,,,
1967-09-17,,,
1967-09-18,5.42,,
1967-09-19,5.47,,
1967-09-20,5.45,,
1967-09-21,5.45,,
1967-09-22,5.46,,
1967-09-23,,,
1967-09-24,,,
1967-09-25,5.49,,
1967-09-26,5.49,,
1967-09-27,5.49,,
1967-09-28,5.45,,
1967-09-29,5.39,,
1967-09-30,,,
1967-10-01,,,
1967-10-02,5.44,,
1967-10-03,5.43,,
1967-10-04,5.46,,
1967-10-05,5.44,,
1967-10-06,5.44,,
1967-10-07,,,
1967-10-08,,,
1967-10-09,5.45,,
1967-10-10,5.48,,
1967-10-11,5.49,,
1967-10-12,,,
1967-10-13,5.51,,
1967-10-14,,,
1967-10-15,,,
1967-10-16,5.54,,
1967-10-17,5.56,,
1967-10-18,5.56,,
1967-10-19,5.53,,
1967-10-20,5.53,,
1967-10-21,,,
1967-10-22,,,
1967-10-23,5.56,,
1967-10-24,5.56,,
1967-10-25,5.56,,
1967-10-26,5.58,,
1967-10-27,5.56,,
1967-10-28,,,
1967-10-29,,,
1967-10-30,5.58,,
1967-10-31,5.63,,
1967-11-01,5.68,,
1967-11-02,5.69,,
1967-11-03,5.74,,
1967-11-04,,,
1967-11-05,,,
1967-11-06,5.8,,
1967-11-07,,,
1967-11-08,5.78,,
1967-11-09,5.79,,
1967-11-10,5.81,,
1967-11-11,,,
1967-11-12,,,
1967-11-13,5.87,,
1967-11-14,5.76,,
1967-11-15,5.73,,
1967-11-16,5.64,,
1967-11-17,5.66,,
1967-11-18,,,
1967-11-19,,,
1967-11-20,5.79,,
1967-11-21,5.66,,
1967-11-22,5.58,,
1967-11-23,,,
1967-11-24,5.66,,
1967-11-25,,,
1967-11-26,,,
1967-11-27,5.69,,
1967-11-28,5.57,,
1967-11-29,5.6,,
1967-11-30,5.69,,
1967-12-01,5.74,,
1967-12-02,,,
1967-12-03,,,
1967-12-04,5.72,,
1967-12-05,5.68,,
1967-12-06,5.65,,
1967-12-07,5.69,,
1967-12-08,5.7,,
1967-12-09,,,
1967-12-10,,,
1967-12-11,5.71,,
1967-12-12,5.72,,
1967-12-13,5.68,,
1967-12-14,5.7,,
1967-12-15,5.74,,
1967-12-16,,,
1967-12-17,,,
1967-12-18,5.68,,
1967-12-19,5.66,,
1967-12-20,5.65,,
1967-12-21,5.68,,
1967-12-22,5.73,,
1967-12-23,,,
1967-12-24,,,
1967-12-25,,,
1967-12-26,5.7,,
1967-12-27,5.69,,
1967-12-28,5.78,,
1967-12-29,5.8,,
1967-12-30,,,
1967-12-31,,,
1968-01-01,,,
1968-01-02,5.71,,
1968-01-03,5.7,,
1968-01-04,5.55,,
1968-01-05,5.5,,
1968-01-06,,,
1968-01-07,,,
1968-01-08,5.53,,
1968-01-09,5.54,,
1968-01-10,5.48,,
1968-01-11,5.44,,
1968-01-12,5.44,,
1968-01-13,,,
1968-01-14,,,
1968-01-15,5.48,,
1968-01-16,5.5,,
1968-01-17,5.46,,
1968-01-18,5.53,,
1968-01-19,5.58,,
1968-01-20,,,
1968-01-21,,,
1968-01-22,5.6,,
1968-01-23,5.54,,
1968-01-24,5.54,,
1968-01-25,5.49,,
1968-01-26,5.51,,
1968-01-27,,,
1968-01-28,,,
1968-01-29,5.5,,
1968-01-30,5.52,,
1968-01-31,5.52,,
1968-02-01,5.58,,
1968-02-02,5.58,,
1968-02-03,,,
1968-02-04,,,
1968-02-05,5.6,,
1968-02-06,5.63,,
1968-02-07,5.61,,
1968-02-08,5.64,,
1968-02-09,5.63,,
1968-02-10,,,
1968-02-11,,,
1968-02-12,,,
1968-02-13,5.6,,
1968-02-14,5.59,,
1968-02-15,5.58,,
1968-02-16,5.55,,
1968-02-17,,,
1968-02-18,,,
1968-02-19,5.58,,
1968-02-20,5.62,,
1968-02-21,5.61,,
1968-02-22,,,
1968-02-23,5.63,,
1968-02-24,,,
1968-02-25,,,
1968-02-26,5.67,,
1968-02-27,5.66,,
1968-02-28,5.65,,
1968-02-29,5.65,,
1968-03-01,5.65,,
1968-03-02,,,
1968-03-03,,,
1968-03-04,5.65,,
1968-03-05,5.66,,
1968-03-06,5.68,,
1968-03-07,5.76,,
1968-03-08,5.85,,
1968-03-09,,,
1968-03-10,,,
1968-03-11,5.81,,
1968-03-12,5.85,,
1968-03-13,5.94,,
1968-03-14,6.03,,
1968-03-15,5.9,,
1968-03-16,,,
1968-03-17,,,
1968-03-18,5.81,,
1968-03-19,5.85,,
1968-03-20,5.78,,
1968-03-21,5.83,,
1968-03-22,5.79,,
1968-03-23,,,
1968-03-24,,,
1968-03-25,5.79,,
1968-03-26,5.81,,
1968-03-27,5.8,,
1968-03-28,5.82,,
1968-03-29,5.79,,
1968-03-30,,,
1968-03-31,,,
1968-04-01,5.69,,
1968-04-02,5.64,,
1968-04-03,5.5,,
1968-04-04,5.52,,
1968-04-05,5.53,,
1968-04-06,,,
1968-04-07,,,
1968-04-08,5.52,,
1968-04-09,,,
1968-04-10,5.51,,
1968-04-11,5.56,,
1968-04-12,,,
1968-04-13,,,
1968-04-14,,,
1968-04-15,5.66,,
1968-04-16,5.68,,
1968-04-17,5.68,,
1968-04-18,5.76,,
1968-04-19,5.94,,
1968-04-20,,,
1968-04-21,,,
1968-04-22,6.0,,
1968-04-23,5.93,,
1968-04-24,5.93,,
1968-04-25,5.95,,
1968-04-26,5.96,,
1968-04-27,,,
1968-04-28,,,
1968-04-29,5.98,,
1968-04-30,6.0,,
1968-05-01,5.97,,
1968-05-02,5.97,,
1968-05-03,6.04,,
1968-05-04,,,
1968-05-05,,,
1968-05-06,6.02,,
1968-05-07,6.02,,
1968-05-08,6.06,,
1968-05-09,6.04,,
1968-05-10,6.04,,
1968-05-11,,,
1968-05-12,,,
1968-05-13,6.05,,
1968-05-14,6.08,,
1968-05-15,6.11,,
1968-05-16,6.19,,
1968-05-17,6.22,,
1968-05-18,,,
1968-05-19,,,
1968-05-20,6.29,,
1968-05-21,6.36,,
1968-05-22,6.34,,
1968-05-23,6.23,,
1968-05-24,6.17,,
1968-05-25,,,
1968-05-26,,,
1968-05-27,6.06,,
1968-05-28,6.08,,
1968-05-29,6.1,,
1968-05-30,,,
1968-05-31,5.94,,
1968-06-01,,,
1968-06-02,,,
1968-06-03,5.85,,
1968-06-04,5.84,,
1968-06-05,5.88,,
1968-06-06,5.91,,
1968-06-07,5.91,,
1968-06-08,,,
1968-06-09,,,
1968-06-10,5.9,,
1968-06-11,5.91,,
1968-06-12,5.9,,
1968-06-13,5.84,,
1968-06-14,5.8,,
1968-06-15,,,
1968-06-16,,,
1968-06-17,5.78,,
1968-06-18,5.78,,
1968-06-19,5.74,,
1968-06-20,5.66,,
1968-06-21,5.66,,
1968-06-22,,,
1968-06-23,,,
1968-06-24,5.72,,
1968-06-25,5.81,,
1968-06-26,5.82,,
1968-06-27,5.81,,
1968-06-28,5.78,,
1968-06-29,,,
1968-06-30,,,
1968-07-01,5.75,,
1968-07-02,5.68,,
1968-07-03,5.65,,
1968-07-04,,,
1968-07-05,5.63,,
1968-07-06,,,
1968-07-07,,,
1968-07-08,5.56,,
1968-07-09,5.53,,
1968-07-10,5.58,,
1968-07-11,5.59,,
1968-07-12,5.59,,
1968-07-13,,,
1968-07-14,,,
1968-07-15,5.64,,
1968-07-16,5.64,,
1968-07-17,5.56,,
1968-07-18,5.52,,
1968-07-19,5.48,,
1968-07-20,,,
1968-07-21,,,
1968-07-22,5.4,,
1968-07-23,5.37,,
1968-07-24,5.42,,
1968-07-25,5.4,,
1968-07-26,5.44,,
1968-07-27,,,
1968-07-28,,,
1968-07-29,5.48,,
1968-07-30,5.5,,
1968-07-31,5.48,,
1968-08-01,5.39,,
1968-08-02,5.36,,
1968-08-03,,,
1968-08-04,,,
1968-08-05,5.41,,
1968-08-06,5.46,,
1968-08-07,5.38,,
1968-08-08,5.39,,
1968-08-09,5.42,,
1968-08-10,,,
1968-08-11,,,
1968-08-12,5.47,,
1968-08-13,5.47,,
1968-08-14,5.44,,
1968-08-15,5.44,,
1968-08-16,5.4,,
1968-08-17,,,
1968-08-18,,,
1968-08-19,5.42,,
1968-08-20,5.42,,
1968-08-21,5.44,,
1968-08-22,5.47,,
1968-08-23,5.43,,
1968-08-24,,,
1968-08-25,,,
1968-08-26,5.41,,
1968-08-27,5.41,,
1968-08-28,5.4,,
1968-08-29,5.38,,
1968-08-30,5.36,,
1968-08-31,,,
1968-09-01,,,
1968-09-02,,,
1968-09-03,5.33,,
1968-09-04,5.33,,
1968-09-05,5.37,,
1968-09-06,5.4,,
1968-09-07,,,
1968-09-08,,,
1968-09-09,5.43,,
1968-09-10,5.47,,
1968-09-11,5.46,,
1968-09-12,5.45,,
1968-09-13,5.41,,
1968-09-14,,,
1968-09-15,,,
1968-09-16,5.39,,
1968-09-17,5.39,,
1968-09-18,5.35,,
1968-09-19,5.35,,
1968-09-20,5.38,,
1968-09-21,,,
1968-09-22,,,
1968-09-23,5.39,,
1968-09-24,5.37,,
1968-09-25,5.38,,
1968-09-26,5.4,,
1968-09-27,5.4,,
1968-09-28,,,
1968-09-29,,,
1968-09-30,5.43,,
1968-10-01,5.44,,
1968-10-02,5.44,,
1968-10-03,5.44,,
1968-10-04,5.45,,
1968-10-05,,,
1968-10-06,,,
1968-10-07,5.51,,
1968-10-08,5.53,,
1968-10-09,5.54,,
1968-10-10,5.52,,
1968-10-11,5.5,,
1968-10-12,,,
1968-10-13,,,
1968-10-14,5.54,,
1968-10-15,5.57,,
1968-10-16,5.53,,
1968-10-17,5.49,,
1968-10-18,5.49,,
1968-10-19,,,
1968-10-20,,,
1968-10-21,5.51,,
1968-10-22,5.53,,
1968-10-23,5.52,,
1968-10-24,5.58,,
1968-10-25,5.54,,
1968-10-26,,,
1968-10-27,,,
1968-10-28,5.56,,
1968-10-29,5.58,,
1968-10-30,5.57,,
1968-10-31,5.55,,
1968-11-01,5.52,,
1968-11-02,,,
1968-11-03,,,
1968-11-04,5.55,,
1968-11-05,,,
1968-11-06,5.54,,
1968-11-07,5.55,,
1968-11-08,5.58,,
1968-11-09,,,
1968-11-10,,,
1968-11-11,,,
1968-11-12,5.61,,
1968-11-13,5.57,,
1968-11-14,5.54,,
1968-11-15,5.56,,
1968-11-16,,,
1968-11-17,,,
1968-11-18,5.58,,
1968-11-19,5.6,,
1968-11-20,5.57,,
1968-11-21,5.56,,
1968-11-22,5.57,,
1968-11-23,,,
1968-11-24,,,
1968-11-25,5.57,,
1968-11-26,5.58,,
1968-11-27,5.6,,
1968-11-28,,,
1968-11-29,5.62,,
1968-11-30,,,
1968-12-01,,,
1968-12-02,5.74,,
1968-12-03,5.89,,
1968-12-04,5.96,,
1968-12-05,5.94,,
1968-12-06,5.93,,
1968-12-07,,,
1968-12-08,,,
1968-12-09,5.97,,
1968-12-10,6.02,,
1968-12-11,6.03,,
1968-12-12,6.06,,
1968-12-13,6.04,,
1968-12-14,,,
1968-12-15,,,
1968-12-16,6.09,,
1968-12-17,6.11,,
1968-12-18,6.22,,
1968-12-19,6.32,,
1968-12-20,6.42,,
1968-12-21,,,
1968-12-22,,,
1968-12-23,6.52,,
1968-12-24,6.51,,
1968-12-25,,,
1968-12-26,6.33,,
1968-12-27,6.38,,
1968-12-28,,,
1968-12-29,,,
1968-12-30,6.41,,
1968-12-31,6.37,,
1969-01-01,,,
1969-01-02,6.32,,
1969-01-03,6.3,,
1969-01-04,,,
1969-01-05,,,
1969-01-06,6.34,,
1969-01-07,6.44,,
1969-01-08,6.4,,
1969-01-09,6.34,,
1969-01-10,6.31,,
1969-01-11,,,
1969-01-12,,,
1969-01-13,6.29,,
1969-01-14,6.26,,
1969-01-15,6.2,,
1969-01-16,6.06,,
1969-01-17,6.06,,
1969-01-18,,,
1969-01-19,,,
1969-01-20,6.02,,
1969-01-21,6.09,,
1969-01-22,6.14,,
1969-01-23,6.13,,
1969-01-24,6.13,,
1969-01-25,,,
1969-01-26,,,
1969-01-27,6.15,,
1969-01-28,6.17,,
1969-01-29,6.2,,
1969-01-30,6.23,,
1969-01-31,6.26,,
1969-02-01,,,
1969-02-02,,,
1969-02-03,6.27,,
1969-02-04,6.23,,
1969-02-05,6.25,,
1969-02-06,6.29,,
1969-02-07,6.26,,
1969-02-08,,,
1969-02-09,,,
1969-02-10,6.25,,
1969-02-11,6.23,,
1969-02-12,,,
1969-02-13,6.21,,
1969-02-14,6.24,,
1969-02-15,,,
1969-02-16,,,
1969-02-17,6.28,,
1969-02-18,6.31,,
1969-02-19,6.37,,
1969-02-20,6.39,,
1969-02-21,6.38,,
1969-02-22,,,
1969-02-23,,,
1969-02-24,6.38,,
1969-02-25,6.38,,
1969-02-26,6.41,,
1969-02-27,6.49,,
1969-02-28,6.5,,
1969-03-01,,,
1969-03-02,,,
1969-03-03,6.51,,
1969-03-04,6.46,,
1969-03-05,6.48,,
1969-03-06,6.5,,
1969-03-07,6.5,,
1969-03-08,,,
1969-03-09,,,
1969-03-10,6.47,,
1969-03-11,6.44,,
1969-03-12,6.38,,
1969-03-13,6.37,,
1969-03-14,6.33,,
1969-03-15,,,
1969-03-16,,,
1969-03-17,6.4,,
1969-03-18,6.37,,
1969-03-19,6.35,,
1969-03-20,6.34,,
1969-03-21,6.33,,
1969-03-22,,,
1969-03-23,,,
1969-03-24,6.26,,
1969-03-25,6.31,,
1969-03-26,6.3,,
1969-03-27,6.29,,
1969-03-28,6.28,,
1969-03-29,,,
1969-03-30,,,
1969-03-31,,,
1969-04-01,6.23,,
1969-04-02,6.27,,
1969-04-03,6.29,,
1969-04-04,,,
1969-04-05,,,
1969-04-06,,,
1969-04-07,6.32,,
1969-04-08,6.29,,
1969-04-09,6.22,,
1969-04-10,6.25,,
1969-04-11,6.22,,
1969-04-12,,,
1969-04-13,,,
1969-04-14,6.14,,
1969-04-15,6.24,,
1969-04-16,6.22,,
1969-04-17,6.24,,
1969-04-18,6.27,,
1969-04-19,,,
1969-04-20,,,
1969-04-21,6.22,,
1969-04-22,6.2,,
1969-04-23,6.22,,
1969-04-24,6.25,,
1969-04-25,6.28,,
1969-04-26,,,
1969-04-27,,,
1969-04-28,6.31,,
1969-04-29,6.34,,
1969-04-30,6.32,,
1969-05-01,6.39,,
1969-05-02,6.38,,
1969-05-03,,,
1969-05-04,,,
1969-05-05,6.37,,
1969-05-06,6.38,,
1969-05-07,6.4,,
1969-05-08,6.39,,
1969-05-09,6.42,,
1969-05-10,,,
1969-05-11,,,
1969-05-12,6.47,,
1969-05-13,6.44,,
1969-05-14,6.42,,
1969-05-15,6.46,,
1969-05-16,6.53,,
1969-05-17,,,
1969-05-18,,,
1969-05-19,6.61,,
1969-05-20,6.59,,
1969-05-21,6.54,,
1969-05-22,6.56,,
1969-05-23,6.6,,
1969-05-24,,,
1969-05-25,,,
1969-05-26,6.63,,
1969-05-27,6.68,,
1969-05-28,6.69,,
1969-05-29,6.7,,
1969-05-30,,,
1969-05-31,,,
1969-06-01,,,
1969-06-02,6.72,,
1969-06-03,6.71,,
1969-06-04,6.74,,
1969-06-05,6.74,,
1969-06-06,6.73,,
1969-06-07,,,
1969-06-08,,,
1969-06-09,6.83,,
1969-06-10,6.76,,
1969-06-11,6.77,,
1969-06-12,6.72,,
1969-06-13,6.7,,
1969-06-14,,,
1969-06-15,,,
1969-06-16,6.68,,
1969-06-17,6.72,,
1969-06-18,6.74,,
1969-06-19,6.82,,
1969-06-20,6.87,,
1969-06-21,,,
1969-06-22,,,
1969-06-23,6.92,,
1969-06-24,6.98,,
1969-06-25,7.01,,
1969-06-26,6.96,,
1969-06-27,7.08,,
1969-06-28,,,
1969-06-29,,,
1969-06-30,7.21,,
1969-07-01,7.27,,
1969-07-02,7.32,,
1969-07-03,7.3,,
1969-07-04,,,
1969-07-05,,,
1969-07-06,,,
1969-07-07,7.32,,
1969-07-08,7.34,,
1969-07-09,7.38,,
1969-07-10,7.33,,
1969-07-11,7.14,,
1969-07-12,,,
1969-07-13,,,
1969-07-14,7.24,,
1969-07-15,7.28,,
1969-07-16,7.22,,
1969-07-17,7.25,,
1969-07-18,7.25,,
1969-07-19,,,
1969-07-20,,,
1969-07-21,,,
1969-07-22,7.35,,
1969-07-23,7.36,,
1969-07-24,7.36,,
1969-07-25,7.36,,
1969-07-26,,,
1969-07-27,,,
1969-07-28,7.38,,
1969-07-29,7.37,,
1969-07-30,7.38,,
1969-07-31,7.3,,
1969-08-01,7.31,,
1969-08-02,,,
1969-08-03,,,
1969-08-04,7.24,,
1969-08-05,7.19,,
1969-08-06,7.22,,
1969-08-07,7.23,,
1969-08-08,7.26,,
1969-08-09,,,
1969-08-10,,,
1969-08-11,7.33,,
1969-08-12,7.37,,
1969-08-13,7.37,,
1969-08-14,7.33,,
1969-08-15,7.3,,
1969-08-16,,,
1969-08-17,,,
1969-08-18,7.24,,
1969-08-19,7.21,,
1969-08-20,7.21,,
1969-08-21,7.24,,
1969-08-22,7.28,,
1969-08-23,,,
1969-08-24,,,
1969-08-25,7.3,,
1969-08-26,7.35,,
1969-08-27,7.38,,
1969-08-28,7.4,,
1969-08-29,7.37,,
1969-08-30,,,
1969-08-31,,,
1969-09-01,,,
1969-09-02,7.41,,
1969-09-03,7.48,,
1969-09-04,7.52,,
1969-09-05,7.6,,
1969-09-06,,,
1969-09-07,,,
1969-09-08,7.68,,
1969-09-09,7.65,,
1969-09-10,7.62,,
1969-09-11,7.69,,
1969-09-12,7.74,,
1969-09-13,,,
1969-09-14,,,
1969-09-15,7.76,,
1969-09-16,7.78,,
1969-09-17,7.77,,
1969-09-18,7.89,,
1969-09-19,7.87,,
1969-09-20,,,
1969-09-21,,,
1969-09-22,7.87,,
1969-09-23,7.84,,
1969-09-24,7.86,,
1969-09-25,7.9,,
1969-09-26,8.01,,
1969-09-27,,,
1969-09-28,,,
1969-09-29,8.05,,
1969-09-30,8.13,,
1969-10-01,8.14,,
1969-10-02,8.05,,
1969-10-03,7.97,,
1969-10-04,,,
1969-10-05,,,
1969-10-06,7.94,,
1969-10-07,7.87,,
1969-10-08,7.83,,
1969-10-09,7.86,,
1969-10-10,7.7,,
1969-10-11,,,
1969-10-12,,,
1969-10-13,,,
1969-10-14,7.53,,
1969-10-15,7.57,,
1969-10-16,7.48,,
1969-10-17,7.37,,
1969-10-18,,,
1969-10-19,,,
1969-10-20,7.2,,
1969-10-21,7.14,,
1969-10-22,7.24,,
1969-10-23,7.34,,
1969-10-24,7.33,,
1969-10-25,,,
1969-10-26,,,
1969-10-27,7.35,,
1969-10-28,7.4,,
1969-10-29,7.42,,
1969-10-30,7.4,,
1969-10-31,7.41,,
1969-11-01,,,
1969-11-02,,,
1969-11-03,7.39,,
1969-11-04,,,
1969-11-05,7.48,,
1969-11-06,7.54,,
1969-11-07,7.52,,
1969-11-08,,,
1969-11-09,,,
1969-11-10,7.53,,
1969-11-11,,,
1969-11-12,7.6,,
1969-11-13,7.67,,
1969-11-14,7.63,,
1969-11-15,,,
1969-11-16,,,
1969-11-17,7.71,,
1969-11-18,7.76,,
1969-11-19,7.76,,
1969-11-20,7.85,,
1969-11-21,7.82,,
1969-11-22,,,
1969-11-23,,,
1969-11-24,7.74,,
1969-11-25,7.69,,
1969-11-26,7.73,,
1969-11-27,,,
1969-11-28,7.67,,
1969-11-29,,,
1969-11-30,,,
1969-12-01,7.6,,
1969-12-02,7.7,,
1969-12-03,7.82,,
1969-12-04,7.82,,
1969-12-05,7.83,,
1969-12-06,,,
1969-12-07,,,
1969-12-08,7.88,,
1969-12-09,8.02,,
1969-12-10,8.13,,
1969-12-11,8.14,,
1969-12-12,8.1,,
1969-12-13,,,
1969-12-14,,,
1969-12-15,8.09,,
1969-12-16,8.19,,
1969-12-17,8.22,,
1969-12-18,8.24,,
1969-12-19,8.16,,
1969-12-20,,,
1969-12-21,,,
1969-12-22,8.15,,
1969-12-23,8.22,,
1969-12-24,8.27,,
1969-12-25,,,
1969-12-26,8.3,,
1969-12-27,,,
1969-12-28,,,
1969-12-29,8.51,,
1969-12-30,8.43,,
1969-12-31,8.41,,
1970-01-01,,,
1970-01-02,8.35,,
1970-01-03,,,
1970-01-04,,,
1970-01-05,8.34,,
1970-01-06,8.38,,
1970-01-07,8.42,,
1970-01-08,8.35,,
1970-01-09,8.24,,
1970-01-10,,,
1970-01-11,,,
1970-01-12,8.21,,
1970-01-13,8.18,,
1970-01-14,8.23,,
1970-01-15,8.23,,
1970-01-16,8.1,,
1970-01-17,,,
1970-01-18,,,
1970-01-19,8.05,,
1970-01-20,8.14,,
1970-01-21,8.12,,
1970-01-22,8.14,,
1970-01-23,8.19,,
1970-01-24,,,
1970-01-25,,,
1970-01-26,8.23,,
1970-01-27,8.24,,
1970-01-28,8.26,,
1970-01-29,8.32,,
1970-01-30,8.27,,
1970-01-31,,,
1970-02-01,,,
1970-02-02,8.1,,
1970-02-03,8.04,,
1970-02-04,8.07,,
1970-02-05,8.06,,
1970-02-06,7.98,,
1970-02-07,,,
1970-02-08,,,
1970-02-09,7.9,,
1970-02-10,7.95,,
1970-02-11,7.94,,
1970-02-12,,,
1970-02-13,7.76,,
1970-02-14,,,
1970-02-15,,,
1970-02-16,7.77,,
1970-02-17,7.7,,
1970-02-18,7.67,,
1970-02-19,7.65,,
1970-02-20,7.7,,
1970-02-21,,,
1970-02-22,,,
1970-02-23,,,
1970-02-24,7.7,,
1970-02-25,7.52,,
1970-02-26,7.36,,
1970-02-27,7.27,,
1970-02-28,,,
1970-03-01,,,
1970-03-02,7.33,,
1970-03-03,7.33,,
1970-03-04,7.26,,
1970-03-05,7.16,,
1970-03-06,7.08,,
1970-03-07,,,
1970-03-08,,,
1970-03-09,7.09,,
1970-03-10,7.07,,
1970-03-11,7.16,,
1970-03-12,7.22,,
1970-03-13,7.3,,
1970-03-14,,,
1970-03-15,,,
1970-03-16,7.27,,
1970-03-17,7.41,,
1970-03-18,7.32,,
1970-03-19,7.02,,
1970-03-20,7.12,,
1970-03-21,,,
1970-03-22,,,
1970-03-23,7.06,,
1970-03-24,6.95,,
1970-03-25,6.87,,
1970-03-26,6.97,,
1970-03-27,,,
1970-03-28,,,
1970-03-29,,,
1970-03-30,7.11,,
1970-03-31,7.13,,
1970-04-01,7.03,,
1970-04-02,7.09,,
1970-04-03,7.14,,
1970-04-04,,,
1970-04-05,,,
1970-04-06,7.21,,
1970-04-07,7.17,,
1970-04-08,7.13,,
1970-04-09,7.12,,
1970-04-10,7.13,,
1970-04-11,,,
1970-04-12,,,
1970-04-13,7.21,,
1970-04-14,7.23,,
1970-04-15,7.31,,
1970-04-16,7.42,,
1970-04-17,7.44,,
1970-04-18,,,
1970-04-19,,,
1970-04-20,7.46,,
1970-04-21,7.51,,
1970-04-22,7.57,,
1970-04-23,7.58,,
1970-04-24,7.71,,
1970-04-25,,,
1970-04-26,,,
1970-04-27,7.74,,
1970-04-28,7.75,,
1970-04-29,7.74,,
1970-04-30,7.89,,
1970-05-01,7.91,,
1970-05-02,,,
1970-05-03,,,
1970-05-04,7.98,,
1970-05-05,7.96,,
1970-05-06,7.92,,
1970-05-07,7.85,,
1970-05-08,7.82,,
1970-05-09,,,
1970-05-10,,,
1970-05-11,7.94,,
1970-05-12,7.94,,
1970-05-13,7.94,,
1970-05-14,7.96,,
1970-05-15,7.92,,
1970-05-16,,,
1970-05-17,,,
1970-05-18,7.91,,
1970-05-19,7.89,,
1970-05-20,7.93,,
1970-05-21,7.95,,
1970-05-22,8.0,,
1970-05-23,,,
1970-05-24,,,
1970-05-25,8.11,,
1970-05-26,8.09,,
1970-05-27,7.93,,
1970-05-28,7.88,,
1970-05-29,7.84,,
1970-05-30,,,
1970-05-31,,,
1970-06-01,7.7,,
1970-06-02,7.71,,
1970-06-03,7.7,,
1970-06-04,7.73,,
1970-06-05,7.86,,
1970-06-06,,,
1970-06-07,,,
1970-06-08,7.81,,
1970-06-09,7.8,,
1970-06-10,7.79,,
1970-06-11,7.84,,
1970-06-12,7.94,,
1970-06-13,,,
1970-06-14,,,
1970-06-15,7.94,,
1970-06-16,7.87,,
1970-06-17,7.93,,
1970-06-18,7.94,,
1970-06-19,7.94,,
1970-06-20,,,
1970-06-21,,,
1970-06-22,7.9,,
1970-06-23,7.85,,
1970-06-24,7.86,,
1970-06-25,7.83,,
1970-06-26,7.84,,
1970-06-27,,,
1970-06-28,,,
1970-06-29,7.82,,
1970-06-30,7.77,,
1970-07-01,7.69,,
1970-07-02,7.58,,
1970-07-03,,,
1970-07-04,,,
1970-07-05,,,
1970-07-06,7.58,,
1970-07-07,7.56,,
1970-07-08,7.59,,
1970-07-09,7.6,,
1970-07-10,7.6,,
1970-07-11,,,
1970-07-12,,,
1970-07-13,7.59,,
1970-07-14,7.57,,
1970-07-15,7.53,,
1970-07-16,7.49,,
1970-07-17,7.54,,
1970-07-18,,,
1970-07-19,,,
1970-07-20,7.6,,
1970-07-21,7.58,,
1970-07-22,7.55,,
1970-07-23,7.45,,
1970-07-24,7.49,,
1970-07-25,,,
1970-07-26,,,
1970-07-27,7.53,,
1970-07-28,7.56,,
1970-07-29,7.55,,
1970-07-30,7.55,,
1970-07-31,7.51,,
1970-08-01,,,
1970-08-02,,,
1970-08-03,7.52,,
1970-08-04,7.54,,
1970-08-05,7.55,,
1970-08-06,7.54,,
1970-08-07,7.55,,
1970-08-08,,,
1970-08-09,,,
1970-08-10,7.59,,
1970-08-11,7.58,,
1970-08-12,7.56,,
1970-08-13,7.54,,
1970-08-14,7.56,,
1970-08-15,,,
1970-08-16,,,
1970-08-17,7.56,,
1970-08-18,7.52,,
1970-08-19,7.46,,
1970-08-20,7.44,,
1970-08-21,7.39,,
1970-08-22,,,
1970-08-23,,,
1970-08-24,7.27,,
1970-08-25,7.27,,
1970-08-26,7.28,,
1970-08-27,7.33,,
1970-08-28,7.34,,
1970-08-29,,,
1970-08-30,,,
1970-08-31,7.36,,
1970-09-01,7.36,,
1970-09-02,7.34,,
1970-09-03,7.33,,
1970-09-04,7.26,,
1970-09-05,,,
1970-09-06,,,
1970-09-07,,,
1970-09-08,7.29,,
1970-09-09,7.32,,
1970-09-10,7.29,,
1970-09-11,7.25,,
1970-09-12,,,
1970-09-13,,,
1970-09-14,7.22,,
1970-09-15,7.2,,
1970-09-16,7.12,,
1970-09-17,7.01,,
1970-09-18,7.01,,
1970-09-19,,,
1970-09-20,,,
1970-09-21,6.96,,
1970-09-22,6.92,,
1970-09-23,6.81,,
1970-09-24,6.88,,
1970-09-25,6.91,,
1970-09-26,,,
1970-09-27,,,
1970-09-28,6.99,,
1970-09-29,6.97,,
1970-09-30,6.97,,
1970-10-01,6.97,,
1970-10-02,6.96,,
1970-10-03,,,
1970-10-04,,,
1970-10-05,6.98,,
1970-10-06,6.93,,
1970-10-07,6.91,,
1970-10-08,6.95,,
1970-10-09,6.92,,
1970-10-10,,,
1970-10-11,,,
1970-10-12,,,
1970-10-13,6.91,,
1970-10-14,6.92,,
1970-10-15,6.95,,
1970-10-16,6.96,,
1970-10-17,,,
1970-10-18,,,
1970-10-19,7.04,,
1970-10-20,7.02,,
1970-10-21,7.02,,
1970-10-22,7.04,,
1970-10-23,7.02,,
1970-10-24,,,
1970-10-25,,,
1970-10-26,7.01,,
1970-10-27,6.95,,
1970-10-28,6.92,,
1970-10-29,6.85,,
1970-10-30,6.85,,
1970-10-31,,,
1970-11-01,,,
1970-11-02,6.77,,
1970-11-03,,,
1970-11-04,6.77,,
1970-11-05,6.67,,
1970-11-06,6.64,,
1970-11-07,,,
1970-11-08,,,
1970-11-09,6.55,,
1970-11-10,6.61,,
1970-11-11,,,
1970-11-12,6.61,,
1970-11-13,6.5,,
1970-11-14,,,
1970-11-15,,,
1970-11-16,6.41,,
1970-11-17,6.31,,
1970-11-18,6.16,,
1970-11-19,6.0,,
1970-11-20,5.8,,
1970-11-21,,,
1970-11-22,,,
1970-11-23,5.68,,
1970-11-24,5.8,,
1970-11-25,5.73,,
1970-11-26,,,
1970-11-27,5.72,,
1970-11-28,,,
1970-11-29,,,
1970-11-30,5.72,,
1970-12-01,5.72,,
1970-12-02,5.7,,
1970-12-03,5.61,,
1970-12-04,5.6,,
1970-12-05,,,
1970-12-06,,,
1970-12-07,5.63,,
1970-12-08,5.67,,
1970-12-09,5.72,,
1970-12-10,5.73,,
1970-12-11,5.7,,
1970-12-12,,,
1970-12-13,,,
1970-12-14,5.69,,
1970-12-15,5.74,,
1970-12-16,5.73,,
1970-12-17,5.72,,
1970-12-18,5.76,,
1970-12-19,,,
1970-12-20,,,
1970-12-21,5.85,,
1970-12-22,5.89,,
1970-12-23,5.89,,
1970-12-24,5.8,,
1970-12-25,,,
1970-12-26,,,
1970-12-27,,,
1970-12-28,5.8,,
1970-12-29,5.85,,
1970-12-30,5.83,,
1970-12-31,5.84,,
1971-01-01,,,
1971-01-02,,,
1971-01-03,,,
1971-01-04,5.86,,0.5353
1971-01-05,5.93,,0.535
1971-01-06,5.95,,0.5352
1971-01-07,5.94,,0.5353
1971-01-08,5.92,,0.5354
1971-01-09,,,0.5354
1971-01-10,,,0.5354
1971-01-11,5.84,,0.5355
1971-01-12,5.79,,0.5356
1971-01-13,5.71,,0.5357
1971-01-14,5.59,,0.5359
1971-01-15,5.59,,0.536
1971-01-16,,,0.536
1971-01-17,,,0.536
1971-01-18,5.55,,0.5363
1971-01-19,5.54,,0.5363
1971-01-20,5.49,,0.5368
1971-01-21,5.33,,0.537
1971-01-22,5.32,,0.5371
1971-01-23,,,0.5371
1971-01-24,,,0.5371
1971-01-25,5.34,,0.5372
1971-01-26,5.36,,0.5372
1971-01-27,5.38,,0.5372
1971-01-28,5.34,,0.5371
1971-01-29,5.34,,0.5371
1971-01-30,,,0.5371
1971-01-31,,,0.5371
1971-02-01,5.35,,0.5369
1971-02-02,5.34,,0.5369
1971-02-03,5.34,,0.5371
1971-02-04,5.28,,0.5372
1971-02-05,5.25,,0.5371
1971-02-06,,,0.5371
1971-02-07,,,0.5371
1971-02-08,5.22,,0.5371
1971-02-09,5.14,,0.5372
1971-02-10,5.15,,0.537
1971-02-11,5.11,,0.5369
1971-02-12,,,0.5369
1971-02-13,,,0.5369
1971-02-14,,,0.5369
1971-02-15,,,0.5369
1971-02-16,5.08,,0.5372
1971-02-17,4.99,,0.5372
1971-02-18,4.88,,0.5371
1971-02-19,4.86,,0.5371
1971-02-20,,,0.5371
1971-02-21,,,0.5371
1971-02-22,4.87,,0.5372
1971-02-23,4.9,,0.5372
1971-02-24,4.86,,0.5372
1971-02-25,4.81,,0.5371
1971-02-26,4.84,,0.5363
1971-02-27,,,0.5363
1971-02-28,,,0.5363
1971-03-01,4.84,,0.5368
1971-03-02,4.81,,0.537
1971-03-03,4.78,,0.5373
1971-03-04,4.75,,0.5369
1971-03-05,4.71,,0.537
1971-03-06,,,0.537
1971-03-07,,,0.537
1971-03-08,4.64,,0.5372
1971-03-09,4.52,,0.5372
1971-03-10,4.48,,0.5371
1971-03-11,4.33,,0.5371
1971-03-12,4.42,,0.5368
1971-03-13,,,0.5368
1971-03-14,,,0.5368
1971-03-15,4.4,,0.5368
1971-03-16,4.37,,0.5367
1971-03-17,4.33,,0.5372
1971-03-18,4.28,,0.5371
1971-03-19,4.29,,0.5371
1971-03-20,,,0.5371
1971-03-21,,,0.5371
1971-03-22,4.27,,0.5371
1971-03-23,4.31,,0.5372
1971-03-24,4.38,,0.5372
1971-03-25,4.45,,0.537
1971-03-26,4.53,,0.5371
1971-03-27,,,0.5371
1971-03-28,,,0.5371
1971-03-29,4.58,,0.537
1971-03-30,4.56,,0.5372
1971-03-31,4.56,,0.5373
1971-04-01,4.62,,0.5373
1971-04-02,4.68,,0.5373
1971-04-03,,,0.5373
1971-04-04,,,0.5373
1971-04-05,4.75,,0.5371
1971-04-06,4.75,,0.5372
1971-04-07,4.78,,0.5369
1971-04-08,4.9,,0.537
1971-04-09,,,0.5369
1971-04-10,,,0.5369
1971-04-11,,,0.5369
1971-04-12,5.09,,0.5368
1971-04-13,5.08,,0.5365
1971-04-14,5.15,,0.5366
1971-04-15,5.2,,0.5367
1971-04-16,5.24,,0.5363
1971-04-17,,,0.5363
1971-04-18,,,0.5363
1971-04-19,5.28,,0.5354
1971-04-20,5.41,,0.5358
1971-04-21,5.49,,0.5363
1971-04-22,5.46,,0.5364
1971-04-23,5.47,,0.536
1971-04-24,,,0.536
1971-04-25,,,0.536
1971-04-26,5.52,,0.5361
1971-04-27,5.59,,0.5364
1971-04-28,5.59,,0.5371
1971-04-29,5.76,,0.5369
1971-04-30,5.76,,0.5369
1971-05-01,,,0.5369
1971-05-02,,,0.5369
1971-05-03,5.81,,0.5372
1971-05-04,5.85,,0.5373
1971-05-05,5.91,,0.5448
1971-05-06,5.92,,0.5445
1971-05-07,5.89,,0.5464
1971-05-08,,,0.5464
1971-05-09,,,0.5464
1971-05-10,5.82,,0.5511
1971-05-11,5.84,,0.5463
1971-05-12,5.92,,0.5477
1971-05-13,6.05,,0.5502
1971-05-14,6.09,,0.5498
1971-05-15,,,0.5498
1971-05-16,,,0.5498
1971-05-17,6.2,,0.5499
1971-05-18,6.28,,0.55
1971-05-19,6.14,,0.5523
1971-05-20,5.96,,0.5561
1971-05-21,6.05,,0.557
1971-05-22,,,0.557
1971-05-23,,,0.557
1971-05-24,6.04,,0.5559
1971-05-25,5.96,,0.5513
1971-05-26,5.84,,0.5499
1971-05-27,5.84,,0.5501
1971-05-28,5.91,,0.5496
1971-05-29,,,0.5496
1971-05-30,,,0.5496
1971-05-31,,,0.5496
1971-06-01,5.9,,0.5465
1971-06-02,5.76,,0.5494
1971-06-03,5.78,,0.5529
1971-06-04,5.87,,0.5532
1971-06-05,,,0.5532
1971-06-06,,,0.5532
1971-06-07,6.04,,0.5537
1971-06-08,6.1,,0.5544
1971-06-09,6.15,,0.5553
1971-06-10,6.2,,0.5556
1971-06-11,6.25,,0.556
1971-06-12,,,0.556
1971-06-13,,,0.556
1971-06-14,6.41,,0.556
1971-06-15,6.61,,0.5562
1971-06-16,6.55,,0.5565
1971-06-17,6.56,,0.5566
1971-06-18,6.49,,0.5565
1971-06-19,,,0.5565
1971-06-20,,,0.5565
1971-06-21,6.4,,0.5565
1971-06-22,6.46,,0.5569
1971-06-23,6.45,,0.558
1971-06-24,6.44,,0.5577
1971-06-25,6.52,,0.557
1971-06-26,,,0.557
1971-06-27,,,0.557
1971-06-28,6.63,,0.5569
1971-06-29,6.76,,0.5573
1971-06-30,6.77,,0.5577
1971-07-01,6.74,,0.5574
1971-07-02,6.73,,0.5571
1971-07-03,,,0.5571
1971-07-04,,,0.5571
1971-07-05,,,0.5571
1971-07-06,6.72,,0.557
1971-07-07,6.67,,0.5573
1971-07-08,6.67,,0.5572
1971-07-09,6.69,,0.5571
1971-07-10,,,0.5571
1971-07-11,,,0.5571
1971-07-12,6.58,,0.5571
1971-07-13,6.6,,0.5572
1971-07-14,6.61,,0.5589
1971-07-15,6.61,,0.5598
1971-07-16,6.68,,0.5614
1971-07-17,,,0.5614
1971-07-18,,,0.5614
1971-07-19,6.78,,0.5615
1971-07-20,6.75,,0.5612
1971-07-21,6.73,,0.5622
1971-07-22,6.81,,0.5628
1971-07-23,6.86,,0.5629
1971-07-24,,,0.5629
1971-07-25,,,0.5629
1971-07-26,6.88,,0.563
1971-07-27,6.89,,0.5636
1971-07-28,6.91,,0.5632
1971-07-29,6.88,,0.5637
1971-07-30,6.83,,0.5636
1971-07-31,,,0.5636
1971-08-01,,,0.5636
1971-08-02,6.8,,0.5635
1971-08-03,6.86,,0.5635
1971-08-04,6.85,,0.5651
1971-08-05,6.83,,0.5662
1971-08-06,6.83,,0.5658
1971-08-07,,,0.5658
1971-08-08,,,0.5658
1971-08-09,6.88,,0.572
1971-08-10,6.9,,0.5721
1971-08-11,6.87,,0.5728
1971-08-12,6.78,,0.576
1971-08-13,6.6,,0.5755
1971-08-14,,,0.5755
1971-08-15,,,0.5755
1971-08-16,6.14,,0.5739
1971-08-17,5.88,,0.5759
1971-08-18,5.94,,0.5727
1971-08-19,5.86,,0.5715
1971-08-20,5.96,,0.5688
1971-08-21,,,0.5688
1971-08-22,,,0.5688
1971-08-23,6.17,,0.5695
1971-08-24,6.01,,0.5735
1971-08-25,6.01,,0.5755
1971-08-26,5.95,,0.5744
1971-08-27,5.91,,0.5735
1971-08-28,,,0.5735
1971-08-29,,,0.5735
1971-08-30,5.87,,0.5736
1971-08-31,5.81,,0.5739
1971-09-01,5.86,,0.5742
1971-09-02,5.83,,0.5752
1971-09-03,5.8,,0.5756
1971-09-04,,,0.5756
1971-09-05,,,0.5756
1971-09-06,,,0.5756
1971-09-07,5.77,,0.5752
1971-09-08,5.84,,0.5749
1971-09-09,5.91,,0.5748
1971-09-10,5.94,,0.5761
1971-09-11,,,0.5761
1971-09-12,,,0.5761
1971-09-13,6.04,,0.5762
1971-09-14,5.98,,0.5786
1971-09-15,5.91,,0.5792
1971-09-16,5.88,,0.5791
1971-09-17,5.85,,0.5794
1971-09-18,,,0.5794
1971-09-19,,,0.5794
1971-09-20,5.92,,0.5846
1971-09-21,5.94,,0.5827
1971-09-22,5.97,,0.5846
1971-09-23,5.96,,0.589
1971-09-24,5.91,,0.5885
1971-09-25,,,0.5885
1971-09-26,,,0.5885
1971-09-27,5.88,,0.5885
1971-09-28,5.89,,0.5884
1971-09-29,5.86,,0.5886
1971-09-30,5.77,,0.5881
1971-10-01,5.75,,0.5874
1971-10-02,,,0.5874
1971-10-03,,,0.5874
1971-10-04,5.75,,0.5868
1971-10-05,5.78,,0.587
1971-10-06,5.74,,0.588
1971-10-07,5.76,,0.5883
1971-10-08,5.71,,0.5882
1971-10-09,,,0.5882
1971-10-10,,,0.5882
1971-10-11,,,0.5882
1971-10-12,5.61,,0.5866
1971-10-13,5.53,,0.586
1971-10-14,5.49,,0.5843
1971-10-15,5.52,,0.5847
1971-10-16,,,0.5847
1971-10-17,,,0.5847
1971-10-18,5.55,,0.5867
1971-10-19,5.54,,0.5872
1971-10-20,5.46,,0.5876
1971-10-21,5.46,,0.5868
1971-10-22,5.44,,0.585
1971-10-23,,,0.585
1971-10-24,,,0.585
1971-10-25,,,0.585
1971-10-26,5.43,,0.5854
1971-10-27,5.42,,0.5851
1971-10-28,5.39,,0.5847
1971-10-29,5.3,,0.5842
1971-10-30,,,0.5842
1971-10-31,,,0.5842
1971-11-01,5.28,,0.5848
1971-11-02,,,0.5848
1971-11-03,5.25,,0.5844
1971-11-04,5.3,,0.5841
1971-11-05,5.29,,0.584
1971-11-06,,,0.584
1971-11-07,,,0.584
1971-11-08,5.34,,0.5833
1971-11-09,5.34,,0.5829
1971-11-10,5.4,,0.5824
1971-11-11,5.36,,0.583
1971-11-12,5.29,,0.5839
1971-11-13,,,0.5839
1971-11-14,,,0.5839
1971-11-15,5.28,,0.584
1971-11-16,5.29,,0.5841
1971-11-17,5.28,,0.5843
1971-11-18,5.28,,0.5834
1971-11-19,5.34,,0.5847
1971-11-20,,,0.5847
1971-11-21,,,0.5847
1971-11-22,5.37,,0.5859
1971-11-23,5.49,,0.5868
1971-11-24,5.53,,0.5891
1971-11-25,,,0.5891
1971-11-26,5.49,,0.5894
1971-11-27,,,0.5894
1971-11-28,,,0.5894
1971-11-29,5.47,,0.5892
1971-11-30,5.39,,0.589
1971-12-01,5.36,,0.5903
1971-12-02,5.33,,0.5929
1971-12-03,5.28,,0.5965
1971-12-04,,,0.5965
1971-12-05,,,0.5965
1971-12-06,5.29,,0.6001
1971-12-07,5.31,,0.5968
1971-12-08,5.29,,0.5974
1971-12-09,5.34,,0.5962
1971-12-10,5.32,,0.5952
1971-12-11,,,0.5952
1971-12-12,,,0.5952
1971-12-13,5.28,,0.5954
1971-12-14,5.31,,0.5989
1971-12-15,5.34,,0.5996
1971-12-16,5.31,,0.5988
1971-12-17,5.26,,0.5985
1971-12-18,,,0.5985
1971-12-19,,,0.5985
1971-12-20,5.3,,0.5986
1971-12-21,5.32,,0.5986
1971-12-22,5.32,,0.5984
1971-12-23,5.24,,0.5974
1971-12-24,,,0.5969
1971-12-25,,,0.5969
1971-12-26,,,0.5969
1971-12-27,5.16,,0.5953
1971-12-28,5.12,,0.5946
1971-12-29,5.17,,0.5946
1971-12-30,5.17,,0.5966
1971-12-31,5.15,,0.5966
1972-01-01,,,0.5966
1972-01-02,,,0.5966
1972-01-03,5.21,,0.5962
1972-01-04,5.19,,0.5958
1972-01-05,5.18,,0.5961
1972-01-06,5.15,,0.5974
1972-01-07,5.12,,0.5975
1972-01-08,,,0.5975
1972-01-09,,,0.5975
1972-01-10,5.06,,0.5998
1972-01-11,5.06,,0.6002
1972-01-12,5.03,,0.6038
1972-01-13,4.96,,0.6066
1972-01-14,4.95,,0.6071
1972-01-15,,,0.6071
1972-01-16,,,0.6071
1972-01-17,5.0,,0.608
1972-01-18,5.04,,0.6058
1972-01-19,5.15,,0.6068
1972-01-20,5.15,,0.6058
1972-01-21,5.18,,0.6059
1972-01-22,,,0.6059
1972-01-23,,,0.6059
1972-01-24,5.25,,0.6075
1972-01-25,5.22,,0.6081
1972-01-26,5.2,,0.6072
1972-01-27,5.24,,0.6074
1972-01-28,5.29,,0.6073
1972-01-29,,,0.6073
1972-01-30,,,0.6073
1972-01-31,5.32,,0.6076
1972-02-01,5.38,,0.6089
1972-02-02,5.29,,0.6123
1972-02-03,5.34,,0.6108
1972-02-04,5.29,,0.6088
1972-02-05,,,0.6088
1972-02-06,,,0.6088
1972-02-07,5.3,,0.6096
1972-02-08,5.32,,0.6098
1972-02-09,5.29,,0.6112
1972-02-10,5.26,,0.6115
1972-02-11,5.25,,0.6115
1972-02-12,,,0.6115
1972-02-13,,,0.6115
1972-02-14,5.23,,0.612
1972-02-15,5.23,,0.6121
1972-02-16,5.15,,0.6178
1972-02-17,5.15,,0.6145
1972-02-18,5.18,,0.6149
1972-02-19,,,0.6149
1972-02-20,,,0.6149
1972-02-21,,,0.6149
1972-02-22,5.17,,0.614
1972-02-23,5.23,,0.6146
1972-02-24,5.23,,0.6133
1972-02-25,5.22,,0.6106
1972-02-26,,,0.6106
1972-02-27,,,0.6106
1972-02-28,5.25,,0.6116
1972-02-29,5.27,,0.6129
1972-03-01,5.25,,0.6131
1972-03-02,5.22,,0.6127
1972-03-03,5.22,,0.6127
1972-03-04,,,0.6127
1972-03-05,,,0.6127
1972-03-06,5.24,,0.6143
1972-03-07,5.27,,0.6155
1972-03-08,5.29,,0.6171
1972-03-09,5.33,,0.618
1972-03-10,5.45,,0.6176
1972-03-11,,,0.6176
1972-03-12,,,0.6176
1972-03-13,5.59,,0.6172
1972-03-14,5.63,,0.6163
1972-03-15,5.76,,0.6166
1972-03-16,5.7,,0.6159
1972-03-17,5.78,,0.5949
1972-03-18,,,0.5949
1972-03-19,,,0.5949
1972-03-20,5.74,,0.6145
1972-03-21,5.65,,0.6155
1972-03-22,5.6,,0.615
1972-03-23,5.68,,0.6142
1972-03-24,5.72,,0.6129
1972-03-25,,,0.6129
1972-03-26,,,0.6129
1972-03-27,5.71,,0.6147
1972-03-28,5.76,,0.615
1972-03-29,5.83,,0.6151
1972-03-30,5.86,,0.6154
1972-03-31,,,0.6156
1972-04-01,,,0.6156
1972-04-02,,,0.6156
1972-04-03,5.89,,0.6157
1972-04-04,6.01,,0.615
1972-04-05,5.96,,0.6149
1972-04-06,5.97,,0.6145
1972-04-07,5.96,,0.6148
1972-04-08,,,0.6148
1972-04-09,,,0.6148
1972-04-10,5.88,,0.6147
1972-04-11,5.95,,0.6147
1972-04-12,6.0,,0.6151
1972-04-13,6.0,,0.614
1972-04-14,5.93,,0.6136
1972-04-15,,,0.6136
1972-04-16,,,0.6136
1972-04-17,5.89,,0.6135
1972-04-18,5.89,,0.6105
1972-04-19,5.9,,0.6104
1972-04-20,5.88,,0.6124
1972-04-21,5.88,,0.612
1972-04-22,,,0.612
1972-04-23,,,0.612
1972-04-24,5.85,,0.6138
1972-04-25,5.8,,0.6139
1972-04-26,5.78,,0.6134
1972-04-27,5.56,,0.6136
1972-04-28,5.58,,0.6132
1972-04-29,,,0.6132
1972-04-30,,,0.6132
1972-05-01,5.55,,0.6135
1972-05-02,5.58,,0.6128
1972-05-03,5.61,,0.6132
1972-05-04,5.63,,0.6135
1972-05-05,5.62,,0.6132
1972-05-06,,,0.6132
1972-05-07,,,0.6132
1972-05-08,5.63,,0.6132
1972-05-09,5.67,,0.6143
1972-05-10,5.62,,0.6144
1972-05-11,5.59,,0.614
1972-05-12,5.53,,0.6135
1972-05-13,,,0.6135
1972-05-14,,,0.6135
1972-05-15,5.53,,0.6127
1972-05-16,5.56,,0.612
1972-05-17,5.59,,0.6133
1972-05-18,5.57,,0.6133
1972-05-19,5.54,,0.613
1972-05-20,,,0.613
1972-05-21,,,0.613
1972-05-22,5.49,,0.6132
1972-05-23,5.48,,0.6134
1972-05-24,5.48,,0.6136
1972-05-25,5.43,,0.6132
1972-05-26,5.43,,0.6135
1972-05-27,,,0.6135
1972-05-28,,,0.6135
1972-05-29,,,0.6135
1972-05-30,5.42,,0.614
1972-05-31,5.46,,0.6141
1972-06-01,5.5,,0.6141
1972-06-02,5.53,,0.6141
1972-06-03,,,0.6141
1972-06-04,,,0.6141
1972-06-05,5.55,,0.6138
1972-06-06,5.59,,0.6136
1972-06-07,5.54,,0.6139
1972-06-08,5.54,,0.6143
1972-06-09,5.54,,0.6146
1972-06-10,,,0.6146
1972-06-11,,,0.6146
1972-06-12,5.56,,0.6157
1972-06-13,5.58,,0.6164
1972-06-14,5.58,,0.6161
1972-06-15,5.61,,0.6166
1972-06-16,5.63,,0.6155
1972-06-17,,,0.6155
1972-06-18,,,0.6155
1972-06-19,5.62,,0.615
1972-06-20,5.65,,0.6139
1972-06-21,5.69,,0.6135
1972-06-22,5.74,,0.6111
1972-06-23,5.76,,0.6202
1972-06-24,,,0.6202
1972-06-25,,,0.6202
1972-06-26,5.8,,0.6192
1972-06-27,5.75,,0.6157
1972-06-28,5.74,,0.6172
1972-06-29,5.79,,0.6174
1972-06-30,5.8,,0.619
1972-07-01,,,0.619
1972-07-02,,,0.619
1972-07-03,5.8,,0.619
1972-07-04,,,0.619
1972-07-05,5.78,,0.6186
1972-07-06,5.75,,0.6182
1972-07-07,5.79,,0.6187
1972-07-08,,,0.6187
1972-07-09,,,0.6187
1972-07-10,5.81,,0.6182
1972-07-11,5.8,,0.6181
1972-07-12,5.8,,0.6189
1972-07-13,5.78,,0.619
1972-07-14,5.76,,0.6191
1972-07-15,,,0.6191
1972-07-16,,,0.6191
1972-07-17,5.78,,0.619
1972-07-18,5.78,,0.6179
1972-07-19,5.76,,0.6154
1972-07-20,5.78,,0.6161
1972-07-21,5.79,,0.6151
1972-07-22,,,0.6151
1972-07-23,,,0.6151
1972-07-24,5.78,,0.6148
1972-07-25,5.77,,0.6146
1972-07-26,5.74,,0.615
1972-07-27,5.8,,0.6144
1972-07-28,5.76,,0.6141
1972-07-29,,,0.6141
1972-07-30,,,0.6141
1972-07-31,5.75,,0.6143
1972-08-01,5.75,,0.614
1972-08-02,5.69,,0.6127
1972-08-03,5.71,,0.6135
1972-08-04,5.74,,0.6135
1972-08-05,,,0.6135
1972-08-06,,,0.6135
1972-08-07,5.75,,0.6137
1972-08-08,5.74,,0.6133
1972-08-09,5.72,,0.6129
1972-08-10,5.72,,0.6124
1972-08-11,5.72,,0.6124
1972-08-12,,,0.6124
1972-08-13,,,0.6124
1972-08-14,5.73,,0.6128
1972-08-15,5.74,,0.6121
1972-08-16,5.74,,0.6112
1972-08-17,5.75,,0.6104
1972-08-18,5.76,,0.6104
1972-08-19,,,0.6104
1972-08-20,,,0.6104
1972-08-21,5.76,,0.6097
1972-08-22,5.77,,0.6113
1972-08-23,5.81,,0.6118
1972-08-24,5.81,,0.6119
1972-08-25,5.9,,0.6106
1972-08-26,,,0.6106
1972-08-27,,,0.6106
1972-08-28,5.95,,0.6112
1972-08-29,5.96,,0.6112
1972-08-30,6.0,,0.6118
1972-08-31,6.0,,0.6111
1972-09-01,5.97,,0.6114
1972-09-02,,,0.6114
1972-09-03,,,0.6114
1972-09-04,,,0.6114
1972-09-05,6.06,,0.6113
1972-09-06,6.07,,0.6116
1972-09-07,6.07,,0.6124
1972-09-08,6.11,,0.6121
1972-09-09,,,0.6121
1972-09-10,,,0.6121
1972-09-11,6.07,,0.6116
1972-09-12,6.07,,0.6114
1972-09-13,6.09,,0.6116
1972-09-14,6.11,,0.6112
1972-09-15,6.07,,0.6107
1972-09-16,,,0.6107
1972-09-17,,,0.6107
1972-09-18,6.02,,0.6099
1972-09-19,6.01,,0.6102
1972-09-20,6.03,,0.6107
1972-09-21,6.05,,0.6106
1972-09-22,6.1,,0.6107
1972-09-23,,,0.6107
1972-09-24,,,0.6107
1972-09-25,6.09,,0.6103
1972-09-26,6.05,,0.6098
1972-09-27,6.05,,0.6099
1972-09-28,6.04,,0.6089
1972-09-29,6.04,,0.6089
1972-09-30,,,0.6089
1972-10-01,,,0.6089
1972-10-02,6.02,,0.6072
1972-10-03,6.06,,0.6068
1972-10-04,6.02,,0.6084
1972-10-05,6.04,,0.61
1972-10-06,6.02,,0.6101
1972-10-07,,,0.6101
1972-10-08,,,0.6101
1972-10-09,,,0.6101
1972-10-10,5.99,,0.6092
1972-10-11,6.02,,0.6079
1972-10-12,6.06,,0.6076
1972-10-13,6.07,,0.6073
1972-10-14,,,0.6073
1972-10-15,,,0.6073
1972-10-16,6.07,,0.6076
1972-10-17,6.07,,0.6076
1972-10-18,6.09,,0.6084
1972-10-19,6.1,,0.6085
1972-10-20,6.08,,0.6081
1972-10-21,,,0.6081
1972-10-22,,,0.6081
1972-10-23,,,0.6081
1972-10-24,6.04,,0.6067
1972-10-25,6.04,,0.6085
1972-10-26,6.04,,0.6081
1972-10-27,6.05,,0.6081
1972-10-28,,,0.6081
1972-10-29,,,0.6081
1972-10-30,6.07,,0.6087
1972-10-31,6.05,,0.6084
1972-11-01,6.04,,0.609
1972-11-02,5.96,,0.6094
1972-11-03,5.94,,0.6095
1972-11-04,,,0.6095
1972-11-05,,,0.6095
1972-11-06,5.93,,0.6087
1972-11-07,,,0.6087
1972-11-08,5.97,,0.608
1972-11-09,5.96,,0.6084
1972-11-10,5.94,,0.6079
1972-11-11,,,0.6079
1972-11-12,,,0.6079
1972-11-13,5.92,,0.6077
1972-11-14,5.92,,0.6077
1972-11-15,5.88,,0.6081
1972-11-16,5.89,,0.6078
1972-11-17,5.93,,0.6077
1972-11-18,,,0.6077
1972-11-19,,,0.6077
1972-11-20,5.92,,0.6084
1972-11-21,5.94,,0.6086
1972-11-22,5.93,,0.6089
1972-11-23,,,0.6089
1972-11-24,5.94,,0.6088
1972-11-25,,,0.6088
1972-11-26,,,0.6088
1972-11-27,5.99,,0.6101
1972-11-28,5.97,,0.6096
1972-11-29,5.95,,0.6102
1972-11-30,5.96,,0.6107
1972-12-01,5.94,,0.6115
1972-12-02,,,0.6115
1972-12-03,,,0.6115
1972-12-04,5.96,,0.6105
1972-12-05,5.97,,0.6108
1972-12-06,5.96,,0.6099
1972-12-07,5.96,,0.6101
1972-12-08,5.97,,0.6101
1972-12-09,,,0.6101
1972-12-10,,,0.6101
1972-12-11,5.98,,0.61
1972-12-12,5.96,,0.6096
1972-12-13,5.97,,0.6098
1972-12-14,5.96,,0.6098
1972-12-15,5.97,,0.6092
1972-12-16,,,0.6092
1972-12-17,,,0.6092
1972-12-18,6.03,,0.6088
1972-12-19,6.03,,0.6086
1972-12-20,6.04,,0.609
1972-12-21,6.03,,0.6098
1972-12-22,6.06,,0.6094
1972-12-23,,,0.6094
1972-12-24,,,0.6094
1972-12-25,,,0.6094
1972-12-26,6.05,,0.6094
1972-12-27,6.09,,0.6088
1972-12-28,6.11,,0.609
1972-12-29,6.14,,0.6091
1972-12-30,,,0.6091
1972-12-31,,,0.6091
1973-01-01,,,0.6091
1973-01-02,6.16,,0.6085
1973-01-03,6.16,,0.6086
1973-01-04,6.11,,0.6086
1973-01-05,6.15,,0.6085
1973-01-06,,,0.6085
1973-01-07,,,0.6085
1973-01-08,6.18,,0.6079
1973-01-09,6.17,,0.6081
1973-01-10,6.18,,0.6092
1973-01-11,6.2,,0.6086
1973-01-12,6.24,,0.6083
1973-01-13,,,0.6083
1973-01-14,,,0.6083
1973-01-15,6.23,,0.6075
1973-01-16,6.24,,0.6074
1973-01-17,6.23,,0.6075
1973-01-18,6.24,,0.6071
1973-01-19,6.29,,0.6068
1973-01-20,,,0.6068
1973-01-21,,,0.6068
1973-01-22,6.32,,0.6108
1973-01-23,6.3,,0.6102
1973-01-24,6.35,,0.6127
1973-01-25,6.36,,0.6123
1973-01-26,6.42,,0.6127
1973-01-27,,,0.6127
1973-01-28,,,0.6127
1973-01-29,6.44,,0.6163
1973-01-30,6.44,,0.6181
1973-01-31,6.44,,0.6182
1973-02-01,6.54,,0.6191
1973-02-02,6.56,,0.617
1973-02-03,,,0.617
1973-02-04,,,0.617
1973-02-05,6.54,,0.6185
1973-02-06,6.54,,0.6184
1973-02-07,6.53,,0.6191
1973-02-08,6.53,,0.6193
1973-02-09,6.48,,0.6192
1973-02-10,,,0.6192
1973-02-11,,,0.6192
1973-02-12,,,0.6192
1973-02-13,6.49,,0.6588
1973-02-14,6.49,,0.6835
1973-02-15,6.48,,0.6604
1973-02-16,6.51,,0.6585
1973-02-17,,,0.6585
1973-02-18,,,0.6585
1973-02-19,,,0.6585
1973-02-20,6.63,,0.6573
1973-02-21,6.68,,0.6582
1973-02-22,6.66,,0.668
1973-02-23,6.64,,0.6771
1973-02-24,,,0.6771
1973-02-25,,,0.6771
1973-02-26,6.73,,0.6765
1973-02-27,6.73,,0.6825
1973-02-28,6.74,,0.6882
1973-03-01,6.73,,0.6913
1973-03-02,6.78,,0.704
1973-03-03,,,0.704
1973-03-04,,,0.704
1973-03-05,6.81,,0.6937
1973-03-06,6.84,,0.695
1973-03-07,6.82,,0.6992
1973-03-08,6.83,,0.7034
1973-03-09,6.84,,0.702
1973-03-10,,,0.702
1973-03-11,,,0.702
1973-03-12,6.86,,0.6976
1973-03-13,6.85,,0.6927
1973-03-14,6.86,,0.6923
1973-03-15,6.92,,0.6964
1973-03-16,7.02,,0.6884
1973-03-17,,,0.6884
1973-03-18,,,0.6884
1973-03-19,7.02,,0.6898
1973-03-20,6.96,,0.6903
1973-03-21,6.91,,0.6896
1973-03-22,6.92,,0.6898
1973-03-23,6.91,,0.6901
1973-03-24,,,0.6901
1973-03-25,,,0.6901
1973-03-26,6.82,,0.6909
1973-03-27,6.81,,0.6904
1973-03-28,6.77,,0.6898
1973-03-29,6.75,,0.6886
1973-03-30,6.89,,0.6861
1973-03-31,,,0.6861
1973-04-01,,,0.6861
1973-04-02,6.89,,0.6833
1973-04-03,6.87,,0.682
1973-04-04,6.81,,0.6896
1973-04-05,6.78,,0.6886
1973-04-06,6.69,,0.6869
1973-04-07,,,0.6869
1973-04-08,,,0.6869
1973-04-09,6.63,,0.6863
1973-04-10,6.66,,0.6863
1973-04-11,6.74,,0.6891
1973-04-12,6.76,,0.689
1973-04-13,6.7,,0.6886
1973-04-14,,,0.6886
1973-04-15,,,0.6886
1973-04-16,6.7,,0.6826
1973-04-17,6.8,,0.6908
1973-04-18,6.76,,0.6902
1973-04-19,6.82,,0.6892
1973-04-20,,,0.6894
1973-04-21,,,0.6894
1973-04-22,,,0.6894
1973-04-23,6.88,,0.6892
1973-04-24,6.86,,0.6877
1973-04-25,6.83,,0.6881
1973-04-26,6.75,,0.6861
1973-04-27,6.78,,0.687
1973-04-28,,,0.687
1973-04-29,,,0.687
1973-04-30,6.81,,0.6871
1973-05-01,6.84,,0.6872
1973-05-02,6.82,,0.6872
1973-05-03,6.84,,0.6864
1973-05-04,6.87,,0.6853
1973-05-05,,,0.6853
1973-05-06,,,0.6853
1973-05-07,6.87,,0.6836
1973-05-08,6.81,,0.6861
1973-05-09,6.78,,0.687
1973-05-10,6.77,,0.6869
1973-05-11,6.8,,0.6879
1973-05-12,,,0.6879
1973-05-13,,,0.6879
1973-05-14,6.81,,0.696
1973-05-15,6.77,,0.7028
1973-05-16,6.77,,0.7001
1973-05-17,6.82,,0.699
1973-05-18,6.86,,0.7038
1973-05-19,,,0.7038
1973-05-20,,,0.7038
1973-05-21,6.88,,0.711
1973-05-22,6.88,,0.7103
1973-05-23,6.88,,0.7093
1973-05-24,6.84,,0.7079
1973-05-25,6.83,,0.706
1973-05-26,,,0.706
1973-05-27,,,0.706
1973-05-28,,,0.706
1973-05-29,6.85,,0.7116
1973-05-30,6.84,,0.7186
1973-05-31,6.85,,0.7231
1973-06-01,6.87,,0.728
1973-06-02,,,0.728
1973-06-03,,,0.728
1973-06-04,6.89,,0.7479
1973-06-05,6.84,,0.7489
1973-06-06,6.71,,0.7397
1973-06-07,6.77,,0.737
1973-06-08,6.76,,0.7434
1973-06-09,,,0.7434
1973-06-10,,,0.7434
1973-06-11,6.79,,0.7415
1973-06-12,6.77,,0.7473
1973-06-13,6.75,,0.7424
1973-06-14,6.76,,0.7479
1973-06-15,6.77,,0.7557
1973-06-16,,,0.7557
1973-06-17,,,0.7557
1973-06-18,6.78,,0.7613
1973-06-19,6.8,,0.7592
1973-06-20,6.8,,0.7594
1973-06-21,6.8,,0.7625
1973-06-22,6.85,,0.7643
1973-06-23,,,0.7643
1973-06-24,,,0.7643
1973-06-25,6.9,,0.7635
1973-06-26,6.93,,0.7683
1973-06-27,6.95,,0.7747
1973-06-28,7.01,,0.7888
1973-06-29,7.07,,0.8025
1973-06-30,,,0.8025
1973-07-01,,,0.8025
1973-07-02,7.19,,0.813
1973-07-03,7.2,,0.8195
1973-07-04,,,0.8195
1973-07-05,7.2,,0.837
1973-07-06,7.24,,0.862
1973-07-07,,,0.862
1973-07-08,,,0.862
1973-07-09,7.35,,0.8366
1973-07-10,7.31,,0.8152
1973-07-11,7.28,,0.8103
1973-07-12,7.31,,0.8164
1973-07-13,7.37,,0.8191
1973-07-14,,,0.8191
1973-07-15,,,0.8191
1973-07-16,7.39,,0.8261
1973-07-17,7.43,,0.8391
1973-07-18,7.48,,0.8472
1973-07-19,7.63,,0.8353
1973-07-20,7.71,,0.8445
1973-07-21,,,0.8445
1973-07-22,,,0.8445
1973-07-23,7.71,,0.8458
1973-07-24,7.77,,0.8464
1973-07-25,7.79,,0.8489
1973-07-26,7.91,,0.852
1973-07-27,7.98,,0.8477
1973-07-28,,,0.8477
1973-07-29,,,0.8477
1973-07-30,7.98,,0.8354
1973-07-31,8.02,,0.8396
1973-08-01,8.11,,0.8341
1973-08-02,8.1,,0.8333
1973-08-03,8.15,,0.8296
1973-08-04,,,0.8296
1973-08-05,,,0.8296
1973-08-06,8.23,,0.8167
1973-08-07,8.34,,0.8241
1973-08-08,8.29,,0.823
1973-08-09,8.28,,0.8173
1973-08-10,8.26,,0.8109
1973-08-11,,,0.8109
1973-08-12,,,0.8109
1973-08-13,8.18,,0.8095
1973-08-14,8.12,,0.7972
1973-08-15,8.05,,0.7908
1973-08-16,7.79,,0.7861
1973-08-17,7.67,,0.7876
1973-08-18,,,0.7876
1973-08-19,,,0.7876
1973-08-20,7.85,,0.8068
1973-08-21,7.81,,0.7908
1973-08-22,7.8,,0.7888
1973-08-23,7.64,,0.7865
1973-08-24,7.46,,0.7924
1973-08-25,,,0.7924
1973-08-26,,,0.7924
1973-08-27,7.51,,0.7894
1973-08-28,7.53,,0.7895
1973-08-29,7.44,,0.7988
1973-08-30,7.46,,0.7927
1973-08-31,7.46,,0.7923
1973-09-01,,,0.7923
1973-09-02,,,0.7923
1973-09-03,,,0.7923
1973-09-04,7.45,,0.7945
1973-09-05,7.36,,0.8015
1973-09-06,7.39,,0.7992
1973-09-07,7.34,,0.8061
1973-09-08,,,0.8061
1973-09-09,,,0.8061
1973-09-10,7.46,,0.8022
1973-09-11,7.54,,0.7984
1973-09-12,7.55,,0.7998
1973-09-13,7.53,,0.7974
1973-09-14,7.48,,0.799
1973-09-15,,,0.799
1973-09-16,,,0.799
1973-09-17,7.33,,0.8085
1973-09-18,7.23,,0.8078
1973-09-19,7.24,,0.8074
1973-09-20,7.18,,0.8164
1973-09-21,7.06,,0.8053
1973-09-22,,,0.8053
1973-09-23,,,0.8053
1973-09-24,6.96,,0.8076
1973-09-25,6.95,,0.8086
1973-09-26,6.96,,0.8088
1973-09-27,6.93,,0.8074
1973-09-28,6.79,,0.8076
1973-09-29,,,0.8076
1973-09-30,,,0.8076
1973-10-01,6.83,,0.808
1973-10-02,6.97,,0.8068
1973-10-03,6.94,,0.807
1973-10-04,6.96,,0.8062
1973-10-05,6.8,,0.807
1973-10-06,,,0.807
1973-10-07,,,0.807
1973-10-08,,,0.807
1973-10-09,6.74,,0.8081
1973-10-10,6.8,,0.8114
1973-10-11,6.79,,0.8138
1973-10-12,6.73,,0.8115
1973-10-13,,,0.8115
1973-10-14,,,0.8115
1973-10-15,6.77,,0.8097
1973-10-16,6.81,,0.8109
1973-10-17,6.79,,0.8144
1973-10-18,6.76,,0.8138
1973-10-19,6.74,,0.8083
1973-10-20,,,0.8083
1973-10-21,,,0.8083
1973-10-22,,,0.8083
1973-10-23,6.78,,0.813
1973-10-24,6.78,,0.8113
1973-10-25,6.78,,0.8104
1973-10-26,6.79,,0.8033
1973-10-27,,,0.8033
1973-10-28,,,0.8033
1973-10-29,6.79,,0.7976
1973-10-30,6.78,,0.7966
1973-10-31,6.82,,0.7971
1973-11-01,6.89,,0.7953
1973-11-02,6.91,,0.7973
1973-11-03,,,0.7973
1973-11-04,,,0.7973
1973-11-05,7.12,,0.7869
1973-11-06,,,0.7869
1973-11-07,7.15,,0.7649
1973-11-08,7.08,,0.7625
1973-11-09,7.09,,0.7583
1973-11-10,,,0.7583
1973-11-11,,,0.7583
1973-11-12,7.16,,0.7434
1973-11-13,7.26,,0.7458
1973-11-14,7.25,,0.7553
1973-11-15,7.16,,0.7514
1973-11-16,7.11,,0.7547
1973-11-17,,,0.7547
1973-11-18,,,0.7547
1973-11-19,7.02,,0.7551
1973-11-20,6.98,,0.7534
1973-11-21,6.89,,0.7527
1973-11-22,,,0.7527
1973-11-23,6.9,,0.7313
1973-11-24,,,0.7313
1973-11-25,,,0.7313
1973-11-26,6.77,,0.7374
1973-11-27,6.83,,0.7465
1973-11-28,6.85,,0.7418
1973-11-29,6.83,,0.7421
1973-11-30,6.79,,0.7434
1973-12-01,,,0.7434
1973-12-02,,,0.7434
1973-12-03,6.84,,0.7423
1973-12-04,6.87,,0.738
1973-12-05,6.96,,0.7393
1973-12-06,6.96,,0.7426
1973-12-07,6.94,,0.7399
1973-12-08,,,0.7399
1973-12-09,,,0.7399
1973-12-10,6.78,,0.7364
1973-12-11,6.8,,0.737
1973-12-12,6.75,,0.7401
1973-12-13,6.78,,0.7383
1973-12-14,6.74,,0.7364
1973-12-15,,,0.7364
1973-12-16,,,0.7364
1973-12-17,6.7,,0.7349
1973-12-18,6.74,,0.7332
1973-12-19,6.74,,0.7331
1973-12-20,6.73,,0.7315
1973-12-21,6.75,,0.7301
1973-12-22,,,0.7301
1973-12-23,,,0.7301
1973-12-24,,,0.7293
1973-12-25,,,0.7293
1973-12-26,6.86,,0.7284
1973-12-27,6.82,,0.7233
1973-12-28,6.81,,0.7218
1973-12-29,,,0.7218
1973-12-30,,,0.7218
1973-12-31,6.83,,0.721
1974-01-01,,,0.721
1974-01-02,6.88,,0.7071
1974-01-03,6.86,,0.7036
1974-01-04,6.84,,0.7017
1974-01-05,,,0.7017
1974-01-06,,,0.7017
1974-01-07,6.88,,0.6762
1974-01-08,6.88,,0.6787
1974-01-09,6.87,,0.6952
1974-01-10,6.92,,0.7048
1974-01-11,6.98,,0.7031
1974-01-12,,,0.7031
1974-01-13,,,0.7031
1974-01-14,7.0,,0.6935
1974-01-15,6.96,,0.6873
1974-01-16,6.96,,0.6948
1974-01-17,6.93,,0.6892
1974-01-18,6.96,,0.6923
1974-01-19,,,0.6923
1974-01-20,,,0.6923
1974-01-21,7.01,,0.6867
1974-01-22,7.08,,0.6863
1974-01-23,7.11,,0.68
1974-01-24,7.1,,0.6879
1974-01-25,7.09,,0.6867
1974-01-26,,,0.6867
1974-01-27,,,0.6867
1974-01-28,7.02,,0.6886
1974-01-29,7.03,,0.6929
1974-01-30,6.97,,0.6982
1974-01-31,6.88,,0.7089
1974-02-01,6.8,,0.7042
1974-02-02,,,0.7042
1974-02-03,,,0.7042
1974-02-04,6.72,,0.7107
1974-02-05,6.71,,0.7068
1974-02-06,6.67,,0.7073
1974-02-07,6.76,,0.7076
1974-02-08,6.73,,0.7079
1974-02-09,,,0.7079
1974-02-10,,,0.7079
1974-02-11,6.72,,0.7128
1974-02-12,,,0.7128
1974-02-13,6.69,,0.713
1974-02-14,6.67,,0.714
1974-02-15,6.69,,0.7156
1974-02-16,,,0.7156
1974-02-17,,,0.7156
1974-02-18,,,0.7156
1974-02-19,6.73,,0.7235
1974-02-20,6.74,,0.7286
1974-02-21,6.75,,0.7306
1974-02-22,6.76,,0.7336
1974-02-23,,,0.7336
1974-02-24,,,0.7336
1974-02-25,6.78,,0.728
1974-02-26,6.9,,0.7325
1974-02-27,6.93,,0.7281
1974-02-28,6.94,,0.7292
1974-03-01,7.06,,0.7268
1974-03-02,,,0.7268
1974-03-03,,,0.7268
1974-03-04,7.1,,0.7279
1974-03-05,7.08,,0.7331
1974-03-06,7.02,,0.7309
1974-03-07,7.01,,0.7312
1974-03-08,7.09,,0.7345
1974-03-09,,,0.7345
1974-03-10,,,0.7345
1974-03-11,7.12,,0.737
1974-03-12,7.12,,0.7368
1974-03-13,7.16,,0.7362
1974-03-14,7.13,,0.7329
1974-03-15,7.2,,0.7358
1974-03-16,,,0.7358
1974-03-17,,,0.7358
1974-03-18,7.34,,0.7375
1974-03-19,7.35,,0.7393
1974-03-20,7.45,,0.7497
1974-03-21,7.66,,0.7634
1974-03-22,7.76,,0.7557
1974-03-23,,,0.7557
1974-03-24,,,0.7557
1974-03-25,7.75,,0.7689
1974-03-26,7.68,,0.7668
1974-03-27,7.65,,0.7602
1974-03-28,7.83,,0.7746
1974-03-29,7.81,,0.77
1974-03-30,,,0.77
1974-03-31,,,0.77
1974-04-01,7.84,,0.7665
1974-04-02,7.9,,0.7693
1974-04-03,7.95,,0.7662
1974-04-04,8.12,,0.7633
1974-04-05,8.16,,0.7686
1974-04-06,,,0.7686
1974-04-07,,,0.7686
1974-04-08,8.1,,0.7662
1974-04-09,8.09,,0.7581
1974-04-10,8.01,,0.7563
1974-04-11,7.97,,0.765
1974-04-12,,,0.7646
1974-04-13,,,0.7646
1974-04-14,,,0.7646
1974-04-15,7.87,,0.7641
1974-04-16,8.0,,0.7624
1974-04-17,8.01,,0.7683
1974-04-18,8.07,,0.771
1974-04-19,8.01,,0.7711
1974-04-20,,,0.7711
1974-04-21,,,0.7711
1974-04-22,8.04,,0.7747
1974-04-23,8.04,,0.7826
1974-04-24,8.01,,0.7869
1974-04-25,8.12,,0.7833
1974-04-26,8.18,,0.789
1974-04-27,,,0.789
1974-04-28,,,0.789
1974-04-29,8.27,,0.7959
1974-04-30,8.31,,0.7943
1974-05-01,8.27,,0.7937
1974-05-02,8.32,,0.7927
1974-05-03,8.48,,0.7914
1974-05-04,,,0.7914
1974-05-05,,,0.7914
1974-05-06,8.58,,0.8004
1974-05-07,8.64,,0.7952
1974-05-08,8.55,,0.8054
1974-05-09,8.61,,0.8046
1974-05-10,8.36,,0.8066
1974-05-11,,,0.8066
1974-05-12,,,0.8066
1974-05-13,8.22,,0.8139
1974-05-14,8.29,,0.8114
1974-05-15,8.22,,0.7931
1974-05-16,8.26,,0.7976
1974-05-17,8.33,,0.7992
1974-05-18,,,0.7992
1974-05-19,,,0.7992
1974-05-20,8.29,,0.7849
1974-05-21,8.18,,0.7888
1974-05-22,8.09,,0.7918
1974-05-23,7.95,,0.7924
1974-05-24,7.93,,0.7871
1974-05-25,,,0.7871
1974-05-26,,,0.7871
1974-05-27,,,0.7871
1974-05-28,8.08,,0.7787
1974-05-29,8.09,,0.7641
1974-05-30,8.01,,0.7678
1974-05-31,8.12,,0.773
1974-06-01,,,0.773
1974-06-02,,,0.773
1974-06-03,8.21,,0.776
1974-06-04,8.12,,0.7754
1974-06-05,8.13,,0.7816
1974-06-06,8.05,,0.7873
1974-06-07,7.99,,0.7839
1974-06-08,,,0.7839
1974-06-09,,,0.7839
1974-06-10,7.98,,0.7795
1974-06-11,8.04,,0.7775
1974-06-12,8.12,,0.7701
1974-06-13,8.22,,0.7739
1974-06-14,8.14,,0.7747
1974-06-15,,,0.7747
1974-06-16,,,0.7747
1974-06-17,8.06,,0.7752
1974-06-18,8.12,,0.7725
1974-06-19,8.08,,0.7707
1974-06-20,8.11,,0.7698
1974-06-21,8.13,,0.766
1974-06-22,,,0.766
1974-06-23,,,0.766
1974-06-24,8.24,,0.7565
1974-06-25,8.28,,0.7639
1974-06-26,8.23,,0.7625
1974-06-27,8.35,,0.7641
1974-06-28,8.34,,0.7655
1974-06-29,,,0.7655
1974-06-30,,,0.7655
1974-07-01,8.42,,0.7612
1974-07-02,8.38,,0.7665
1974-07-03,8.47,,0.768
1974-07-04,,,0.768
1974-07-05,8.56,,0.7651
1974-07-06,,,0.7651
1974-07-07,,,0.7651
1974-07-08,8.74,,0.7645
1974-07-09,8.74,,0.7637
1974-07-10,8.67,,0.7623
1974-07-11,8.66,,0.7609
1974-07-12,8.48,,0.7631
1974-07-13,,,0.7631
1974-07-14,,,0.7631
1974-07-15,8.42,,0.7653
1974-07-16,8.43,,0.7645
1974-07-17,8.37,,0.7659
1974-07-18,8.38,,0.7659
1974-07-19,8.26,,0.7645
1974-07-20,,,0.7645
1974-07-21,,,0.7645
1974-07-22,8.15,,0.7655
1974-07-23,8.12,,0.767
1974-07-24,8.0,,0.7777
1974-07-25,7.99,,0.7645
1974-07-26,8.29,,0.7612
1974-07-27,,,0.7612
1974-07-28,,,0.7612
1974-07-29,8.38,,0.7586
1974-07-30,8.62,,0.7538
1974-07-31,8.57,,0.7578
1974-08-01,8.66,,0.7575
1974-08-02,8.73,,0.7578
1974-08-03,,,0.7578
1974-08-04,,,0.7578
1974-08-05,8.6,,0.759
1974-08-06,8.49,,0.7587
1974-08-07,8.58,,0.7545
1974-08-08,8.59,,0.7508
1974-08-09,8.62,,0.7533
1974-08-10,,,0.7533
1974-08-11,,,0.7533
1974-08-12,8.57,,0.7499
1974-08-13,8.6,,0.745
1974-08-14,8.56,,0.7477
1974-08-15,8.53,,0.7452
1974-08-16,8.54,,0.7419
1974-08-17,,,0.7419
1974-08-18,,,0.7419
1974-08-19,8.54,,0.7378
1974-08-20,8.59,,0.74
1974-08-21,8.7,,0.7395
1974-08-22,8.82,,0.7372
1974-08-23,8.93,,0.739
1974-08-24,,,0.739
1974-08-25,,,0.739
1974-08-26,8.87,,0.7409
1974-08-27,8.79,,0.7332
1974-08-28,8.78,,0.7344
1974-08-29,8.73,,0.7325
1974-08-30,8.67,,0.7325
1974-08-31,,,0.7325
1974-09-01,,,0.7325
1974-09-02,,,0.7325
1974-09-03,8.69,,0.7325
1974-09-04,8.7,,0.7327
1974-09-05,8.63,,0.7292
1974-09-06,8.59,,0.73
1974-09-07,,,0.73
1974-09-08,,,0.73
1974-09-09,8.47,,0.7304
1974-09-10,8.5,,0.7341
1974-09-11,8.48,,0.7312
1974-09-12,8.61,,0.7315
1974-09-13,8.56,,0.7315
1974-09-14,,,0.7315
1974-09-15,,,0.7315
1974-09-16,8.44,,0.7319
1974-09-17,8.45,,0.7362
1974-09-18,8.39,,0.7364
1974-09-19,8.36,,0.7335
1974-09-20,8.28,,0.7327
1974-09-21,,,0.7327
1974-09-22,,,0.7327
1974-09-23,8.21,,0.7355
1974-09-24,8.24,,0.7345
1974-09-25,8.23,,0.7331
1974-09-26,8.18,,0.7328
1974-09-27,8.06,,0.7338
1974-09-28,,,0.7338
1974-09-29,,,0.7338
1974-09-30,8.07,,0.7346
1974-10-01,8.15,,0.7371
1974-10-02,8.23,,0.7366
1974-10-03,8.23,,0.7399
1974-10-04,8.09,,0.7453
1974-10-05,,,0.7453
1974-10-06,,,0.7453
1974-10-07,7.93,,0.7472
1974-10-08,7.93,,0.7473
1974-10-09,8.03,,0.761
1974-10-10,8.05,,0.7547
1974-10-11,8.0,,0.7498
1974-10-12,,,0.7498
1974-10-13,,,0.7498
1974-10-14,,,0.7498
1974-10-15,7.98,,0.7536
1974-10-16,8.01,,0.7564
1974-10-17,8.02,,0.7564
1974-10-18,7.91,,0.7561
1974-10-19,,,0.7561
1974-10-20,,,0.7561
1974-10-21,7.87,,0.7528
1974-10-22,7.88,,0.7541
1974-10-23,7.9,,0.7582
1974-10-24,7.92,,0.7576
1974-10-25,7.96,,0.7579
1974-10-26,,,0.7579
1974-10-27,,,0.7579
1974-10-28,8.03,,0.7569
1974-10-29,7.96,,0.7572
1974-10-30,7.97,,0.7561
1974-10-31,7.96,,0.7563
1974-11-01,7.98,,0.7596
1974-11-02,,,0.7596
1974-11-03,,,0.7596
1974-11-04,7.92,,0.763
1974-11-05,,,0.763
1974-11-06,7.83,,0.7643
1974-11-07,7.76,,0.7686
1974-11-08,7.73,,0.7645
1974-11-09,,,0.7645
1974-11-10,,,0.7645
1974-11-11,,,0.7645
1974-11-12,7.7,,0.7598
1974-11-13,7.69,,0.7625
1974-11-14,7.6,,0.7742
1974-11-15,7.49,,0.7775
1974-11-16,,,0.7775
1974-11-17,,,0.7775
1974-11-18,7.53,,0.7999
1974-11-19,7.52,,0.7852
1974-11-20,7.46,,0.7789
1974-11-21,7.48,,0.7715
1974-11-22,7.44,,0.7859
1974-11-23,,,0.7859
1974-11-24,,,0.7859
1974-11-25,7.43,,0.7934
1974-11-26,7.48,,0.7947
1974-11-27,7.5,,0.7916
1974-11-28,,,0.7916
1974-11-29,7.49,,0.7887
1974-11-30,,,0.7887
1974-12-01,,,0.7887
1974-12-02,7.5,,0.7805
1974-12-03,7.5,,0.7801
1974-12-04,7.46,,0.787
1974-12-05,7.36,,0.7899
1974-12-06,7.34,,0.786
1974-12-07,,,0.786
1974-12-08,,,0.786
1974-12-09,7.13,,0.7896
1974-12-10,7.34,,0.7889
1974-12-11,7.11,,0.7906
1974-12-12,7.12,,0.7937
1974-12-13,7.09,,0.7933
1974-12-14,,,0.7933
1974-12-15,,,0.7933
1974-12-16,7.09,,0.7987
1974-12-17,7.08,,0.8054
1974-12-18,7.06,,0.8023
1974-12-19,7.04,,0.7966
1974-12-20,7.08,,0.8012
1974-12-21,,,0.8012
1974-12-22,,,0.8012
1974-12-23,7.24,,0.7986
1974-12-24,7.25,,0.8021
1974-12-25,,,0.8021
1974-12-26,7.22,,0.8027
1974-12-27,7.27,,0.8066
1974-12-28,,,0.8066
1974-12-29,,,0.8066
1974-12-30,7.32,,0.813
1974-12-31,7.34,,0.8094
1975-01-01,,,0.8094
1975-01-02,7.34,,0.8066
1975-01-03,7.33,,0.8153
1975-01-04,,,0.8153
1975-01-05,,,0.8153
1975-01-06,7.29,,0.8212
1975-01-07,7.26,,0.8212
1975-01-08,7.23,,0.8142
1975-01-09,7.18,,0.8193
1975-01-10,7.23,,0.8199
1975-01-11,,,0.8199
1975-01-12,,,0.8199
1975-01-13,7.3,,0.8171
1975-01-14,7.27,,0.8122
1975-01-15,7.33,,0.8163
1975-01-16,7.28,,0.8179
1975-01-17,7.25,,0.8183
1975-01-18,,,0.8183
1975-01-19,,,0.8183
1975-01-20,7.33,,0.8254
1975-01-21,7.27,,0.8267
1975-01-22,7.24,,0.8264
1975-01-23,7.25,,0.8368
1975-01-24,7.21,,0.8397
1975-01-25,,,0.8397
1975-01-26,,,0.8397
1975-01-27,7.19,,0.8474
1975-01-28,7.16,,0.8431
1975-01-29,7.07,,0.8322
1975-01-30,7.0,,0.8343
1975-01-31,6.98,,0.8335
1975-02-01,,,0.8335
1975-02-02,,,0.8335
1975-02-03,6.87,,0.8279
1975-02-04,6.92,,0.8191
1975-02-05,6.65,,0.8197
1975-02-06,6.67,,0.8249
1975-02-07,6.71,,0.8271
1975-02-08,,,0.8271
1975-02-09,,,0.8271
1975-02-10,6.83,,0.8319
1975-02-11,6.77,,0.8306
1975-02-12,,,0.8306
1975-02-13,6.73,,0.8391
1975-02-14,6.66,,0.8382
1975-02-15,,,0.8382
1975-02-16,,,0.8382
1975-02-17,,,0.8382
1975-02-18,6.54,,0.8411
1975-02-19,6.4,,0.8378
1975-02-20,6.45,,0.8454
1975-02-21,6.43,,0.8448
1975-02-22,,,0.8448
1975-02-23,,,0.8448
1975-02-24,6.52,,0.8501
1975-02-25,6.65,,0.8452
1975-02-26,6.61,,0.8526
1975-02-27,6.69,,0.8558
1975-02-28,6.64,,0.8563
1975-03-01,,,0.8563
1975-03-02,,,0.8563
1975-03-03,6.68,,0.8563
1975-03-04,6.7,,0.8491
1975-03-05,6.59,,0.8508
1975-03-06,6.61,,0.8472
1975-03-07,6.69,,0.8372
1975-03-08,,,0.8372
1975-03-09,,,0.8372
1975-03-10,6.72,,0.8393
1975-03-11,6.66,,0.8464
1975-03-12,6.64,,0.8375
1975-03-13,6.63,,0.8391
1975-03-14,6.69,,0.8415
1975-03-15,,,0.8415
1975-03-16,,,0.8415
1975-03-17,6.84,,0.8413
1975-03-18,6.82,,0.8447
1975-03-19,6.95,,0.8477
1975-03-20,6.87,,0.8438
1975-03-21,6.89,,0.8403
1975-03-22,,,0.8403
1975-03-23,,,0.8403
1975-03-24,7.0,,0.8366
1975-03-25,6.99,,0.8357
1975-03-26,7.04,,0.8331
1975-03-27,7.04,,0.8284
1975-03-28,,,0.8317
1975-03-29,,,0.8317
1975-03-30,,,0.8317
1975-03-31,7.09,,0.8312
1975-04-01,7.32,,0.8345
1975-04-02,7.66,,0.8317
1975-04-03,7.61,,0.829
1975-04-04,7.62,,0.8199
1975-04-05,,,0.8199
1975-04-06,,,0.8199
1975-04-07,7.85,,0.8218
1975-04-08,7.73,,0.8263
1975-04-09,7.67,,0.8226
1975-04-10,7.73,,0.8156
1975-04-11,7.72,,0.817
1975-04-12,,,0.817
1975-04-13,,,0.817
1975-04-14,7.66,,0.8132
1975-04-15,7.65,,0.8167
1975-04-16,7.64,,0.8175
1975-04-17,7.73,,0.8183
1975-04-18,7.84,,0.8181
1975-04-19,,,0.8181
1975-04-20,,,0.8181
1975-04-21,7.96,,0.8167
1975-04-22,7.94,,0.8187
1975-04-23,7.88,,0.8246
1975-04-24,7.85,,0.8228
1975-04-25,7.87,,0.8181
1975-04-26,,,0.8181
1975-04-27,,,0.8181
1975-04-28,7.97,,0.8155
1975-04-29,7.88,,0.821
1975-04-30,7.88,,0.8197
1975-05-01,7.91,,0.8201
1975-05-02,7.64,,0.8187
1975-05-03,,,0.8187
1975-05-04,,,0.8187
1975-05-05,7.61,,0.8224
1975-05-06,7.66,,0.8224
1975-05-07,7.61,,0.826
1975-05-08,7.56,,0.8302
1975-05-09,7.53,,0.829
1975-05-10,,,0.829
1975-05-11,,,0.829
1975-05-12,7.4,,0.8283
1975-05-13,7.33,,0.8361
1975-05-14,7.26,,0.8353
1975-05-15,7.32,,0.8241
1975-05-16,7.25,,0.8277
1975-05-17,,,0.8277
1975-05-18,,,0.8277
1975-05-19,7.23,,0.8304
1975-05-20,7.19,,0.8298
1975-05-21,7.21,,0.8349
1975-05-22,7.25,,0.8366
1975-05-23,7.23,,0.8367
1975-05-24,,,0.8367
1975-05-25,,,0.8367
1975-05-26,,,0.8367
1975-05-27,7.32,,0.8359
1975-05-28,7.22,,0.8343
1975-05-29,7.32,,0.8337
1975-05-30,7.22,,0.8321
1975-05-31,,,0.8321
1975-06-01,,,0.8321
1975-06-02,7.22,,0.8333
1975-06-03,7.24,,0.8344
1975-06-04,7.19,,0.8328
1975-06-05,7.16,,0.8332
1975-06-06,7.11,,0.8315
1975-06-07,,,0.8315
1975-06-08,,,0.8315
1975-06-09,7.01,,0.8308
1975-06-10,6.99,,0.8333
1975-06-11,6.85,,0.8354
1975-06-12,6.86,,0.837
1975-06-13,6.86,,0.8351
1975-06-14,,,0.8351
1975-06-15,,,0.8351
1975-06-16,6.82,,0.8371
1975-06-17,6.88,,0.8365
1975-06-18,7.08,,0.8351
1975-06-19,7.15,,0.8333
1975-06-20,7.41,,0.833
1975-06-21,,,0.833
1975-06-22,,,0.833
1975-06-23,7.39,,0.8316
1975-06-24,7.4,,0.8328
1975-06-25,7.54,,0.8325
1975-06-26,7.52,,0.8319
1975-06-27,7.47,,0.8293
1975-06-28,,,0.8293
1975-06-29,,,0.8293
1975-06-30,7.49,,0.8282
1975-07-01,7.52,,0.8246
1975-07-02,7.62,,0.8177
1975-07-03,7.69,,0.8171
1975-07-04,,,0.8171
1975-07-05,,,0.8171
1975-07-06,,,0.8171
1975-07-07,7.68,,0.8109
1975-07-08,7.53,,0.8136
1975-07-09,7.58,,0.8132
1975-07-10,7.61,,0.8052
1975-07-11,7.54,,0.8005
1975-07-12,,,0.8005
1975-07-13,,,0.8005
1975-07-14,7.52,,0.7986
1975-07-15,7.61,,0.7937
1975-07-16,7.71,,0.7891
1975-07-17,7.71,,0.7832
1975-07-18,7.72,,0.7806
1975-07-19,,,0.7806
1975-07-20,,,0.7806
1975-07-21,7.76,,0.7777
1975-07-22,7.8,,0.7754
1975-07-23,7.78,,0.7713
1975-07-24,7.82,,0.7707
1975-07-25,7.89,,0.7723
1975-07-26,,,0.7723
1975-07-27,,,0.7723
1975-07-28,7.9,,0.7654
1975-07-29,7.93,,0.7634
1975-07-30,7.89,,0.7592
1975-07-31,7.94,,0.7594
1975-08-01,8.04,,0.7592
1975-08-02,,,0.7592
1975-08-03,,,0.7592
1975-08-04,8.08,,0.7612
1975-08-05,8.08,,0.7645
1975-08-06,8.08,,0.7576
1975-08-07,8.2,,0.7543
1975-08-08,8.11,,0.7563
1975-08-09,,,0.7563
1975-08-10,,,0.7563
1975-08-11,8.05,,0.7546
1975-08-12,8.15,,0.753
1975-08-13,8.16,,0.7551
1975-08-14,8.28,,0.7575
1975-08-15,8.32,,0.7575
1975-08-16,,,0.7575
1975-08-17,,,0.7575
1975-08-18,8.28,,0.7592
1975-08-19,8.24,,0.7629
1975-08-20,8.26,,0.7602
1975-08-21,8.32,,0.7609
1975-08-22,8.24,,0.7588
1975-08-23,,,0.7588
1975-08-24,,,0.7588
1975-08-25,8.2,,0.7557
1975-08-26,8.12,,0.7574
1975-08-27,8.06,,0.7565
1975-08-28,8.05,,0.7557
1975-08-29,8.01,,0.7555
1975-08-30,,,0.7555
1975-08-31,,,0.7555
1975-09-01,,,0.7555
1975-09-02,8.05,,0.7553
1975-09-03,8.09,,0.7575
1975-09-04,8.07,,0.7555
1975-09-05,8.15,,0.7549
1975-09-06,,,0.7549
1975-09-07,,,0.7549
1975-09-08,8.16,,0.7557
1975-09-09,8.2,,0.7552
1975-09-10,8.28,,0.7535
1975-09-11,8.48,,0.7524
1975-09-12,8.48,,0.7512
1975-09-13,,,0.7512
1975-09-14,,,0.7512
1975-09-15,8.52,,0.7508
1975-09-16,8.52,,0.7459
1975-09-17,8.46,,0.7412
1975-09-18,8.41,,0.7405
1975-09-19,8.3,,0.7399
1975-09-20,,,0.7399
1975-09-21,,,0.7399
1975-09-22,8.18,,0.7331
1975-09-23,8.22,,0.73
1975-09-24,8.17,,0.7329
1975-09-25,8.26,,0.7364
1975-09-26,8.34,,0.7317
1975-09-27,,,0.7317
1975-09-28,,,0.7317
1975-09-29,8.35,,0.7304
1975-09-30,8.36,,0.7366
1975-10-01,8.33,,0.7467
1975-10-02,8.27,,0.746
1975-10-03,8.03,,0.7411
1975-10-04,,,0.7411
1975-10-05,,,0.7411
1975-10-06,8.0,,0.7459
1975-10-07,8.1,,0.7476
1975-10-08,8.08,,0.7469
1975-10-09,8.06,,0.7505
1975-10-10,7.93,,0.7572
1975-10-11,,,0.7572
1975-10-12,,,0.7572
1975-10-13,,,0.7572
1975-10-14,8.0,,0.7514
1975-10-15,8.01,,0.7584
1975-10-16,7.84,,0.7609
1975-10-17,7.83,,0.7594
1975-10-18,,,0.7594
1975-10-19,,,0.7594
1975-10-20,7.8,,0.7592
1975-10-21,7.68,,0.7612
1975-10-22,7.67,,0.7631
1975-10-23,7.56,,0.7616
1975-10-24,7.56,,0.762
1975-10-25,,,0.762
1975-10-26,,,0.762
1975-10-27,7.55,,0.7594
1975-10-28,7.51,,0.7584
1975-10-29,7.39,,0.7588
1975-10-30,7.26,,0.7616
1975-10-31,7.34,,0.7625
1975-11-01,,,0.7625
1975-11-02,,,0.7625
1975-11-03,7.36,,0.7635
1975-11-04,,,0.7635
1975-11-05,7.31,,0.7584
1975-11-06,7.34,,0.7608
1975-11-07,7.19,,0.7598
1975-11-08,,,0.7598
1975-11-09,,,0.7598
1975-11-10,7.17,,0.7606
1975-11-11,,,0.7606
1975-11-12,7.24,,0.76
1975-11-13,7.32,,0.7559
1975-11-14,7.55,,0.7518
1975-11-15,,,0.7518
1975-11-16,,,0.7518
1975-11-17,7.56,,0.7449
1975-11-18,7.56,,0.7478
1975-11-19,7.59,,0.7499
1975-11-20,7.54,,0.753
1975-11-21,7.7,,0.7495
1975-11-22,,,0.7495
1975-11-23,,,0.7495
1975-11-24,7.59,,0.7495
1975-11-25,7.6,,0.7492
1975-11-26,7.6,,0.7461
1975-11-27,,,0.7461
1975-11-28,7.58,,0.7428
1975-11-29,,,0.7428
1975-11-30,,,0.7428
1975-12-01,7.55,,0.7459
1975-12-02,7.5,,0.7452
1975-12-03,7.48,,0.7458
1975-12-04,7.64,,0.7461
1975-12-05,7.58,,0.7438
1975-12-06,,,0.7438
1975-12-07,,,0.7438
1975-12-08,7.64,,0.744
1975-12-09,7.7,,0.742
1975-12-10,7.67,,0.7423
1975-12-11,7.63,,0.7418
1975-12-12,7.6,,0.7409
1975-12-13,,,0.7409
1975-12-14,,,0.7409
1975-12-15,7.55,,0.7389
1975-12-16,7.5,,0.7397
1975-12-17,7.42,,0.7421
1975-12-18,7.44,,0.7431
1975-12-19,7.31,,0.745
1975-12-20,,,0.745
1975-12-21,,,0.745
1975-12-22,7.31,,0.7452
1975-12-23,7.31,,0.7465
1975-12-24,7.26,,0.7471
1975-12-25,,,0.7471
1975-12-26,7.13,,0.7469
1975-12-27,,,0.7469
1975-12-28,,,0.7469
1975-12-29,7.15,,0.7445
1975-12-30,7.09,,0.7442
1975-12-31,7.1,,0.7444
1976-01-01,,,0.7444
1976-01-02,7.12,,0.7448
1976-01-03,,,0.7448
1976-01-04,,,0.7448
1976-01-05,7.11,,0.7502
1976-01-06,7.06,,0.7499
1976-01-07,7.0,,0.7509
1976-01-08,7.04,,0.7497
1976-01-09,6.91,,0.7485
1976-01-10,,,0.7485
1976-01-11,,,0.7485
1976-01-12,6.86,,0.7487
1976-01-13,6.85,,0.7481
1976-01-14,6.91,,0.7496
1976-01-15,6.98,,0.7495
1976-01-16,7.08,,0.7498
1976-01-17,,,0.7498
1976-01-18,,,0.7498
1976-01-19,6.99,,0.7498
1976-01-20,7.03,,0.7489
1976-01-21,6.99,,0.7471
1976-01-22,7.02,,0.7491
1976-01-23,6.96,,0.7489
1976-01-24,,,0.7489
1976-01-25,,,0.7489
1976-01-26,6.98,,0.7493
1976-01-27,7.03,,0.7496
1976-01-28,6.98,,0.7495
1976-01-29,6.96,,0.7514
1976-01-30,6.94,,0.7534
1976-01-31,,,0.7534
1976-02-01,,,0.7534
1976-02-02,6.96,,0.7594
1976-02-03,6.95,,0.7583
1976-02-04,7.03,,0.7594
1976-02-05,6.97,,0.7576
1976-02-06,7.09,,0.7571
1976-02-07,,,0.7571
1976-02-08,,,0.7571
1976-02-09,7.11,,0.7621
1976-02-10,7.12,,0.7639
1976-02-11,7.11,,0.7693
1976-02-12,,,0.7693
1976-02-13,7.1,,0.7656
1976-02-14,,,0.7656
1976-02-15,,,0.7656
1976-02-16,,,0.7656
1976-02-17,7.09,,0.7588
1976-02-18,7.11,,0.7612
1976-02-19,7.12,,0.7627
1976-02-20,7.07,,0.7612
1976-02-21,,,0.7612
1976-02-22,,,0.7612
1976-02-23,7.03,,0.7623
1976-02-24,7.03,,0.7631
1976-02-25,7.01,,0.7609
1976-02-26,7.04,,0.7602
1976-02-27,7.15,,0.7592
1976-02-28,,,0.7592
1976-02-29,,,0.7592
1976-03-01,7.33,,0.7563
1976-03-02,7.28,,0.7573
1976-03-03,7.31,,0.7588
1976-03-04,7.35,,0.7561
1976-03-05,7.21,,0.7588
1976-03-06,,,0.7588
1976-03-07,,,0.7588
1976-03-08,7.14,,0.7596
1976-03-09,7.16,,0.7592
1976-03-10,7.16,,0.7587
1976-03-11,7.2,,0.7561
1976-03-12,7.13,,0.7559
1976-03-13,,,0.7559
1976-03-14,,,0.7559
1976-03-15,7.18,,0.758
1976-03-16,7.17,,0.7581
1976-03-17,7.14,,0.7672
1976-03-18,7.06,,0.7693
1976-03-19,7.11,,0.7711
1976-03-20,,,0.7711
1976-03-21,,,0.7711
1976-03-22,7.02,,0.7678
1976-03-23,7.02,,0.7608
1976-03-24,6.98,,0.763
1976-03-25,7.0,,0.7655
1976-03-26,7.0,,0.7641
1976-03-27,,,0.7641
1976-03-28,,,0.7641
1976-03-29,7.01,,0.7645
1976-03-30,7.05,,0.7679
1976-03-31,7.02,,0.768
1976-04-01,7.11,,0.7718
1976-04-02,7.04,,0.7666
1976-04-03,,,0.7666
1976-04-04,,,0.7666
1976-04-05,6.96,,0.7676
1976-04-06,6.94,,0.7688
1976-04-07,6.91,,0.766
1976-04-08,6.8,,0.77
1976-04-09,6.79,,0.7682
1976-04-10,,,0.7682
1976-04-11,,,0.7682
1976-04-12,6.75,,0.7666
1976-04-13,6.68,,0.768
1976-04-14,6.69,,0.7695
1976-04-15,6.66,,0.769
1976-04-16,,,0.7692
1976-04-17,,,0.7692
1976-04-18,,,0.7692
1976-04-19,6.71,,0.7686
1976-04-20,6.73,,0.7686
1976-04-21,6.65,,0.7683
1976-04-22,6.73,,0.7682
1976-04-23,6.9,,0.7676
1976-04-24,,,0.7676
1976-04-25,,,0.7676
1976-04-26,6.92,,0.768
1976-04-27,6.93,,0.7678
1976-04-28,6.9,,0.7683
1976-04-29,6.86,,0.7693
1976-04-30,6.96,,0.769
1976-05-01,,,0.769
1976-05-02,,,0.769
1976-05-03,6.98,,0.7695
1976-05-04,6.94,,0.7693
1976-05-05,6.96,,0.7698
1976-05-06,7.02,,0.7702
1976-05-07,7.08,,0.7693
1976-05-08,,,0.7693
1976-05-09,,,0.7693
1976-05-10,7.1,,0.7669
1976-05-11,7.16,,0.7663
1976-05-12,7.18,,0.7643
1976-05-13,7.19,,0.7641
1976-05-14,7.25,,0.7612
1976-05-15,,,0.7612
1976-05-16,,,0.7612
1976-05-17,7.32,,0.7545
1976-05-18,7.3,,0.7557
1976-05-19,7.34,,0.7586
1976-05-20,7.44,,0.7576
1976-05-21,7.52,,0.7552
1976-05-22,,,0.7552
1976-05-23,,,0.7552
1976-05-24,7.48,,0.7576
1976-05-25,7.45,,0.7551
1976-05-26,7.53,,0.7538
1976-05-27,7.59,,0.7543
1976-05-28,7.54,,0.7522
1976-05-29,,,0.7522
1976-05-30,,,0.7522
1976-05-31,,,0.7522
1976-06-01,7.47,,0.7515
1976-06-02,7.48,,0.754
1976-06-03,7.48,,0.7545
1976-06-04,7.38,,0.7549
1976-06-05,,,0.7549
1976-06-06,,,0.7549
1976-06-07,7.35,,0.7575
1976-06-08,7.37,,0.7584
1976-06-09,7.35,,0.7596
1976-06-10,7.3,,0.7559
1976-06-11,7.28,,0.7571
1976-06-12,,,0.7571
1976-06-13,,,0.7571
1976-06-14,7.26,,0.7565
1976-06-15,7.27,,0.7576
1976-06-16,7.31,,0.758
1976-06-17,7.31,,0.7581
1976-06-18,7.26,,0.7576
1976-06-19,,,0.7576
1976-06-20,,,0.7576
1976-06-21,7.22,,0.7559
1976-06-22,7.25,,0.7567
1976-06-23,7.25,,0.7572
1976-06-24,7.24,,0.7582
1976-06-25,7.26,,0.7567
1976-06-26,,,0.7567
1976-06-27,,,0.7567
1976-06-28,7.27,,0.7557
1976-06-29,7.28,,0.7567
1976-06-30,7.28,,0.7573
1976-07-01,7.28,,0.7567
1976-07-02,7.23,,0.7565
1976-07-03,,,0.7565
1976-07-04,,,0.7565
1976-07-05,,,0.7565
1976-07-06,7.2,,0.7559
1976-07-07,7.24,,0.7559
1976-07-08,7.17,,0.7563
1976-07-09,7.07,,0.7565
1976-07-10,,,0.7565
1976-07-11,,,0.7565
1976-07-12,7.0,,0.7555
1976-07-13,7.02,,0.7559
1976-07-14,7.03,,0.7573
1976-07-15,6.98,,0.7567
1976-07-16,7.1,,0.7567
1976-07-17,,,0.7567
1976-07-18,,,0.7567
1976-07-19,7.15,,0.7568
1976-07-20,7.15,,0.7564
1976-07-21,7.17,,0.7572
1976-07-22,7.16,,0.7565
1976-07-23,7.15,,0.7567
1976-07-24,,,0.7567
1976-07-25,,,0.7567
1976-07-26,7.14,,0.7571
1976-07-27,7.05,,0.7571
1976-07-28,7.08,,0.7594
1976-07-29,7.0,,0.7635
1976-07-30,7.05,,0.767
1976-07-31,,,0.767
1976-08-01,,,0.767
1976-08-02,7.02,,0.7688
1976-08-03,6.98,,0.7666
1976-08-04,6.92,,0.7684
1976-08-05,7.0,,0.7676
1976-08-06,6.89,,0.7682
1976-08-07,,,0.7682
1976-08-08,,,0.7682
1976-08-09,6.87,,0.7656
1976-08-10,6.88,,0.7665
1976-08-11,6.86,,0.7686
1976-08-12,6.87,,0.7666
1976-08-13,6.81,,0.7702
1976-08-14,,,0.7702
1976-08-15,,,0.7702
1976-08-16,6.78,,0.7715
1976-08-17,6.79,,0.7777
1976-08-18,6.8,,0.7768
1976-08-19,6.84,,0.7752
1976-08-20,6.92,,0.7742
1976-08-21,,,0.7742
1976-08-22,,,0.7742
1976-08-23,6.84,,0.7754
1976-08-24,6.82,,0.7747
1976-08-25,6.77,,0.7715
1976-08-26,6.78,,0.7733
1976-08-27,6.86,,0.7725
1976-08-28,,,0.7725
1976-08-29,,,0.7725
1976-08-30,6.79,,0.7725
1976-08-31,6.73,,0.7715
1976-09-01,6.72,,0.7731
1976-09-02,6.77,,0.773
1976-09-03,6.74,,0.7729
1976-09-04,,,0.7729
1976-09-05,,,0.7729
1976-09-06,,,0.7729
1976-09-07,6.7,,0.7729
1976-09-08,6.71,,0.7742
1976-09-09,6.74,,0.7777
1976-09-10,6.7,,0.777
1976-09-11,,,0.777
1976-09-12,,,0.777
1976-09-13,6.71,,0.777
1976-09-14,6.74,,0.7791
1976-09-15,6.7,,0.7846
1976-09-16,6.66,,0.7861
1976-09-17,6.51,,0.7865
1976-09-18,,,0.7865
1976-09-19,,,0.7865
1976-09-20,6.58,,0.7871
1976-09-21,6.55,,0.7871
1976-09-22,6.6,,0.7891
1976-09-23,6.62,,0.7867
1976-09-24,6.7,,0.7879
1976-09-25,,,0.7879
1976-09-26,,,0.7879
1976-09-27,6.68,,0.7908
1976-09-28,6.6,,0.7923
1976-09-29,6.6,,0.7947
1976-09-30,6.59,,0.8009
1976-10-01,6.48,,0.7964
1976-10-02,,,0.7964
1976-10-03,,,0.7964
1976-10-04,6.42,,0.793
1976-10-05,6.42,,0.7976
1976-10-06,6.36,,0.7992
1976-10-07,6.35,,0.7988
1976-10-08,6.12,,0.799
1976-10-09,,,0.799
1976-10-10,,,0.799
1976-10-11,,,0.799
1976-10-12,6.01,,0.7998
1976-10-13,6.03,,0.8024
1976-10-14,6.04,,0.8022
1976-10-15,6.0,,0.7982
1976-10-16,,,0.7982
1976-10-17,,,0.7982
1976-10-18,5.99,,0.7971
1976-10-19,6.1,,0.8013
1976-10-20,6.17,,0.8048
1976-10-21,6.19,,0.803
1976-10-22,6.31,,0.8052
1976-10-23,,,0.8052
1976-10-24,,,0.8052
1976-10-25,6.41,,0.8108
1976-10-26,6.39,,0.8081
1976-10-27,6.33,,0.8122
1976-10-28,6.31,,0.8142
1976-10-29,6.32,,0.8127
1976-10-30,,,0.8127
1976-10-31,,,0.8127
1976-11-01,6.3,,0.8091
1976-11-02,,,0.8091
1976-11-03,6.35,,0.8103
1976-11-04,6.25,,0.8059
1976-11-05,6.32,,0.8052
1976-11-06,,,0.8052
1976-11-07,,,0.8052
1976-11-08,6.33,,0.808
1976-11-09,6.35,,0.8066
1976-11-10,6.34,,0.8072
1976-11-11,,,0.8072
1976-11-12,6.3,,0.8078
1976-11-13,,,0.8078
1976-11-14,,,0.8078
1976-11-15,6.26,,0.8061
1976-11-16,6.15,,0.8061
1976-11-17,6.08,,0.805
1976-11-18,6.1,,0.8059
1976-11-19,5.96,,0.8062
1976-11-20,,,0.8062
1976-11-21,,,0.8062
1976-11-22,5.84,,0.8125
1976-11-23,5.83,,0.8114
1976-11-24,5.79,,0.8105
1976-11-25,,,0.8105
1976-11-26,5.69,,0.8104
1976-11-27,,,0.8104
1976-11-28,,,0.8104
1976-11-29,5.72,,0.8114
1976-11-30,5.69,,0.8108
1976-12-01,5.67,,0.8076
1976-12-02,5.59,,0.808
1976-12-03,5.6,,0.8102
1976-12-04,,,0.8102
1976-12-05,,,0.8102
1976-12-06,5.64,,0.8144
1976-12-07,5.69,,0.8121
1976-12-08,5.7,,0.8127
1976-12-09,5.71,,0.8138
1976-12-10,5.59,,0.8138
1976-12-11,,,0.8138
1976-12-12,,,0.8138
1976-12-13,5.7,,0.8139
1976-12-14,5.68,,0.8148
1976-12-15,5.67,,0.8146
1976-12-16,5.7,,0.8175
1976-12-17,5.7,,0.8177
1976-12-18,,,0.8177
1976-12-19,,,0.8177
1976-12-20,5.66,,0.8232
1976-12-21,5.68,,0.824
1976-12-22,5.69,,0.8239
1976-12-23,5.66,,0.8237
1976-12-24,,,0.8238
1976-12-25,,,0.8238
1976-12-26,,,0.8238
1976-12-27,5.68,,0.8256
1976-12-28,5.72,,0.8269
1976-12-29,5.74,,0.828
1976-12-30,5.7,,0.8271
1976-12-31,5.7,,0.8263
1977-01-01,,,0.8263
1977-01-02,,,0.8263
1977-01-03,5.73,,0.8322
1977-01-04,5.78,,0.8311
1977-01-05,5.79,,0.8296
1977-01-06,5.88,,0.8275
1977-01-07,5.99,,0.8245
1977-01-08,,,0.8245
1977-01-09,,,0.8245
1977-01-10,6.14,,0.8166
1977-01-11,6.25,,0.8195
1977-01-12,6.18,,0.8198
1977-01-13,6.11,,0.8159
1977-01-14,6.3,,0.8142
1977-01-15,,,0.8142
1977-01-16,,,0.8142
1977-01-17,6.29,,0.814
1977-01-18,6.38,,0.8101
1977-01-19,6.32,,0.8093
1977-01-20,6.31,,0.8113
1977-01-21,6.36,,0.8114
1977-01-22,,,0.8114
1977-01-23,,,0.8114
1977-01-24,6.44,,0.8054
1977-01-25,6.4,,0.8033
1977-01-26,6.4,,0.8033
1977-01-27,6.6,,0.8041
1977-01-28,6.54,,0.8023
1977-01-29,,,0.8023
1977-01-30,,,0.8023
1977-01-31,6.5,,0.8101
1977-02-01,6.6,,0.8068
1977-02-02,6.66,,0.8066
1977-02-03,6.58,,0.8052
1977-02-04,6.36,,0.805
1977-02-05,,,0.805
1977-02-06,,,0.805
1977-02-07,6.36,,0.8078
1977-02-08,6.42,,0.8068
1977-02-09,6.39,,0.81
1977-02-10,6.41,,0.8098
1977-02-11,6.36,,0.8112
1977-02-12,,,0.8112
1977-02-13,,,0.8112
1977-02-14,6.38,,0.8151
1977-02-15,6.35,,0.8114
1977-02-16,6.32,,0.8121
1977-02-17,6.29,,0.8134
1977-02-18,6.4,,0.8152
1977-02-19,,,0.8152
1977-02-20,,,0.8152
1977-02-21,,,0.8152
1977-02-22,6.43,,0.8153
1977-02-23,6.51,,0.814
1977-02-24,6.57,,0.8113
1977-02-25,6.54,,0.8146
1977-02-26,,,0.8146
1977-02-27,,,0.8146
1977-02-28,6.5,,0.8164
1977-03-01,6.54,,0.8152
1977-03-02,6.47,,0.8154
1977-03-03,6.43,,0.8165
1977-03-04,6.5,,0.8163
1977-03-05,,,0.8163
1977-03-06,,,0.8163
1977-03-07,6.51,,0.8153
1977-03-08,6.54,,0.8144
1977-03-09,6.53,,0.813
1977-03-10,6.49,,0.8138
1977-03-11,6.44,,0.8136
1977-03-12,,,0.8136
1977-03-13,,,0.8136
1977-03-14,6.44,,0.8147
1977-03-15,6.46,,0.8146
1977-03-16,6.47,,0.8149
1977-03-17,6.5,,0.8159
1977-03-18,6.44,,0.8159
1977-03-19,,,0.8159
1977-03-20,,,0.8159
1977-03-21,6.41,,0.8163
1977-03-22,6.42,,0.8164
1977-03-23,6.43,,0.8164
1977-03-24,6.46,,0.8153
1977-03-25,6.5,,0.8155
1977-03-26,,,0.8155
1977-03-27,,,0.8155
1977-03-28,6.5,,0.8175
1977-03-29,6.46,,0.8153
1977-03-30,6.43,,0.8164
1977-03-31,6.42,,0.8158
1977-04-01,6.42,,0.8152
1977-04-02,,,0.8152
1977-04-03,,,0.8152
1977-04-04,6.45,,0.8159
1977-04-05,6.46,,0.8166
1977-04-06,6.44,,0.8172
1977-04-07,6.43,,0.8177
1977-04-08,,,0.8181
1977-04-09,,,0.8181
1977-04-10,,,0.8181
1977-04-11,6.35,,0.8181
1977-04-12,6.33,,0.8208
1977-04-13,6.32,,0.8234
1977-04-14,6.03,,0.823
1977-04-15,6.07,,0.8246
1977-04-16,,,0.8246
1977-04-17,,,0.8246
1977-04-18,6.08,,0.8248
1977-04-19,6.19,,0.8226
1977-04-20,6.26,,0.8208
1977-04-21,6.26,,0.8218
1977-04-22,6.35,,0.8222
1977-04-23,,,0.8222
1977-04-24,,,0.8222
1977-04-25,6.41,,0.823
1977-04-26,6.23,,0.8226
1977-04-27,6.35,,0.8252
1977-04-28,6.36,,0.8276
1977-04-29,6.46,,0.8285
1977-04-30,,,0.8285
1977-05-01,,,0.8285
1977-05-02,6.48,,0.8279
1977-05-03,6.48,,0.8255
1977-05-04,6.45,,0.8306
1977-05-05,6.5,,0.8302
1977-05-06,6.56,,0.8297
1977-05-07,,,0.8297
1977-05-08,,,0.8297
1977-05-09,6.55,,0.8267
1977-05-10,6.58,,0.8251
1977-05-11,6.63,,0.822
1977-05-12,6.6,,0.8245
1977-05-13,6.54,,0.8249
1977-05-14,,,0.8249
1977-05-15,,,0.8249
1977-05-16,6.52,,0.8254
1977-05-17,6.51,,0.8271
1977-05-18,6.52,,0.8271
1977-05-19,6.62,,0.8277
1977-05-20,6.68,,0.8264
1977-05-21,,,0.8264
1977-05-22,,,0.8264
1977-05-23,6.66,,0.8249
1977-05-24,6.57,,0.8267
1977-05-25,6.53,,0.8275
1977-05-26,6.54,,0.8282
1977-05-27,6.48,,0.8271
1977-05-28,,,0.8271
1977-05-29,,,0.8271
1977-05-30,,,0.8271
1977-05-31,6.49,,0.8267
1977-06-01,6.48,,0.8275
1977-06-02,6.5,,0.8281
1977-06-03,6.48,,0.8273
1977-06-04,,,0.8273
1977-06-05,,,0.8273
1977-06-06,6.48,,0.8261
1977-06-07,6.46,,0.8257
1977-06-08,6.45,,0.8267
1977-06-09,6.49,,0.8271
1977-06-10,6.42,,0.8269
1977-06-11,,,0.8269
1977-06-12,,,0.8269
1977-06-13,6.4,,0.8271
1977-06-14,6.3,,0.8275
1977-06-15,6.36,,0.8281
1977-06-16,6.36,,0.8282
1977-06-17,6.34,,0.8281
1977-06-18,,,0.8281
1977-06-19,,,0.8281
1977-06-20,6.36,,0.8266
1977-06-21,6.35,,0.8266
1977-06-22,6.34,,0.828
1977-06-23,6.36,,0.828
1977-06-24,6.34,,0.828
1977-06-25,,,0.828
1977-06-26,,,0.828
1977-06-27,6.3,,0.8282
1977-06-28,6.3,,0.828
1977-06-29,6.3,,0.8335
1977-06-30,6.33,,0.8331
1977-07-01,6.35,,0.8333
1977-07-02,,,0.8333
1977-07-03,,,0.8333
1977-07-04,,,0.8333
1977-07-05,6.37,,0.843
1977-07-06,6.39,,0.842
1977-07-07,6.39,,0.8456
1977-07-08,6.45,,0.847
1977-07-09,,,0.847
1977-07-10,,,0.847
1977-07-11,6.48,,0.854
1977-07-12,6.46,,0.8511
1977-07-13,6.42,,0.8548
1977-07-14,,,0.8548
1977-07-15,6.52,,0.8543
1977-07-16,,,0.8543
1977-07-17,,,0.8543
1977-07-18,6.53,,0.86
1977-07-19,6.54,,0.8598
1977-07-20,6.55,,0.8622
1977-07-21,6.57,,0.8613
1977-07-22,6.56,,0.8635
1977-07-23,,,0.8635
1977-07-24,,,0.8635
1977-07-25,6.54,,0.8672
1977-07-26,6.52,,0.868
1977-07-27,6.6,,0.8638
1977-07-28,6.69,,0.8573
1977-07-29,6.71,,0.8514
1977-07-30,,,0.8514
1977-07-31,,,0.8514
1977-08-01,6.71,,0.848
1977-08-02,6.75,,0.8511
1977-08-03,6.74,,0.8503
1977-08-04,6.76,,0.8481
1977-08-05,6.74,,0.8506
1977-08-06,,,0.8506
1977-08-07,,,0.8506
1977-08-08,6.73,,0.843
1977-08-09,6.79,,0.8447
1977-08-10,6.79,,0.8405
1977-08-11,6.86,,0.8409
1977-08-12,6.87,,0.8358
1977-08-13,,,0.8358
1977-08-14,,,0.8358
1977-08-15,6.88,,0.8354
1977-08-16,6.89,,0.8335
1977-08-17,6.86,,0.8375
1977-08-18,6.83,,0.8377
1977-08-19,6.8,,0.8375
1977-08-20,,,0.8375
1977-08-21,,,0.8375
1977-08-22,6.79,,0.8396
1977-08-23,6.79,,0.8405
1977-08-24,6.79,,0.8458
1977-08-25,6.78,,0.8402
1977-08-26,6.74,,0.8433
1977-08-27,,,0.8433
1977-08-28,,,0.8433
1977-08-29,6.72,,0.8382
1977-08-30,6.74,,0.8396
1977-08-31,6.73,,0.8413
1977-09-01,6.74,,0.841
1977-09-02,6.69,,0.841
1977-09-03,,,0.841
1977-09-04,,,0.841
1977-09-05,,,0.841
1977-09-06,6.68,,0.84
1977-09-07,6.7,,0.8415
1977-09-08,6.72,,0.8397
1977-09-09,6.88,,0.8389
1977-09-10,,,0.8389
1977-09-11,,,0.8389
1977-09-12,6.88,,0.8376
1977-09-13,6.84,,0.8377
1977-09-14,6.83,,0.8367
1977-09-15,6.82,,0.838
1977-09-16,6.81,,0.8379
1977-09-17,,,0.8379
1977-09-18,,,0.8379
1977-09-19,6.8,,0.8386
1977-09-20,6.82,,0.8396
1977-09-21,6.84,,0.8399
1977-09-22,6.92,,0.838
1977-09-23,6.94,,0.8384
1977-09-24,,,0.8384
1977-09-25,,,0.8384
1977-09-26,6.98,,0.8382
1977-09-27,6.92,,0.8368
1977-09-28,6.93,,0.8384
1977-09-29,6.94,,0.8411
1977-09-30,6.94,,0.8447
1977-10-01,,,0.8447
1977-10-02,,,0.8447
1977-10-03,6.94,,0.851
1977-10-04,6.95,,0.8484
1977-10-05,6.96,,0.8477
1977-10-06,6.98,,0.8504
1977-10-07,7.03,,0.85
1977-10-08,,,0.85
1977-10-09,,,0.85
1977-10-10,,,0.85
1977-10-11,7.11,,0.8472
1977-10-12,7.18,,0.8502
1977-10-13,7.22,,0.8523
1977-10-14,7.22,,0.8568
1977-10-15,,,0.8568
1977-10-16,,,0.8568
1977-10-17,7.26,,0.8613
1977-10-18,7.28,,0.8615
1977-10-19,7.28,,0.8577
1977-10-20,7.28,,0.8581
1977-10-21,7.31,,0.8579
1977-10-22,,,0.8579
1977-10-23,,,0.8579
1977-10-24,7.29,,0.8626
1977-10-25,7.31,,0.8618
1977-10-26,7.3,,0.8618
1977-10-27,7.26,,0.8596
1977-10-28,7.24,,0.8619
1977-10-29,,,0.8619
1977-10-30,,,0.8619
1977-10-31,7.34,,0.8663
1977-11-01,7.33,,0.8708
1977-11-02,7.33,,0.8663
1977-11-03,7.31,,0.8678
1977-11-04,7.28,,0.8639
1977-11-05,,,0.8639
1977-11-06,,,0.8639
1977-11-07,7.25,,0.8624
1977-11-08,,,0.8624
1977-11-09,7.25,,0.863
1977-11-10,7.23,,0.8684
1977-11-11,,,0.8684
1977-11-12,,,0.8684
1977-11-13,,,0.8684
1977-11-14,7.18,,0.8682
1977-11-15,7.18,,0.8677
1977-11-16,7.18,,0.8683
1977-11-17,7.16,,0.8678
1977-11-18,7.16,,0.8705
1977-11-19,,,0.8705
1977-11-20,,,0.8705
1977-11-21,7.18,,0.8711
1977-11-22,7.2,,0.8734
1977-11-23,7.18,,0.8738
1977-11-24,,,0.8738
1977-11-25,7.18,,0.8795
1977-11-26,,,0.8795
1977-11-27,,,0.8795
1977-11-28,7.2,,0.8807
1977-11-29,7.21,,0.8771
1977-11-30,7.22,,0.8776
1977-12-01,7.24,,0.881
1977-12-02,7.25,,0.8842
1977-12-03,,,0.8842
1977-12-04,,,0.8842
1977-12-05,7.25,,0.891
1977-12-06,7.27,,0.8971
1977-12-07,7.29,,0.9004
1977-12-08,7.27,,0.8952
1977-12-09,7.27,,0.8925
1977-12-10,,,0.8925
1977-12-11,,,0.8925
1977-12-12,7.28,,0.897
1977-12-13,7.28,,0.9065
1977-12-14,7.28,,0.9138
1977-12-15,7.27,,0.9107
1977-12-16,7.26,,0.9123
1977-12-17,,,0.9123
1977-12-18,,,0.9123
1977-12-19,7.27,,0.9234
1977-12-20,7.29,,0.9193
1977-12-21,7.3,,0.9222
1977-12-22,7.38,,0.9071
1977-12-23,7.39,,0.9068
1977-12-24,,,0.9068
1977-12-25,,,0.9068
1977-12-26,,,0.9068
1977-12-27,7.4,,0.9073
1977-12-28,7.4,,0.9179
1977-12-29,7.4,,0.9281
1977-12-30,7.36,,0.9297
1977-12-31,,,0.9297
1978-01-01,,,0.9297
1978-01-02,,,0.9297
1978-01-03,7.39,,0.942
1978-01-04,7.38,,0.9446
1978-01-05,7.39,,0.9059
1978-01-06,7.42,,0.9157
1978-01-07,,,0.9157
1978-01-08,,,0.9157
1978-01-09,7.73,,0.9079
1978-01-10,7.72,,0.9129
1978-01-11,7.72,,0.9224
1978-01-12,7.72,,0.9151
1978-01-13,7.68,,0.9201
1978-01-14,,,0.9201
1978-01-15,,,0.9201
1978-01-16,7.66,,0.9191
1978-01-17,7.65,,0.9141
1978-01-18,7.66,,0.9145
1978-01-19,7.67,,0.917
1978-01-20,7.67,,0.9186
1978-01-21,,,0.9186
1978-01-22,,,0.9186
1978-01-23,7.66,,0.9236
1978-01-24,7.66,,0.925
1978-01-25,7.68,,0.9289
1978-01-26,7.64,,0.925
1978-01-27,7.63,,0.9214
1978-01-28,,,0.9214
1978-01-29,,,0.9214
1978-01-30,7.6,,0.9215
1978-01-31,7.57,,0.9234
1978-02-01,7.58,,0.9219
1978-02-02,7.58,,0.9239
1978-02-03,7.59,,0.925
1978-02-04,,,0.925
1978-02-05,,,0.925
1978-02-06,7.62,,0.926
1978-02-07,7.61,,0.9252
1978-02-08,7.6,,0.924
1978-02-09,7.62,,0.9246
1978-02-10,7.63,,0.9258
1978-02-11,,,0.9258
1978-02-12,,,0.9258
1978-02-13,,,0.9258
1978-02-14,7.67,,0.9351
1978-02-15,7.69,,0.9346
1978-02-16,7.74,,0.9447
1978-02-17,7.73,,0.9466
1978-02-18,,,0.9466
1978-02-19,,,0.9466
1978-02-20,,,0.9466
1978-02-21,7.74,,0.9547
1978-02-22,7.74,,0.9568
1978-02-23,7.74,,0.9653
1978-02-24,7.72,,0.9478
1978-02-25,,,0.9478
1978-02-26,,,0.9478
1978-02-27,7.7,,0.9508
1978-02-28,7.7,,0.9673
1978-03-01,7.71,,0.9654
1978-03-02,7.71,,0.9704
1978-03-03,7.71,,0.9629
1978-03-04,,,0.9629
1978-03-05,,,0.9629
1978-03-06,7.71,,0.9609
1978-03-07,7.7,,0.9667
1978-03-08,7.69,,0.9646
1978-03-09,7.68,,0.9607
1978-03-10,7.65,,0.9466
1978-03-11,,,0.9466
1978-03-12,,,0.9466
1978-03-13,7.64,,0.9518
1978-03-14,7.64,,0.954
1978-03-15,7.64,,0.952
1978-03-16,7.64,,0.9581
1978-03-17,7.64,,0.9537
1978-03-18,,,0.9537
1978-03-19,,,0.9537
1978-03-20,7.62,,0.9549
1978-03-21,7.63,,0.9533
1978-03-22,7.66,,0.9556
1978-03-23,7.69,,0.9556
1978-03-24,,,0.9569
1978-03-25,,,0.9569
1978-03-26,,,0.9569
1978-03-27,7.76,,0.9594
1978-03-28,7.78,,0.9589
1978-03-29,7.78,,0.9594
1978-03-30,7.78,,0.9618
1978-03-31,7.83,,0.9758
1978-04-01,,,0.9758
1978-04-02,,,0.9758
1978-04-03,7.82,,0.9714
1978-04-04,7.81,,0.9624
1978-04-05,7.82,,0.9672
1978-04-06,7.83,,0.9681
1978-04-07,7.82,,0.9666
1978-04-08,,,0.9666
1978-04-09,,,0.9666
1978-04-10,7.82,,0.9713
1978-04-11,7.82,,0.9682
1978-04-12,7.83,,0.9696
1978-04-13,7.81,,0.962
1978-04-14,7.76,,0.9597
1978-04-15,,,0.9597
1978-04-16,,,0.9597
1978-04-17,7.74,,0.9538
1978-04-18,7.73,,0.9517
1978-04-19,7.87,,0.9504
1978-04-20,7.89,,0.9365
1978-04-21,7.91,,0.9404
1978-04-22,,,0.9404
1978-04-23,,,0.9404
1978-04-24,7.93,,0.9383
1978-04-25,7.92,,0.9376
1978-04-26,7.94,,0.9364
1978-04-27,7.96,,0.9458
1978-04-28,7.98,,0.9404
1978-04-29,,,0.9404
1978-04-30,,,0.9404
1978-05-01,7.98,,0.9416
1978-05-02,7.97,,0.9367
1978-05-03,7.98,,0.938
1978-05-04,7.97,,0.9421
1978-05-05,8.04,,0.9397
1978-05-06,,,0.9397
1978-05-07,,,0.9397
1978-05-08,8.06,,0.933
1978-05-09,8.06,,0.9302
1978-05-10,8.06,,0.9335
1978-05-11,8.07,,0.9287
1978-05-12,8.07,,0.9234
1978-05-13,,,0.9234
1978-05-14,,,0.9234
1978-05-15,8.05,,0.9202
1978-05-16,8.05,,0.9142
1978-05-17,8.05,,0.9149
1978-05-18,8.09,,0.9253
1978-05-19,8.1,,0.9164
1978-05-20,,,0.9164
1978-05-21,,,0.9164
1978-05-22,8.13,,0.9174
1978-05-23,8.13,,0.9141
1978-05-24,8.15,,0.9158
1978-05-25,8.15,,0.9189
1978-05-26,8.17,,0.9198
1978-05-27,,,0.9198
1978-05-28,,,0.9198
1978-05-29,,,0.9215
1978-05-30,,,0.9215
1978-05-31,8.2,,0.9328
1978-06-01,8.19,,0.9327
1978-06-02,8.18,,0.9369
1978-06-03,,,0.9369
1978-06-04,,,0.9369
1978-06-05,8.16,,0.9313
1978-06-06,8.15,,0.9339
1978-06-07,8.15,,0.9332
1978-06-08,8.15,,0.9347
1978-06-09,8.17,,0.9351
1978-06-10,,,0.9351
1978-06-11,,,0.9351
1978-06-12,8.17,,0.9379
1978-06-13,8.17,,0.9358
1978-06-14,8.18,,0.9353
1978-06-15,8.19,,0.9306
1978-06-16,8.24,,0.9322
1978-06-17,,,0.9322
1978-06-18,,,0.9322
1978-06-19,8.3,,0.9323
1978-06-20,8.34,,0.9369
1978-06-21,8.44,,0.9401
1978-06-22,8.43,,0.9337
1978-06-23,8.49,,0.9392
1978-06-24,,,0.9392
1978-06-25,,,0.9392
1978-06-26,8.5,,0.9391
1978-06-27,8.5,,0.937
1978-06-28,8.5,,0.9391
1978-06-29,8.5,,0.9392
1978-06-30,8.53,,0.9411
1978-07-01,,,0.9411
1978-07-02,,,0.9411
1978-07-03,8.5,,0.9429
1978-07-04,,,0.9429
1978-07-05,8.5,,0.9489
1978-07-06,8.5,,0.9438
1978-07-07,8.53,,0.9477
1978-07-08,,,0.9477
1978-07-09,,,0.9477
1978-07-10,8.56,,0.9537
1978-07-11,8.55,,0.9511
1978-07-12,8.55,,0.948
1978-07-13,8.56,,0.9489
1978-07-14,8.56,,0.9466
1978-07-15,,,0.9466
1978-07-16,,,0.9466
1978-07-17,8.54,,0.942
1978-07-18,8.54,,0.9435
1978-07-19,8.54,,0.947
1978-07-20,8.55,,0.9476
1978-07-21,8.6,,0.9496
1978-07-22,,,0.9496
1978-07-23,,,0.9496
1978-07-24,8.6,,0.954
1978-07-25,8.6,,0.9526
1978-07-26,8.57,,0.9488
1978-07-27,8.52,,0.9463
1978-07-28,8.46,,0.9542
1978-07-29,,,0.9542
1978-07-30,,,0.9542
1978-07-31,8.47,,0.9569
1978-08-01,8.46,,0.955
1978-08-02,8.36,,0.9562
1978-08-03,8.27,,0.9593
1978-08-04,8.24,,0.9592
1978-08-05,,,0.9592
1978-08-06,,,0.9592
1978-08-07,8.22,,0.97
1978-08-08,8.18,,0.981
1978-08-09,8.17,,0.9832
1978-08-10,8.26,,0.9867
1978-08-11,8.24,,0.9909
1978-08-12,,,0.9909
1978-08-13,,,0.9909
1978-08-14,8.26,,1.0016
1978-08-15,8.27,,0.9971
1978-08-16,8.46,,1.0027
1978-08-17,8.42,,0.978
1978-08-18,8.44,,0.9785
1978-08-19,,,0.9785
1978-08-20,,,0.9785
1978-08-21,8.39,,0.9716
1978-08-22,8.38,,0.9761
1978-08-23,8.33,,0.9709
1978-08-24,8.33,,0.9747
1978-08-25,8.34,,0.9682
1978-08-26,,,0.9682
1978-08-27,,,0.9682
1978-08-28,8.35,,0.9643
1978-08-29,8.35,,0.9781
1978-08-30,8.39,,0.9811
1978-08-31,8.38,,0.9808
1978-09-01,8.38,,0.9855
1978-09-02,,,0.9855
1978-09-03,,,0.9855
1978-09-04,,,0.9855
1978-09-05,8.38,,0.9849
1978-09-06,8.34,,0.9845
1978-09-07,8.34,,0.9812
1978-09-08,8.35,,0.9725
1978-09-09,,,0.9725
1978-09-10,,,0.9725
1978-09-11,8.34,,0.9748
1978-09-12,8.34,,0.9771
1978-09-13,8.34,,0.9847
1978-09-14,8.34,,0.9837
1978-09-15,8.35,,0.9863
1978-09-16,,,0.9863
1978-09-17,,,0.9863
1978-09-18,8.38,,0.9875
1978-09-19,8.41,,0.9875
1978-09-20,8.44,,0.9937
1978-09-21,8.52,,0.9987
1978-09-22,8.49,,0.9986
1978-09-23,,,0.9986
1978-09-24,,,0.9986
1978-09-25,8.5,,1.0084
1978-09-26,8.5,,0.9998
1978-09-27,8.49,,1.0042
1978-09-28,8.49,,1.006
1978-09-29,8.49,,1.0059
1978-09-30,,,1.0059
1978-10-01,,,1.0059
1978-10-02,8.48,,1.0063
1978-10-03,8.5,,1.0195
1978-10-04,8.51,,1.0256
1978-10-05,8.51,,1.0274
1978-10-06,8.49,,1.0242
1978-10-07,,,1.0242
1978-10-08,,,1.0242
1978-10-09,,,1.0242
1978-10-10,8.47,,1.0304
1978-10-11,8.48,,1.0423
1978-10-12,8.47,,1.0399
1978-10-13,8.47,,1.0482
1978-10-14,,,1.0482
1978-10-15,,,1.0482
1978-10-16,8.51,,1.0531
1978-10-17,8.54,,1.0611
1978-10-18,8.58,,1.0622
1978-10-19,8.6,,1.0622
1978-10-20,8.63,,1.0786
1978-10-21,,,1.0786
1978-10-22,,,1.0786
1978-10-23,8.63,,1.0786
1978-10-24,8.63,,1.0765
1978-10-25,8.66,,1.0955
1978-10-26,8.69,,1.108
1978-10-27,8.84,,1.108
1978-10-28,,,1.108
1978-10-29,,,1.108
1978-10-30,9.05,,1.1315
1978-10-31,9.32,,1.1119
1978-11-01,9.04,,1.0485
1978-11-02,9.07,,1.0421
1978-11-03,9.12,,1.0307
1978-11-04,,,1.0307
1978-11-05,,,1.0307
1978-11-06,9.08,,1.0229
1978-11-07,,,1.0229
1978-11-08,9.11,,1.0393
1978-11-09,9.11,,1.0338
1978-11-10,9.09,,1.0348
1978-11-11,,,1.0348
1978-11-12,,,1.0348
1978-11-13,9.06,,1.034
1978-11-14,9.04,,1.0334
1978-11-15,8.95,,1.0283
1978-11-16,8.85,,1.0193
1978-11-17,8.84,,1.0129
1978-11-18,,,1.0129
1978-11-19,,,1.0129
1978-11-20,8.85,,1.0094
1978-11-21,8.89,,1.0133
1978-11-22,8.92,,1.0147
1978-11-23,,,1.0147
1978-11-24,9.18,,1.0105
1978-11-25,,,1.0105
1978-11-26,,,1.0105
1978-11-27,9.18,,1.0131
1978-11-28,9.19,,1.0126
1978-11-29,9.16,,1.0149
1978-11-30,9.16,,1.0114
1978-12-01,9.09,,1.0084
1978-12-02,,,1.0084
1978-12-03,,,1.0084
1978-12-04,9.11,,1.0179
1978-12-05,9.12,,1.0168
1978-12-06,9.12,,1.0176
1978-12-07,9.13,,1.0176
1978-12-08,9.14,,1.0197
1978-12-09,,,1.0197
1978-12-10,,,1.0197
1978-12-11,9.16,,1.0252
1978-12-12,9.16,,1.0234
1978-12-13,9.19,,1.0239
1978-12-14,9.2,,1.0288
1978-12-15,9.23,,1.0304
1978-12-16,,,1.0304
1978-12-17,,,1.0304
1978-12-18,9.46,,1.049
1978-12-19,9.49,,1.0589
1978-12-20,9.52,,1.0591
1978-12-21,9.57,,1.0481
1978-12-22,9.57,,1.0485
1978-12-23,,,1.0485
1978-12-24,,,1.0485
1978-12-25,,,1.0485
1978-12-26,9.59,,1.055
1978-12-27,9.58,,1.0709
1978-12-28,9.6,,1.0662
1978-12-29,9.59,,1.0716
1978-12-30,,,1.0716
1978-12-31,,,1.0716
1979-01-01,,,1.0716
1979-01-02,9.63,,1.0701
1979-01-03,9.62,,1.0564
1979-01-04,9.52,,1.0539
1979-01-05,9.56,,1.0537
1979-01-06,,,1.0537
1979-01-07,,,1.0537
1979-01-08,9.62,,1.059
1979-01-09,9.61,,1.0541
1979-01-10,9.61,,1.0554
1979-01-11,9.59,,1.0481
1979-01-12,9.59,,1.0508
1979-01-13,,,1.0508
1979-01-14,,,1.0508
1979-01-15,9.59,,1.0488
1979-01-16,9.58,,1.0542
1979-01-17,9.59,,1.0582
1979-01-18,9.59,,1.062
1979-01-19,9.58,,1.0588
1979-01-20,,,1.0588
1979-01-21,,,1.0588
1979-01-22,9.53,,1.0576
1979-01-23,9.5,,1.055
1979-01-24,9.46,,1.0574
1979-01-25,9.32,,1.051
1979-01-26,9.27,,1.0513
1979-01-27,,,1.0513
1979-01-28,,,1.0513
1979-01-29,9.25,,1.0488
1979-01-30,9.18,,1.0468
1979-01-31,9.16,,1.0412
1979-02-01,9.16,,1.0356
1979-02-02,8.99,,1.0341
1979-02-03,,,1.0341
1979-02-04,,,1.0341
1979-02-05,9.05,,1.0455
1979-02-06,9.13,,1.0485
1979-02-07,9.24,,1.06
1979-02-08,9.27,,1.0556
1979-02-09,9.29,,1.0556
1979-02-10,,,1.0556
1979-02-11,,,1.0556
1979-02-12,,,1.0556
1979-02-13,9.28,,1.0496
1979-02-14,9.28,,1.05
1979-02-15,9.28,,1.0524
1979-02-16,9.28,,1.0511
1979-02-17,,,1.0511
1979-02-18,,,1.0511
1979-02-19,,,1.0511
1979-02-20,9.3,,1.0504
1979-02-21,9.34,,1.0499
1979-02-22,9.45,,1.0534
1979-02-23,9.47,,1.0539
1979-02-24,,,1.0539
1979-02-25,,,1.0539
1979-02-26,9.46,,1.0557
1979-02-27,9.46,,1.0534
1979-02-28,9.45,,1.053
1979-03-01,9.44,,1.0514
1979-03-02,9.44,,1.0505
1979-03-03,,,1.0505
1979-03-04,,,1.0505
1979-03-05,9.41,,1.0483
1979-03-06,9.41,,1.0495
1979-03-07,9.39,,1.0533
1979-03-08,9.35,,1.0531
1979-03-09,9.38,,1.053
1979-03-10,,,1.053
1979-03-11,,,1.053
1979-03-12,9.38,,1.0521
1979-03-13,9.38,,1.0469
1979-03-14,9.4,,1.0503
1979-03-15,9.4,,1.047
1979-03-16,9.4,,1.0461
1979-03-17,,,1.0461
1979-03-18,,,1.0461
1979-03-19,9.38,,1.0471
1979-03-20,9.39,,1.0464
1979-03-21,9.39,,1.0458
1979-03-22,9.37,,1.0465
1979-03-23,9.36,,1.0448
1979-03-24,,,1.0448
1979-03-25,,,1.0448
1979-03-26,9.35,,1.0499
1979-03-27,9.34,,1.0455
1979-03-28,9.32,,1.0469
1979-03-29,9.29,,1.0443
1979-03-30,9.34,,1.0443
1979-03-31,,,1.0443
1979-04-01,,,1.0443
1979-04-02,9.35,,1.0352
1979-04-03,9.35,,1.0362
1979-04-04,9.33,,1.0357
1979-04-05,9.32,,1.0334
1979-04-06,9.36,,1.0301
1979-04-07,,,1.0301
1979-04-08,,,1.0301
1979-04-09,9.42,,1.0234
1979-04-10,9.45,,1.0266
1979-04-11,9.49,,1.0297
1979-04-12,9.49,,1.0253
1979-04-13,,,1.0241
1979-04-14,,,1.0241
1979-04-15,,,1.0241
1979-04-16,9.5,,1.0239
1979-04-17,9.45,,1.0236
1979-04-18,9.43,,1.0286
1979-04-19,9.41,,1.03
1979-04-20,9.43,,1.0246
1979-04-21,,,1.0246
1979-04-22,,,1.0246
1979-04-23,9.45,,1.0262
1979-04-24,9.46,,1.0279
1979-04-25,9.44,,1.0305
1979-04-26,9.44,,1.031
1979-04-27,9.56,,1.0282
1979-04-28,,,1.0282
1979-04-29,,,1.0282
1979-04-30,9.53,,1.027
1979-05-01,9.54,,1.0289
1979-05-02,9.54,,1.0257
1979-05-03,9.55,,1.0261
1979-05-04,9.55,,1.0269
1979-05-05,,,1.0269
1979-05-06,,,1.0269
1979-05-07,9.54,,1.0285
1979-05-08,9.55,,1.0279
1979-05-09,9.55,,1.0284
1979-05-10,9.54,,1.0271
1979-05-11,9.52,,1.0261
1979-05-12,,,1.0261
1979-05-13,,,1.0261
1979-05-14,9.49,,1.0262
1979-05-15,9.5,,1.022
1979-05-16,9.49,,1.023
1979-05-17,9.42,,1.0192
1979-05-18,9.36,,1.0154
1979-05-19,,,1.0154
1979-05-20,,,1.0154
1979-05-21,9.39,,1.0154
1979-05-22,9.35,,1.0167
1979-05-23,9.27,,1.0178
1979-05-24,9.21,,1.0196
1979-05-25,9.14,,1.0167
1979-05-26,,,1.0167
1979-05-27,,,1.0167
1979-05-28,,,1.0166
1979-05-29,9.16,,1.0156
1979-05-30,,,1.0156
1979-05-31,9.2,,1.0216
1979-06-01,9.21,,1.0172
1979-06-02,,,1.0172
1979-06-03,,,1.0172
1979-06-04,9.19,,1.0202
1979-06-05,9.15,,1.017
1979-06-06,9.07,,1.0176
1979-06-07,8.97,,1.0209
1979-06-08,8.93,,1.0202
1979-06-09,,,1.0202
1979-06-10,,,1.0202
1979-06-11,8.96,,1.0192
1979-06-12,8.82,,1.0208
1979-06-13,8.84,,1.0211
1979-06-14,8.88,,1.0223
1979-06-15,9.0,,1.0317
1979-06-16,,,1.0317
1979-06-17,,,1.0317
1979-06-18,9.0,,1.0316
1979-06-19,8.98,,1.0441
1979-06-20,8.97,,1.0458
1979-06-21,8.98,,1.0499
1979-06-22,9.02,,1.0511
1979-06-23,,,1.0511
1979-06-24,,,1.0511
1979-06-25,8.96,,1.06
1979-06-26,8.79,,1.0537
1979-06-27,8.74,,1.0571
1979-06-28,8.77,,1.0571
1979-06-29,8.78,,1.0616
1979-06-30,,,1.0616
1979-07-01,,,1.0616
1979-07-02,8.74,,1.059
1979-07-03,8.76,,1.0597
1979-07-04,,,1.0597
1979-07-05,8.79,,1.0645
1979-07-06,8.82,,1.062
1979-07-07,,,1.062
1979-07-08,,,1.062
1979-07-09,8.87,,1.0589
1979-07-10,8.88,,1.0626
1979-07-11,8.9,,1.066
1979-07-12,8.88,,1.0673
1979-07-13,8.88,,1.0688
1979-07-14,,,1.0688
1979-07-15,,,1.0688
1979-07-16,8.93,,1.0711
1979-07-17,8.94,,1.0757
1979-07-18,8.94,,1.0791
1979-07-19,8.97,,1.0771
1979-07-20,9.01,,1.0727
1979-07-21,,,1.0727
1979-07-22,,,1.0727
1979-07-23,9.04,,1.0767
1979-07-24,9.08,,1.0777
1979-07-25,9.05,,1.0803
1979-07-26,8.99,,1.0718
1979-07-27,9.08,,1.0717
1979-07-28,,,1.0717
1979-07-29,,,1.0717
1979-07-30,9.05,,1.0636
1979-07-31,9.05,,1.0636
1979-08-01,9.01,,1.0662
1979-08-02,8.96,,1.0662
1979-08-03,8.96,,1.0644
1979-08-04,,,1.0644
1979-08-05,,,1.0644
1979-08-06,8.96,,1.0659
1979-08-07,8.94,,1.0647
1979-08-08,8.99,,1.066
1979-08-09,9.0,,1.0694
1979-08-10,9.02,,1.07
1979-08-11,,,1.07
1979-08-12,,,1.07
1979-08-13,9.04,,1.0676
1979-08-14,9.02,,1.0641
1979-08-15,9.05,,1.0639
1979-08-16,9.07,,1.0666
1979-08-17,9.1,,1.0638
1979-08-18,,,1.0638
1979-08-19,,,1.0638
1979-08-20,9.12,,1.0646
1979-08-21,9.18,,1.0638
1979-08-22,9.2,,1.0646
1979-08-23,9.21,,1.0662
1979-08-24,9.31,,1.0669
1979-08-25,,,1.0669
1979-08-26,,,1.0669
1979-08-27,9.3,,1.0656
1979-08-28,9.35,,1.0662
1979-08-29,9.35,,1.0651
1979-08-30,9.47,,1.0693
1979-08-31,9.54,,1.0687
1979-09-01,,,1.0687
1979-09-02,,,1.0687
1979-09-03,,,1.0687
1979-09-04,9.67,,1.0695
1979-09-05,9.69,,1.0715
1979-09-06,9.65,,1.0757
1979-09-07,9.69,,1.0784
1979-09-08,,,1.0784
1979-09-09,,,1.0784
1979-09-10,9.72,,1.0774
1979-09-11,9.6,,1.0754
1979-09-12,9.63,,1.0778
1979-09-13,9.7,,1.0742
1979-09-14,9.67,,1.0757
1979-09-15,,,1.0757
1979-09-16,,,1.0757
1979-09-17,9.74,,1.0762
1979-09-18,9.76,,1.0765
1979-09-19,9.71,,1.08
1979-09-20,9.71,,1.1019
1979-09-21,9.68,,1.1051
1979-09-22,,,1.1051
1979-09-23,,,1.1051
1979-09-24,9.69,,1.1006
1979-09-25,9.67,,1.1035
1979-09-26,9.69,,1.1049
1979-09-27,9.76,,1.1161
1979-09-28,9.76,,1.1198
1979-09-29,,,1.1198
1979-09-30,,,1.1198
1979-10-01,9.77,,1.1215
1979-10-02,9.76,,1.1131
1979-10-03,9.79,,1.1071
1979-10-04,9.92,,1.1058
1979-10-05,10.01,,1.1095
1979-10-06,,,1.1095
1979-10-07,,,1.1095
1979-10-08,,,1.1095
1979-10-09,10.56,,1.0837
1979-10-10,10.71,,1.0958
1979-10-11,10.68,,1.0896
1979-10-12,10.63,,1.0889
1979-10-13,,,1.0889
1979-10-14,,,1.0889
1979-10-15,10.74,,1.0871
1979-10-16,10.81,,1.0838
1979-10-17,10.81,,1.0813
1979-10-18,11.12,,1.0858
1979-10-19,11.55,,1.0845
1979-10-20,,,1.0845
1979-10-21,,,1.0845
1979-10-22,11.91,,1.0813
1979-10-23,11.98,,1.0786
1979-10-24,11.85,,1.0804
1979-10-25,11.95,,1.0824
1979-10-26,11.46,,1.0808
1979-10-27,,,1.0808
1979-10-28,,,1.0808
1979-10-29,11.66,,1.0762
1979-10-30,11.65,,1.079
1979-10-31,11.63,,1.081
1979-11-01,11.57,,1.0853
1979-11-02,11.67,,1.0887
1979-11-03,,,1.0887
1979-11-04,,,1.0887
1979-11-05,11.68,,1.0885
1979-11-06,,,1.0885
1979-11-07,11.7,,1.0919
1979-11-08,11.67,,1.088
1979-11-09,11.2,,1.0865
1979-11-10,,,1.0865
1979-11-11,,,1.0865
1979-11-12,,,1.0865
1979-11-13,11.02,,1.0865
1979-11-14,11.21,,1.0957
1979-11-15,11.04,,1.0927
1979-11-16,11.21,,1.0972
1979-11-17,,,1.0972
1979-11-18,,,1.0972
1979-11-19,11.36,,1.1069
1979-11-20,11.4,,1.1055
1979-11-21,11.38,,1.1099
1979-11-22,,,1.1099
1979-11-23,11.1,,1.1075
1979-11-24,,,1.1075
1979-11-25,,,1.1075
1979-11-26,10.74,,1.1148
1979-11-27,10.54,,1.1148
1979-11-28,10.64,,1.1163
1979-11-29,10.6,,1.1206
1979-11-30,10.68,,1.1273
1979-12-01,,,1.1273
1979-12-02,,,1.1273
1979-12-03,10.8,,1.1418
1979-12-04,10.68,,1.1298
1979-12-05,10.55,,1.1169
1979-12-06,10.42,,1.1186
1979-12-07,10.58,,1.1121
1979-12-08,,,1.1121
1979-12-09,,,1.1121
1979-12-10,10.56,,1.1133
1979-12-11,10.87,,1.1238
1979-12-12,11.14,,1.122
1979-12-13,10.95,,1.125
1979-12-14,10.8,,1.1198
1979-12-15,,,1.1198
1979-12-16,,,1.1198
1979-12-17,10.77,,1.1218
1979-12-18,10.64,,1.1257
1979-12-19,10.66,,1.1273
1979-12-20,10.66,,1.1212
1979-12-21,10.68,,1.1228
1979-12-22,,,1.1228
1979-12-23,,,1.1228
1979-12-24,10.71,,1.1263
1979-12-25,,,1.1263
1979-12-26,10.71,,1.1293
1979-12-27,10.71,,1.1368
1979-12-28,10.69,,1.1299
1979-12-29,,,1.1299
1979-12-30,,,1.1299
1979-12-31,10.62,,1.1299
1980-01-01,,,1.1299
1980-01-02,10.77,,1.1382
1980-01-03,10.79,,1.14
1980-01-04,10.81,,1.1388
1980-01-05,,,1.1388
1980-01-06,,,1.1388
1980-01-07,10.72,,1.1417
1980-01-08,10.67,,1.1384
1980-01-09,10.68,,1.139
1980-01-10,10.62,,1.136
1980-01-11,10.77,,1.133
1980-01-12,,,1.133
1980-01-13,,,1.133
1980-01-14,10.79,,1.1344
1980-01-15,10.77,,1.1287
1980-01-16,10.74,,1.1329
1980-01-17,10.77,,1.1315
1980-01-18,10.82,,1.1315
1980-01-19,,,1.1315
1980-01-20,,,1.1315
1980-01-21,10.95,,1.1278
1980-01-22,10.88,,1.1249
1980-01-23,10.89,,1.1274
1980-01-24,10.97,,1.1261
1980-01-25,11.1,,1.1231
1980-01-26,,,1.1231
1980-01-27,,,1.1231
1980-01-28,11.18,,1.1215
1980-01-29,11.26,,1.1228
1980-01-30,11.21,,1.1226
1980-01-31,11.19,,1.1184
1980-02-01,11.38,,1.1182
1980-02-02,,,1.1182
1980-02-03,,,1.1182
1980-02-04,11.56,,1.1197
1980-02-05,12.1,,1.1192
1980-02-06,11.96,,1.1254
1980-02-07,11.69,,1.1217
1980-02-08,11.82,,1.1212
1980-02-09,,,1.1212
1980-02-10,,,1.1212
1980-02-11,12.03,,1.1215
1980-02-12,,,1.1215
1980-02-13,11.96,,1.124
1980-02-14,12.05,,1.1233
1980-02-15,12.42,,1.1198
1980-02-16,,,1.1198
1980-02-17,,,1.1198
1980-02-18,,,1.1198
1980-02-19,13.34,,1.1157
1980-02-20,13.5,,1.1157
1980-02-21,13.95,,1.1163
1980-02-22,13.82,,1.1088
1980-02-23,,,1.1088
1980-02-24,,,1.1088
1980-02-25,13.99,,1.1072
1980-02-26,14.42,,1.106
1980-02-27,14.22,,1.1094
1980-02-28,13.74,,1.1057
1980-02-29,14.0,,1.0975
1980-03-01,,,1.0975
1980-03-02,,,1.0975
1980-03-03,14.1,,1.0939
1980-03-04,14.1,,1.0891
1980-03-05,14.21,,1.0904
1980-03-06,14.49,,1.0865
1980-03-07,14.43,,1.0859
1980-03-08,,,1.0859
1980-03-09,,,1.0859
1980-03-10,13.95,,1.0777
1980-03-11,13.61,,1.0763
1980-03-12,13.89,,1.079
1980-03-13,13.85,,1.0707
1980-03-14,13.85,,1.0639
1980-03-15,,,1.0639
1980-03-16,,,1.0639
1980-03-17,13.88,,1.0407
1980-03-18,13.68,,1.0391
1980-03-19,13.63,,1.0412
1980-03-20,14.02,,1.0454
1980-03-21,14.07,,1.0385
1980-03-22,,,1.0385
1980-03-23,,,1.0385
1980-03-24,14.53,,1.033
1980-03-25,14.41,,1.0277
1980-03-26,14.4,,1.0281
1980-03-27,14.25,,1.016
1980-03-28,13.96,,1.0094
1980-03-29,,,1.0094
1980-03-30,,,1.0094
1980-03-31,13.69,,0.9993
1980-04-01,13.67,,0.9942
1980-04-02,13.62,,0.9978
1980-04-03,13.57,,0.9931
1980-04-04,,,0.99
1980-04-05,,,0.99
1980-04-06,,,0.99
1980-04-07,12.94,,0.9875
1980-04-08,12.99,,1.0047
1980-04-09,12.93,,1.0319
1980-04-10,12.99,,1.039
1980-04-11,12.68,,1.0393
1980-04-12,,,1.0393
1980-04-13,,,1.0393
1980-04-14,12.4,,1.042
1980-04-15,12.1,,1.0291
1980-04-16,11.36,,1.0485
1980-04-17,11.66,,1.0501
1980-04-18,11.52,,1.0519
1980-04-19,,,1.0519
1980-04-20,,,1.0519
1980-04-21,11.22,,1.0551
1980-04-22,11.18,,1.0474
1980-04-23,11.24,,1.0697
1980-04-24,11.24,,1.0718
1980-04-25,11.25,,1.0757
1980-04-26,,,1.0757
1980-04-27,,,1.0757
1980-04-28,10.66,,1.0845
1980-04-29,10.54,,1.0855
1980-04-30,10.67,,1.0835
1980-05-01,10.58,,1.0823
1980-05-02,9.99,,1.0695
1980-05-03,,,1.0695
1980-05-04,,,1.0695
1980-05-05,9.9,,1.0859
1980-05-06,9.41,,1.0877
1980-05-07,9.35,,1.0923
1980-05-08,9.5,,1.0874
1980-05-09,9.68,,1.0763
1980-05-10,,,1.0763
1980-05-11,,,1.0763
1980-05-12,9.49,,1.0891
1980-05-13,9.29,,1.087
1980-05-14,9.29,,1.0899
1980-05-15,9.47,,1.0889
1980-05-16,9.67,,1.0872
1980-05-17,,,1.0872
1980-05-18,,,1.0872
1980-05-19,9.63,,1.0819
1980-05-20,9.23,,1.0815
1980-05-21,9.21,,1.0905
1980-05-22,9.22,,1.0898
1980-05-23,8.85,,1.0965
1980-05-24,,,1.0965
1980-05-25,,,1.0965
1980-05-26,,,1.0965
1980-05-27,8.93,,1.1066
1980-05-28,9.11,,1.1004
1980-05-29,9.24,,1.0965
1980-05-30,9.28,,1.0966
1980-05-31,,,1.0966
1980-06-01,,,1.0966
1980-06-02,9.43,,1.094
1980-06-03,9.36,,1.0985
1980-06-04,9.24,,1.0995
1980-06-05,9.15,,1.0988
1980-06-06,8.96,,1.1008
1980-06-07,,,1.1008
1980-06-08,,,1.1008
1980-06-09,8.85,,1.1068
1980-06-10,8.96,,1.1071
1980-06-11,8.88,,1.1046
1980-06-12,8.65,,1.106
1980-06-13,8.57,,1.1111
1980-06-14,,,1.1111
1980-06-15,,,1.1111
1980-06-16,8.57,,1.1033
1980-06-17,8.56,,1.1062
1980-06-18,8.71,,1.1058
1980-06-19,8.76,,1.1036
1980-06-20,8.58,,1.1031
1980-06-21,,,1.1031
1980-06-22,,,1.1031
1980-06-23,8.75,,1.1035
1980-06-24,8.85,,1.1018
1980-06-25,8.95,,1.1028
1980-06-26,9.04,,1.1053
1980-06-27,9.19,,1.1058
1980-06-28,,,1.1058
1980-06-29,,,1.1058
1980-06-30,9.19,,1.1056
1980-07-01,9.26,,1.1071
1980-07-02,9.18,,1.109
1980-07-03,8.98,,1.1106
1980-07-04,,,1.1106
1980-07-05,,,1.1106
1980-07-06,,,1.1106
1980-07-07,9.15,,1.1215
1980-07-08,9.05,,1.121
1980-07-09,9.11,,1.1202
1980-07-10,9.21,,1.1223
1980-07-11,9.3,,1.1218
1980-07-12,,,1.1218
1980-07-13,,,1.1218
1980-07-14,9.37,,1.1183
1980-07-15,9.22,,1.1158
1980-07-16,9.05,,1.1184
1980-07-17,9.16,,1.1233
1980-07-18,9.16,,1.1163
1980-07-19,,,1.1163
1980-07-20,,,1.1163
1980-07-21,9.14,,1.1199
1980-07-22,9.19,,1.1217
1980-07-23,9.17,,1.121
1980-07-24,9.29,,1.1238
1980-07-25,9.37,,1.1218
1980-07-26,,,1.1218
1980-07-27,,,1.1218
1980-07-28,9.52,,1.1247
1980-07-29,9.57,,1.1089
1980-07-30,9.56,,1.0978
1980-07-31,9.95,,1.0954
1980-08-01,9.98,,1.0875
1980-08-02,,,1.0875
1980-08-03,,,1.0875
1980-08-04,9.87,,1.0925
1980-08-05,9.89,,1.0979
1980-08-06,9.89,,1.1027
1980-08-07,9.86,,1.0942
1980-08-08,9.99,,1.0936
1980-08-09,,,1.0936
1980-08-10,,,1.0936
1980-08-11,10.21,,1.0939
1980-08-12,10.16,,1.0954
1980-08-13,10.13,,1.0942
1980-08-14,10.17,,1.0919
1980-08-15,10.21,,1.0916
1980-08-16,,,1.0916
1980-08-17,,,1.0916
1980-08-18,10.83,,1.0846
1980-08-19,10.97,,1.0835
1980-08-20,11.16,,1.0853
1980-08-21,11.24,,1.086
1980-08-22,11.11,,1.0792
1980-08-23,,,1.0792
1980-08-24,,,1.0792
1980-08-25,11.4,,1.0806
1980-08-26,11.38,,1.0823
1980-08-27,11.58,,1.0834
1980-08-28,11.74,,1.0911
1980-08-29,11.48,,1.0884
1980-08-30,,,1.0884
1980-08-31,,,1.0884
1980-09-01,,,1.0884
1980-09-02,11.13,,1.0969
1980-09-03,10.77,,1.0982
1980-09-04,10.86,,1.0976
1980-09-05,10.92,,1.0943
1980-09-06,,,1.0943
1980-09-07,,,1.0943
1980-09-08,11.08,,1.0976
1980-09-09,11.08,,1.0955
1980-09-10,11.06,,1.0964
1980-09-11,11.27,,1.0972
1980-09-12,11.41,,1.0957
1980-09-13,,,1.0957
1980-09-14,,,1.0957
1980-09-15,11.83,,1.0939
1980-09-16,11.69,,1.093
1980-09-17,11.83,,1.0949
1980-09-18,11.82,,1.0884
1980-09-19,11.53,,1.087
1980-09-20,,,1.087
1980-09-21,,,1.087
1980-09-22,11.95,,1.0793
1980-09-23,11.98,,1.0767
1980-09-24,11.98,,1.0865
1980-09-25,12.12,,1.0844
1980-09-26,12.29,,1.0823
1980-09-27,,,1.0823
1980-09-28,,,1.0823
1980-09-29,12.32,,1.0753
1980-09-30,12.06,,1.0758
1980-10-01,11.99,,1.0784
1980-10-02,12.0,,1.0763
1980-10-03,11.46,,1.0768
1980-10-04,,,1.0768
1980-10-05,,,1.0768
1980-10-06,11.4,,1.0841
1980-10-07,11.45,,1.0806
1980-10-08,11.67,,1.0813
1980-10-09,11.57,,1.0804
1980-10-10,11.62,,1.081
1980-10-11,,,1.081
1980-10-12,,,1.081
1980-10-13,,,1.081
1980-10-14,11.6,,1.0731
1980-10-15,11.51,,1.0681
1980-10-16,11.65,,1.0669
1980-10-17,11.84,,1.0576
1980-10-18,,,1.0576
1980-10-19,,,1.0576
1980-10-20,11.87,,1.0456
1980-10-21,11.96,,1.0476
1980-10-22,12.24,,1.0465
1980-10-23,12.2,,1.047
1980-10-24,12.12,,1.0447
1980-10-25,,,1.0447
1980-10-26,,,1.0447
1980-10-27,12.56,,1.0379
1980-10-28,12.77,,1.03
1980-10-29,12.89,,1.0347
1980-10-30,12.93,,1.0275
1980-10-31,12.97,,1.0232
1980-11-01,,,1.0232
1980-11-02,,,1.0232
1980-11-03,13.03,,1.0179
1980-11-04,,,1.0179
1980-11-05,13.34,,1.0035
1980-11-06,13.49,,1.0023
1980-11-07,13.22,,0.9961
1980-11-08,,,0.9961
1980-11-09,,,0.9961
1980-11-10,13.23,,1.0256
1980-11-11,,,1.0256
1980-11-12,12.79,,1.0262
1980-11-13,12.8,,1.0303
1980-11-14,13.15,,1.0236
1980-11-15,,,1.0236
1980-11-16,,,1.0236
1980-11-17,13.52,,1.0098
1980-11-18,13.25,,1.0163
1980-11-19,13.08,,1.0251
1980-11-20,13.27,,1.0184
1980-11-21,13.54,,1.0173
1980-11-22,,,1.0173
1980-11-23,,,1.0173
1980-11-24,13.57,,1.0171
1980-11-25,13.63,,1.0205
1980-11-26,13.59,,1.0151
1980-11-27,,,1.0151
1980-11-28,13.69,,1.012
1980-11-29,,,1.012
1980-11-30,,,1.012
1980-12-01,13.81,,1.005
1980-12-02,13.77,,1.0011
1980-12-03,13.67,,1.0055
1980-12-04,13.73,,1.0034
1980-12-05,13.89,,0.9945
1980-12-06,,,0.9945
1980-12-07,,,0.9945
1980-12-08,13.95,,0.9934
1980-12-09,14.04,,0.9835
1980-12-10,14.03,,0.9714
1980-12-11,14.37,,0.9661
1980-12-12,14.09,,0.9717
1980-12-13,,,0.9717
1980-12-14,,,0.9717
1980-12-15,14.19,,0.98
1980-12-16,14.41,,0.9662
1980-12-17,14.31,,0.9856
1980-12-18,14.28,,0.9786
1980-12-19,13.66,,0.9882
1980-12-20,,,0.9882
1980-12-21,,,0.9882
1980-12-22,12.89,,0.9965
1980-12-23,12.86,,0.9988
1980-12-24,13.07,,1.0036
1980-12-25,,,1.0036
1980-12-26,12.81,,1.0039
1980-12-27,,,1.0039
1980-12-28,,,1.0039
1980-12-29,12.71,,0.9975
1980-12-30,12.83,,0.9991
1980-12-31,12.85,,0.9882
1981-01-01,,,0.9882
1981-01-02,12.83,,0.9875
1981-01-03,,,0.9875
1981-01-04,,,0.9875
1981-01-05,12.28,,1.0057
1981-01-06,12.31,,1.0079
1981-01-07,12.78,,1.0014
1981-01-08,12.95,,0.9933
1981-01-09,13.28,,0.9856
1981-01-10,,,0.9856
1981-01-11,,,0.9856
1981-01-12,12.94,,0.9824
1981-01-13,12.97,,0.9748
1981-01-14,12.75,,0.9788
1981-01-15,13.02,,0.9748
1981-01-16,12.85,,0.9717
1981-01-17,,,0.9717
1981-01-18,,,0.9717
1981-01-19,13.25,,0.9708
1981-01-20,13.1,,0.9751
1981-01-21,13.38,,0.9783
1981-01-22,13.47,,0.9634
1981-01-23,13.42,,0.9583
1981-01-24,,,0.9583
1981-01-25,,,0.9583
1981-01-26,13.09,,0.9505
1981-01-27,13.14,,0.9417
1981-01-28,13.19,,0.9354
1981-01-29,13.16,,0.9314
1981-01-30,13.05,,0.9147
1981-01-31,,,0.9147
1981-02-01,,,0.9147
1981-02-02,13.29,,0.9195
1981-02-03,13.48,,0.9135
1981-02-04,13.38,,0.9225
1981-02-05,13.35,,0.9088
1981-02-06,13.55,,0.9112
1981-02-07,,,0.9112
1981-02-08,,,0.9112
1981-02-09,13.61,,0.9122
1981-02-10,13.78,,0.9079
1981-02-11,13.97,,0.9073
1981-02-12,,,0.9073
1981-02-13,14.09,,0.8785
1981-02-14,,,0.8785
1981-02-15,,,0.8785
1981-02-16,,,0.8785
1981-02-17,13.69,,0.8881
1981-02-18,13.66,,0.8915
1981-02-19,13.45,,0.9147
1981-02-20,13.33,,0.9304
1981-02-21,,,0.9304
1981-02-22,,,0.9304
1981-02-23,13.64,,0.9234
1981-02-24,13.7,,0.9217
1981-02-25,13.76,,0.9255
1981-02-26,13.97,,0.9217
1981-02-27,13.95,,0.9151
1981-02-28,,,0.9151
1981-03-01,,,0.9151
1981-03-02,14.17,,0.9062
1981-03-03,13.96,,0.906
1981-03-04,13.99,,0.9122
1981-03-05,13.95,,0.9119
1981-03-06,13.68,,0.913
1981-03-07,,,0.913
1981-03-08,,,0.913
1981-03-09,13.65,,0.9249
1981-03-10,13.58,,0.9253
1981-03-11,13.62,,0.9217
1981-03-12,13.53,,0.9229
1981-03-13,13.36,,0.9245
1981-03-14,,,0.9245
1981-03-15,,,0.9245
1981-03-16,13.27,,0.9323
1981-03-17,13.2,,0.9341
1981-03-18,12.85,,0.9488
1981-03-19,12.98,,0.9514
1981-03-20,12.99,,0.943
1981-03-21,,,0.943
1981-03-22,,,0.943
1981-03-23,13.44,,0.9342
1981-03-24,13.57,,0.9366
1981-03-25,13.51,,0.9352
1981-03-26,13.64,,0.9229
1981-03-27,13.67,,0.9178
1981-03-28,,,0.9178
1981-03-29,,,0.9178
1981-03-30,13.4,,0.9297
1981-03-31,13.27,,0.924
1981-04-01,13.29,,0.9298
1981-04-02,13.44,,0.9236
1981-04-03,13.62,,0.9168
1981-04-04,,,0.9168
1981-04-05,,,0.9168
1981-04-06,14.1,,0.9044
1981-04-07,13.73,,0.9204
1981-04-08,13.88,,0.9142
1981-04-09,13.84,,0.9097
1981-04-10,13.89,,0.9058
1981-04-11,,,0.9058
1981-04-12,,,0.9058
1981-04-13,14.05,,0.8979
1981-04-14,13.92,,0.9005
1981-04-15,14.13,,0.8949
1981-04-16,14.16,,0.8915
1981-04-17,,,0.8905
1981-04-18,,,0.8905
1981-04-19,,,0.8905
1981-04-20,14.2,,0.8928
1981-04-21,14.25,,0.894
1981-04-22,14.31,,0.9016
1981-04-23,14.38,,0.8966
1981-04-24,14.49,,0.8956
1981-04-25,,,0.8956
1981-04-26,,,0.8956
1981-04-27,14.55,,0.894
1981-04-28,14.49,,0.8919
1981-04-29,14.55,,0.8812
1981-04-30,14.68,,0.8823
1981-05-01,14.57,,0.8853
1981-05-02,,,0.8853
1981-05-03,,,0.8853
1981-05-04,15.14,,0.8688
1981-05-05,15.69,,0.8606
1981-05-06,15.43,,0.8637
1981-05-07,15.29,,0.8574
1981-05-08,15.21,,0.8648
1981-05-09,,,0.8648
1981-05-10,,,0.8648
1981-05-11,15.3,,0.8538
1981-05-12,15.48,,0.8495
1981-05-13,15.52,,0.8493
1981-05-14,15.38,,0.8439
1981-05-15,15.13,,0.8447
1981-05-16,,,0.8447
1981-05-17,,,0.8447
1981-05-18,14.71,,0.8462
1981-05-19,15.03,,0.8446
1981-05-20,15.19,,0.8486
1981-05-21,15.33,,0.8395
1981-05-22,14.99,,0.8422
1981-05-23,,,0.8422
1981-05-24,,,0.8422
1981-05-25,,,0.8422
1981-05-26,14.63,,0.8356
1981-05-27,14.78,,0.8312
1981-05-28,14.47,,0.839
1981-05-29,14.31,,0.837
1981-05-30,,,0.837
1981-05-31,,,0.837
1981-06-01,14.35,,0.8352
1981-06-02,14.45,,0.8226
1981-06-03,14.38,,0.8262
1981-06-04,14.45,,0.8079
1981-06-05,14.45,,0.8089
1981-06-06,,,0.8089
1981-06-07,,,0.8089
1981-06-08,14.11,,0.8109
1981-06-09,14.2,,0.8116
1981-06-10,14.11,,0.8222
1981-06-11,14.16,,0.8111
1981-06-12,14.21,,0.8143
1981-06-13,,,0.8143
1981-06-14,,,0.8143
1981-06-15,13.86,,0.8313
1981-06-16,13.88,,0.8308
1981-06-17,14.11,,0.8303
1981-06-18,14.46,,0.8222
1981-06-19,14.44,,0.8203
1981-06-20,,,0.8203
1981-06-21,,,0.8203
1981-06-22,14.31,,0.8254
1981-06-23,14.35,,0.828
1981-06-24,14.46,,0.8229
1981-06-25,14.42,,0.8152
1981-06-26,14.39,,0.8167
1981-06-27,,,0.8167
1981-06-28,,,0.8167
1981-06-29,14.33,,0.815
1981-06-30,14.57,,0.8146
1981-07-01,14.7,,0.8082
1981-07-02,14.7,,0.8086
1981-07-03,,,0.8074
1981-07-04,,,0.8074
1981-07-05,,,0.8074
1981-07-06,14.57,,0.7964
1981-07-07,14.73,,0.7981
1981-07-08,14.83,,0.7876
1981-07-09,14.9,,0.791
1981-07-10,14.75,,0.7998
1981-07-11,,,0.7998
1981-07-12,,,0.7998
1981-07-13,14.71,,0.8048
1981-07-14,14.9,,0.7967
1981-07-15,14.85,,0.8098
1981-07-16,14.92,,0.8091
1981-07-17,14.92,,0.8037
1981-07-18,,,0.8037
1981-07-19,,,0.8037
1981-07-20,15.75,,0.797
1981-07-21,15.66,,0.7895
1981-07-22,15.69,,0.7991
1981-07-23,15.59,,0.7973
1981-07-24,15.37,,0.7999
1981-07-25,,,0.7999
1981-07-26,,,0.7999
1981-07-27,15.28,,0.8007
1981-07-28,15.57,,0.7989
1981-07-29,15.6,,0.7936
1981-07-30,15.69,,0.7937
1981-07-31,15.63,,0.7892
1981-08-01,,,0.7892
1981-08-02,,,0.7892
1981-08-03,16.04,,0.7718
1981-08-04,15.97,,0.7693
1981-08-05,15.83,,0.7771
1981-08-06,15.77,,0.7735
1981-08-07,15.79,,0.7704
1981-08-08,,,0.7704
1981-08-09,,,0.7704
1981-08-10,15.55,,0.7586
1981-08-11,15.37,,0.7621
1981-08-12,15.7,,0.7804
1981-08-13,15.83,,0.7749
1981-08-14,15.88,,0.7718
1981-08-15,,,0.7718
1981-08-16,,,0.7718
1981-08-17,15.91,,0.7811
1981-08-18,15.99,,0.7808
1981-08-19,15.97,,0.7808
1981-08-20,16.02,,0.7893
1981-08-21,15.99,,0.7963
1981-08-22,,,0.7963
1981-08-23,,,0.7963
1981-08-24,16.46,,0.7884
1981-08-25,16.39,,0.779
1981-08-26,16.39,,0.7913
1981-08-27,16.47,,0.7878
1981-08-28,16.25,,0.7957
1981-08-29,,,0.7957
1981-08-30,,,0.7957
1981-08-31,16.33,,0.7968
1981-09-01,16.57,,0.794
1981-09-02,16.43,,0.7992
1981-09-03,16.48,,0.804
1981-09-04,16.52,,0.8089
1981-09-05,,,0.8089
1981-09-06,,,0.8089
1981-09-07,,,0.8089
1981-09-08,16.56,,0.8004
1981-09-09,16.59,,0.8026
1981-09-10,16.39,,0.813
1981-09-11,16.15,,0.8123
1981-09-12,,,0.8123
1981-09-13,,,0.8123
1981-09-14,16.23,,0.8207
1981-09-15,15.97,,0.8343
1981-09-16,15.99,,0.8453
1981-09-17,15.83,,0.8554
1981-09-18,15.83,,0.8592
1981-09-19,,,0.8592
1981-09-20,,,0.8592
1981-09-21,15.57,,0.8746
1981-09-22,15.87,,0.8546
1981-09-23,16.01,,0.8479
1981-09-24,16.08,,0.8419
1981-09-25,16.37,,0.8395
1981-09-26,,,0.8395
1981-09-27,,,0.8395
1981-09-28,16.36,,0.8334
1981-09-29,16.46,,0.844
1981-09-30,16.45,,0.8389
1981-10-01,16.4,,0.8395
1981-10-02,16.11,,0.8501
1981-10-03,,,0.8501
1981-10-04,,,0.8501
1981-10-05,15.77,,0.8765
1981-10-06,15.78,,0.8658
1981-10-07,15.62,,0.8789
1981-10-08,15.65,,0.884
1981-10-09,15.15,,0.8903
1981-10-10,,,0.8903
1981-10-11,,,0.8903
1981-10-12,,,0.8903
1981-10-13,15.14,,0.8779
1981-10-14,15.21,,0.8775
1981-10-15,15.17,,0.8747
1981-10-16,15.3,,0.8714
1981-10-17,,,0.8714
1981-10-18,,,0.8714
1981-10-19,15.36,,0.8734
1981-10-20,15.44,,0.8718
1981-10-21,15.57,,0.858
1981-10-22,15.6,,0.8548
1981-10-23,15.54,,0.8572
1981-10-24,,,0.8572
1981-10-25,,,0.8572
1981-10-26,15.68,,0.8442
1981-10-27,15.68,,0.8459
1981-10-28,15.57,,0.8512
1981-10-29,15.11,,0.8591
1981-10-30,14.65,,0.8693
1981-10-31,,,0.8693
1981-11-01,,,0.8693
1981-11-02,14.44,,0.8773
1981-11-03,,,0.8773
1981-11-04,14.13,,0.8817
1981-11-05,14.23,,0.8767
1981-11-06,13.88,,0.8777
1981-11-07,,,0.8777
1981-11-08,,,0.8777
1981-11-09,13.25,,0.8843
1981-11-10,13.23,,0.8749
1981-11-11,,,0.8749
1981-11-12,12.85,,0.8819
1981-11-13,12.93,,0.8777
1981-11-14,,,0.8777
1981-11-15,,,0.8777
1981-11-16,12.79,,0.8702
1981-11-17,12.85,,0.8662
1981-11-18,12.65,,0.8722
1981-11-19,12.67,,0.869
1981-11-20,12.63,,0.8633
1981-11-21,,,0.8633
1981-11-22,,,0.8633
1981-11-23,12.97,,0.8657
1981-11-24,12.63,,0.8744
1981-11-25,12.54,,0.8739
1981-11-26,,,0.8739
1981-11-27,12.55,,0.8801
1981-11-28,,,0.8801
1981-11-29,,,0.8801
1981-11-30,12.81,,0.8809
1981-12-01,13.22,,0.8769
1981-12-02,13.25,,0.8793
1981-12-03,13.26,,0.8737
1981-12-04,12.75,,0.8759
1981-12-05,,,0.8759
1981-12-06,,,0.8759
1981-12-07,13.19,,0.8702
1981-12-08,13.25,,0.8672
1981-12-09,13.39,,0.8702
1981-12-10,13.75,,0.8653
1981-12-11,13.7,,0.8626
1981-12-12,,,0.8626
1981-12-13,,,0.8626
1981-12-14,13.67,,0.8542
1981-12-15,13.45,,0.8598
1981-12-16,13.44,,0.8563
1981-12-17,13.68,,0.8567
1981-12-18,13.57,,0.8509
1981-12-19,,,0.8509
1981-12-20,,,0.8509
1981-12-21,13.95,,0.8539
1981-12-22,14.11,,0.8581
1981-12-23,14.37,,0.8572
1981-12-24,14.17,,0.8598
1981-12-25,,,0.8598
1981-12-26,,,0.8598
1981-12-27,,,0.8598
1981-12-28,14.14,,0.8593
1981-12-29,14.15,,0.8586
1981-12-30,14.07,,0.8664
1981-12-31,13.99,,0.8715
1982-01-01,,,0.8715
1982-01-02,,,0.8715
1982-01-03,,,0.8715
1982-01-04,14.06,,0.8701
1982-01-05,14.34,,0.8624
1982-01-06,14.41,,0.8684
1982-01-07,14.48,,0.8624
1982-01-08,14.33,,0.8636
1982-01-09,,,0.8636
1982-01-10,,,0.8636
1982-01-11,14.69,,0.8538
1982-01-12,14.59,,0.8527
1982-01-13,14.77,,0.8506
1982-01-14,14.74,,0.8457
1982-01-15,14.85,,0.8435
1982-01-16,,,0.8435
1982-01-17,,,0.8435
1982-01-18,14.89,,0.8488
1982-01-19,14.82,,0.8499
1982-01-20,15.01,,0.8448
1982-01-21,14.86,,0.8489
1982-01-22,15.0,,0.8448
1982-01-23,,,0.8448
1982-01-24,,,0.8448
1982-01-25,14.9,,0.8341
1982-01-26,14.71,,0.8428
1982-01-27,14.66,,0.8397
1982-01-28,14.33,,0.8379
1982-01-29,14.26,,0.8419
1982-01-30,,,0.8419
1982-01-31,,,0.8419
1982-02-01,14.89,,0.8299
1982-02-02,14.69,,0.829
1982-02-03,14.85,,0.8265
1982-02-04,14.89,,0.8328
1982-02-05,14.86,,0.8316
1982-02-06,,,0.8316
1982-02-07,,,0.8316
1982-02-08,15.11,,0.8271
1982-02-09,15.16,,0.8212
1982-02-10,15.05,,0.8241
1982-02-11,14.89,,0.8241
1982-02-12,,,0.8241
1982-02-13,,,0.8241
1982-02-14,,,0.8241
1982-02-15,,,0.8241
1982-02-16,14.98,,0.8141
1982-02-17,15.01,,0.8129
1982-02-18,14.81,,0.8242
1982-02-19,14.72,,0.8247
1982-02-20,,,0.8247
1982-02-21,,,0.8247
1982-02-22,14.27,,0.8293
1982-02-23,14.25,,0.8218
1982-02-24,14.17,,0.8239
1982-02-25,14.17,,0.823
1982-02-26,14.44,,0.8167
1982-02-27,,,0.8167
1982-02-28,,,0.8167
1982-03-01,14.15,,0.8169
1982-03-02,14.06,,0.8205
1982-03-03,14.01,,0.8222
1982-03-04,13.84,,0.8248
1982-03-05,13.74,,0.8322
1982-03-06,,,0.8322
1982-03-07,,,0.8322
1982-03-08,13.7,,0.8324
1982-03-09,13.8,,0.8238
1982-03-10,13.83,,0.8269
1982-03-11,14.17,,0.8225
1982-03-12,14.21,,0.8196
1982-03-13,,,0.8196
1982-03-14,,,0.8196
1982-03-15,14.27,,0.8216
1982-03-16,14.18,,0.8203
1982-03-17,14.11,,0.8219
1982-03-18,14.17,,0.821
1982-03-19,14.24,,0.8181
1982-03-20,,,0.8181
1982-03-21,,,0.8181
1982-03-22,14.08,,0.8157
1982-03-23,14.09,,0.8177
1982-03-24,14.18,,0.8172
1982-03-25,14.22,,0.8148
1982-03-26,14.32,,0.8139
1982-03-27,,,0.8139
1982-03-28,,,0.8139
1982-03-29,14.57,,0.8076
1982-03-30,14.51,,0.8098
1982-03-31,14.52,,0.8067
1982-04-01,14.37,,0.8116
1982-04-02,14.39,,0.8132
1982-04-03,,,0.8132
1982-04-04,,,0.8132
1982-04-05,14.37,,0.8098
1982-04-06,14.38,,0.8079
1982-04-07,14.41,,0.808
1982-04-08,14.29,,0.8051
1982-04-09,,,0.8051
1982-04-10,,,0.8051
1982-04-11,,,0.8051
1982-04-12,14.16,,0.806
1982-04-13,14.2,,0.8085
1982-04-14,14.29,,0.8062
1982-04-15,14.29,,0.8044
1982-04-16,14.11,,0.8052
1982-04-17,,,0.8052
1982-04-18,,,0.8052
1982-04-19,14.13,,0.8091
1982-04-20,14.13,,0.813
1982-04-21,14.0,,0.8143
1982-04-22,14.08,,0.8139
1982-04-23,14.09,,0.8169
1982-04-24,,,0.8169
1982-04-25,,,0.8169
1982-04-26,14.03,,0.8216
1982-04-27,14.01,,0.8234
1982-04-28,14.02,,0.828
1982-04-29,14.03,,0.8338
1982-04-30,14.0,,0.8367
1982-05-01,,,0.8367
1982-05-02,,,0.8367
1982-05-03,14.15,,0.834
1982-05-04,14.12,,0.8315
1982-05-05,14.02,,0.8403
1982-05-06,13.76,,0.8445
1982-05-07,13.68,,0.8518
1982-05-08,,,0.8518
1982-05-09,,,0.8518
1982-05-10,13.62,,0.8532
1982-05-11,13.65,,0.8546
1982-05-12,13.78,,0.8543
1982-05-13,13.82,,0.8505
1982-05-14,13.76,,0.8456
1982-05-15,,,0.8456
1982-05-16,,,0.8456
1982-05-17,13.72,,0.8461
1982-05-18,13.79,,0.8417
1982-05-19,13.82,,0.8412
1982-05-20,13.6,,0.8418
1982-05-21,13.61,,0.8457
1982-05-22,,,0.8457
1982-05-23,,,0.8457
1982-05-24,13.68,,0.8477
1982-05-25,13.7,,0.8425
1982-05-26,13.69,,0.8374
1982-05-27,13.73,,0.8314
1982-05-28,13.73,,0.8308
1982-05-29,,,0.8308
1982-05-30,,,0.8308
1982-05-31,,,0.8308
1982-06-01,14.0,,0.8207
1982-06-02,13.99,,0.8232
1982-06-03,13.94,,0.8254
1982-06-04,14.03,,0.8246
1982-06-05,,,0.8246
1982-06-06,,,0.8246
1982-06-07,13.99,,0.8187
1982-06-08,14.05,,0.8125
1982-06-09,14.14,,0.8077
1982-06-10,14.15,,0.8082
1982-06-11,14.09,,0.8145
1982-06-12,,,0.8145
1982-06-13,,,0.8145
1982-06-14,14.37,,0.8052
1982-06-15,14.4,,0.8061
1982-06-16,14.46,,0.8013
1982-06-17,14.73,,0.7975
1982-06-18,14.87,,0.7926
1982-06-19,,,0.7926
1982-06-20,,,0.7926
1982-06-21,14.92,,0.787
1982-06-22,14.94,,0.7947
1982-06-23,14.97,,0.7873
1982-06-24,14.98,,0.7884
1982-06-25,14.95,,0.7842
1982-06-26,,,0.7842
1982-06-27,,,0.7842
1982-06-28,14.95,,0.7822
1982-06-29,14.87,,0.792
1982-06-30,14.78,,0.793
1982-07-01,14.68,,0.7897
1982-07-02,14.77,,0.7873
1982-07-03,,,0.7873
1982-07-04,,,0.7873
1982-07-05,,,0.7873
1982-07-06,14.78,,0.7833
1982-07-07,14.74,,0.7766
1982-07-08,14.3,,0.7758
1982-07-09,14.12,,0.782
1982-07-10,,,0.782
1982-07-11,,,0.782
1982-07-12,14.0,,0.7871
1982-07-13,14.19,,0.7811
1982-07-14,14.26,,0.7814
1982-07-15,14.14,,0.7825
1982-07-16,13.82,,0.7875
1982-07-17,,,0.7875
1982-07-18,,,0.7875
1982-07-19,13.73,,0.7883
1982-07-20,13.5,,0.7956
1982-07-21,13.54,,0.8023
1982-07-22,13.46,,0.8017
1982-07-23,13.44,,0.814
1982-07-24,,,0.814
1982-07-25,,,0.814
1982-07-26,13.78,,0.8095
1982-07-27,13.73,,0.8034
1982-07-28,13.86,,0.796
1982-07-29,13.7,,0.7928
1982-07-30,13.53,,0.7908
1982-07-31,,,0.7908
1982-08-01,,,0.7908
1982-08-02,13.22,,0.8012
1982-08-03,13.16,,0.7986
1982-08-04,13.18,,0.7844
1982-08-05,13.23,,0.7845
1982-08-06,13.5,,0.7812
1982-08-07,,,0.7812
1982-08-08,,,0.7812
1982-08-09,13.34,,0.7747
1982-08-10,13.36,,0.7751
1982-08-11,13.39,,0.773
1982-08-12,13.15,,0.7745
1982-08-13,12.95,,0.7769
1982-08-14,,,0.7769
1982-08-15,,,0.7769
1982-08-16,12.61,,0.7738
1982-08-17,12.21,,0.7779
1982-08-18,12.02,,0.7864
1982-08-19,11.91,,0.7846
1982-08-20,11.61,,0.795
1982-08-21,,,0.795
1982-08-22,,,0.795
1982-08-23,11.9,,0.7943
1982-08-24,11.81,,0.8065
1982-08-25,11.91,,0.8034
1982-08-26,11.96,,0.7997
1982-08-27,12.44,,0.7893
1982-08-28,,,0.7893
1982-08-29,,,0.7893
1982-08-30,12.44,,0.7779
1982-08-31,12.36,,0.7811
1982-09-01,12.32,,0.7828
1982-09-02,12.24,,0.7885
1982-09-03,11.91,,0.7876
1982-09-04,,,0.7876
1982-09-05,,,0.7876
1982-09-06,,,0.7876
1982-09-07,12.03,,0.7884
1982-09-08,12.12,,0.7839
1982-09-09,12.15,,0.786
1982-09-10,12.32,,0.7785
1982-09-11,,,0.7785
1982-09-12,,,0.7785
1982-09-13,12.21,,0.7743
1982-09-14,12.12,,0.776
1982-09-15,12.35,,0.7756
1982-09-16,12.28,,0.776
1982-09-17,12.19,,0.7798
1982-09-18,,,0.7798
1982-09-19,,,0.7798
1982-09-20,12.19,,0.7791
1982-09-21,11.92,,0.7786
1982-09-22,11.9,,0.7811
1982-09-23,11.83,,0.7773
1982-09-24,11.96,,0.7759
1982-09-25,,,0.7759
1982-09-26,,,0.7759
1982-09-27,11.87,,0.7676
1982-09-28,11.66,,0.7669
1982-09-29,11.59,,0.7715
1982-09-30,11.52,,0.7712
1982-10-01,11.38,,0.7722
1982-10-02,,,0.7722
1982-10-03,,,0.7722
1982-10-04,11.66,,0.7635
1982-10-05,11.62,,0.7642
1982-10-06,11.42,,0.7665
1982-10-07,10.71,,0.7731
1982-10-08,10.54,,0.7718
1982-10-09,,,0.7718
1982-10-10,,,0.7718
1982-10-11,,,0.7718
1982-10-12,10.11,,0.7835
1982-10-13,10.17,,0.7768
1982-10-14,10.3,,0.7748
1982-10-15,10.51,,0.7748
1982-10-16,,,0.7748
1982-10-17,,,0.7748
1982-10-18,10.23,,0.7756
1982-10-19,10.18,,0.7751
1982-10-20,10.3,,0.7723
1982-10-21,10.27,,0.771
1982-10-22,10.44,,0.7712
1982-10-23,,,0.7712
1982-10-24,,,0.7712
1982-10-25,10.78,,0.7634
1982-10-26,10.51,,0.7654
1982-10-27,10.54,,0.7669
1982-10-28,10.43,,0.7616
1982-10-29,10.35,,0.7618
1982-10-30,,,0.7618
1982-10-31,,,0.7618
1982-11-01,10.2,,0.7641
1982-11-02,,,0.7641
1982-11-03,9.87,,0.7625
1982-11-04,9.86,,0.7571
1982-11-05,9.91,,0.7563
1982-11-06,,,0.7563
1982-11-07,,,0.7563
1982-11-08,9.97,,0.7513
1982-11-09,9.92,,0.7555
1982-11-10,9.93,,0.7568
1982-11-11,,,0.7568
1982-11-12,10.03,,0.7527
1982-11-13,,,0.7527
1982-11-14,,,0.7527
1982-11-15,10.06,,0.754
1982-11-16,10.1,,0.7583
1982-11-17,10.03,,0.7577
1982-11-18,9.97,,0.7593
1982-11-19,9.88,,0.7669
1982-11-20,,,0.7669
1982-11-21,,,0.7669
1982-11-22,9.87,,0.7661
1982-11-23,9.91,,0.7651
1982-11-24,9.94,,0.7717
1982-11-25,,,0.7717
1982-11-26,9.95,,0.778
1982-11-27,,,0.778
1982-11-28,,,0.778
1982-11-29,10.15,,0.7849
1982-11-30,10.08,,0.7911
1982-12-01,10.08,,0.7907
1982-12-02,10.03,,0.7966
1982-12-03,9.84,,0.8039
1982-12-04,,,0.8039
1982-12-05,,,0.8039
1982-12-06,9.87,,0.803
1982-12-07,9.86,,0.8042
1982-12-08,9.99,,0.8014
1982-12-09,10.0,,0.7931
1982-12-10,10.05,,0.7952
1982-12-11,,,0.7952
1982-12-12,,,0.7952
1982-12-13,10.0,,0.787
1982-12-14,9.73,,0.7996
1982-12-15,9.74,,0.7957
1982-12-16,9.83,,0.807
1982-12-17,9.9,,0.8057
1982-12-18,,,0.8057
1982-12-19,,,0.8057
1982-12-20,9.99,,0.8067
1982-12-21,9.87,,0.8102
1982-12-22,9.86,,0.8108
1982-12-23,9.81,,0.8141
1982-12-24,,,0.8159
1982-12-25,,,0.8159
1982-12-26,,,0.8159
1982-12-27,9.79,,0.8189
1982-12-28,9.79,,0.8228
1982-12-29,9.83,,0.8218
1982-12-30,9.81,,0.8187
1982-12-31,9.74,,0.8201
1983-01-01,,,0.8201
1983-01-02,,,0.8201
1983-01-03,9.64,,0.8215
1983-01-04,9.68,,0.8244
1983-01-05,9.68,,0.8302
1983-01-06,9.67,,0.83
1983-01-07,9.58,,0.834
1983-01-08,,,0.834
1983-01-09,,,0.834
1983-01-10,9.56,,0.8364
1983-01-11,9.49,,0.8318
1983-01-12,9.48,,0.8262
1983-01-13,9.37,,0.8328
1983-01-14,9.33,,0.8282
1983-01-15,,,0.8282
1983-01-16,,,0.8282
1983-01-17,9.37,,0.8269
1983-01-18,9.4,,0.8149
1983-01-19,9.54,,0.8079
1983-01-20,9.57,,0.805
1983-01-21,9.86,,0.7986
1983-01-22,,,0.7986
1983-01-23,,,0.7986
1983-01-24,9.89,,0.7913
1983-01-25,9.87,,0.8054
1983-01-26,9.88,,0.8039
1983-01-27,9.85,,0.8037
1983-01-28,9.86,,0.802
1983-01-29,,,0.802
1983-01-30,,,0.802
1983-01-31,9.93,,0.7911
1983-02-01,9.94,,0.7915
1983-02-02,9.97,,0.7818
1983-02-03,10.02,,0.7908
1983-02-04,10.13,,0.7876
1983-02-05,,,0.7876
1983-02-06,,,0.7876
1983-02-07,10.09,,0.7959
1983-02-08,10.09,,0.7983
1983-02-09,10.14,,0.8022
1983-02-10,10.0,,0.8091
1983-02-11,9.97,,0.8106
1983-02-12,,,0.8106
1983-02-13,,,0.8106
1983-02-14,10.03,,0.8082
1983-02-15,10.03,,0.8092
1983-02-16,9.97,,0.8167
1983-02-17,9.9,,0.8136
1983-02-18,9.83,,0.8135
1983-02-19,,,0.8135
1983-02-20,,,0.8135
1983-02-21,,,0.8135
1983-02-22,9.7,,0.8093
1983-02-23,9.73,,0.8065
1983-02-24,9.67,,0.8097
1983-02-25,9.53,,0.8077
1983-02-26,,,0.8077
1983-02-27,,,0.8077
1983-02-28,9.55,,0.8013
1983-03-01,9.42,,0.7985
1983-03-02,9.49,,0.8021
1983-03-03,9.47,,0.8042
1983-03-04,9.49,,0.8117
1983-03-05,,,0.8117
1983-03-06,,,0.8117
1983-03-07,9.67,,0.8165
1983-03-08,9.77,,0.8106
1983-03-09,9.76,,0.8104
1983-03-10,9.84,,0.8147
1983-03-11,9.85,,0.8129
1983-03-12,,,0.8129
1983-03-13,,,0.8129
1983-03-14,9.75,,0.8181
1983-03-15,9.75,,0.8167
1983-03-16,9.83,,0.819
1983-03-17,9.85,,0.8169
1983-03-18,9.95,,0.814
1983-03-19,,,0.814
1983-03-20,,,0.814
1983-03-21,9.99,,0.8068
1983-03-22,10.08,,0.8065
1983-03-23,10.01,,0.8044
1983-03-24,10.0,,0.8052
1983-03-25,10.09,,0.8069
1983-03-26,,,0.8069
1983-03-27,,,0.8069
1983-03-28,10.1,,0.8012
1983-03-29,10.05,,0.8022
1983-03-30,10.04,,0.8034
1983-03-31,10.04,,0.8022
1983-04-01,,,0.8035
1983-04-02,,,0.8035
1983-04-03,,,0.8035
1983-04-04,10.04,,0.8064
1983-04-05,9.87,,0.8065
1983-04-06,9.87,,0.8083
1983-04-07,9.83,,0.807
1983-04-08,9.87,,0.8035
1983-04-09,,,0.8035
1983-04-10,,,0.8035
1983-04-11,9.7,,0.805
1983-04-12,9.76,,0.8043
1983-04-13,9.74,,0.7988
1983-04-14,9.64,,0.7984
1983-04-15,9.71,,0.8002
1983-04-16,,,0.8002
1983-04-17,,,0.8002
1983-04-18,9.67,,0.7931
1983-04-19,9.8,,0.7962
1983-04-20,9.78,,0.7924
1983-04-21,9.8,,0.7943
1983-04-22,9.8,,0.7969
1983-04-23,,,0.7969
1983-04-24,,,0.7969
1983-04-25,9.77,,0.7977
1983-04-26,9.74,,0.7957
1983-04-27,9.67,,0.7965
1983-04-28,9.63,,0.7915
1983-04-29,9.58,,0.7906
1983-04-30,,,0.7906
1983-05-01,,,0.7906
1983-05-02,9.54,,0.7923
1983-05-03,9.46,,0.7935
1983-05-04,9.38,,0.7969
1983-05-05,9.39,,0.7981
1983-05-06,9.36,,0.7988
1983-05-07,,,0.7988
1983-05-08,,,0.7988
1983-05-09,9.49,,0.8008
1983-05-10,9.4,,0.7981
1983-05-11,9.4,,0.8003
1983-05-12,9.49,,0.799
1983-05-13,9.45,,0.7983
1983-05-14,,,0.7983
1983-05-15,,,0.7983
1983-05-16,9.62,,0.7921
1983-05-17,9.64,,0.7921
1983-05-18,9.66,,0.7913
1983-05-19,9.74,,0.7868
1983-05-20,9.8,,0.7872
1983-05-21,,,0.7872
1983-05-22,,,0.7872
1983-05-23,9.91,,0.7848
1983-05-24,9.91,,0.782
1983-05-25,9.91,,0.7834
1983-05-26,10.03,,0.7817
1983-05-27,10.01,,0.7756
1983-05-28,,,0.7756
1983-05-29,,,0.7756
1983-05-30,,,0.7756
1983-05-31,10.21,,0.7725
1983-06-01,10.14,,0.7653
1983-06-02,10.12,,0.7677
1983-06-03,10.2,,0.7669
1983-06-04,,,0.7669
1983-06-05,,,0.7669
1983-06-06,10.21,,0.7603
1983-06-07,10.31,,0.7593
1983-06-08,10.35,,0.7596
1983-06-09,10.26,,0.7603
1983-06-10,10.31,,0.763
1983-06-11,,,0.763
1983-06-12,,,0.763
1983-06-13,10.21,,0.7637
1983-06-14,10.23,,0.7603
1983-06-15,10.19,,0.7596
1983-06-16,10.17,,0.7631
1983-06-17,10.21,,0.7623
1983-06-18,,,0.7623
1983-06-19,,,0.7623
1983-06-20,10.39,,0.7662
1983-06-21,10.41,,0.765
1983-06-22,10.42,,0.7733
1983-06-23,10.46,,0.7727
1983-06-24,10.57,,0.7721
1983-06-25,,,0.7721
1983-06-26,,,0.7721
1983-06-27,10.57,,0.77
1983-06-28,10.48,,0.7678
1983-06-29,10.46,,0.7666
1983-06-30,10.41,,0.7675
1983-07-01,10.41,,0.7675
1983-07-02,,,0.7675
1983-07-03,,,0.7675
1983-07-04,,,0.7675
1983-07-05,10.74,,0.7593
1983-07-06,10.72,,0.7595
1983-07-07,10.74,,0.7568
1983-07-08,10.86,,0.7564
1983-07-09,,,0.7564
1983-07-10,,,0.7564
1983-07-11,10.8,,0.7543
1983-07-12,10.93,,0.7535
1983-07-13,10.91,,0.7544
1983-07-14,10.89,,0.7564
1983-07-15,11.06,,0.7505
1983-07-16,,,0.7505
1983-07-17,,,0.7505
1983-07-18,11.0,,0.751
1983-07-19,10.93,,0.7524
1983-07-20,10.87,,0.7568
1983-07-21,10.89,,0.7553
1983-07-22,10.96,,0.7524
1983-07-23,,,0.7524
1983-07-24,,,0.7524
1983-07-25,10.95,,0.7481
1983-07-26,10.98,,0.747
1983-07-27,11.02,,0.7431
1983-07-28,11.11,,0.7417
1983-07-29,11.22,,0.7364
1983-07-30,,,0.7364
1983-07-31,,,0.7364
1983-08-01,11.24,,0.7279
1983-08-02,11.35,,0.7329
1983-08-03,11.34,,0.7328
1983-08-04,11.48,,0.7304
1983-08-05,11.51,,0.7271
1983-08-06,,,0.7271
1983-08-07,,,0.7271
1983-08-08,11.63,,0.7235
1983-08-09,11.57,,0.7251
1983-08-10,11.66,,0.7158
1983-08-11,11.54,,0.7131
1983-08-12,11.49,,0.716
1983-08-13,,,0.716
1983-08-14,,,0.716
1983-08-15,11.29,,0.7194
1983-08-16,11.21,,0.7326
1983-08-17,11.08,,0.7386
1983-08-18,11.1,,0.7401
1983-08-19,11.17,,0.7344
1983-08-20,,,0.7344
1983-08-21,,,0.7344
1983-08-22,10.96,,0.7401
1983-08-23,11.02,,0.7419
1983-08-24,10.98,,0.7398
1983-08-25,11.06,,0.7388
1983-08-26,11.14,,0.7323
1983-08-27,,,0.7323
1983-08-28,,,0.7323
1983-08-29,11.33,,0.7276
1983-08-30,11.35,,0.7255
1983-08-31,11.45,,0.7231
1983-09-01,11.43,,0.7234
1983-09-02,11.48,,0.7235
1983-09-03,,,0.7235
1983-09-04,,,0.7235
1983-09-05,,,0.7235
1983-09-06,11.31,,0.7275
1983-09-07,11.19,,0.7255
1983-09-08,11.21,,0.7285
1983-09-09,11.21,,0.7297
1983-09-10,,,0.7297
1983-09-11,,,0.7297
1983-09-12,11.01,,0.7329
1983-09-13,11.08,,0.7277
1983-09-14,11.21,,0.7258
1983-09-15,11.27,,0.7279
1983-09-16,11.11,,0.7312
1983-09-17,,,0.7312
1983-09-18,,,0.7312
1983-09-19,11.07,,0.7337
1983-09-20,10.98,,0.7308
1983-09-21,11.04,,0.7314
1983-09-22,10.98,,0.727
1983-09-23,10.89,,0.7352
1983-09-24,,,0.7352
1983-09-25,,,0.7352
1983-09-26,10.77,,0.737
1983-09-27,10.83,,0.7358
1983-09-28,10.84,,0.7372
1983-09-29,10.87,,0.7384
1983-09-30,10.79,,0.7411
1983-10-01,,,0.7411
1983-10-02,,,0.7411
1983-10-03,10.84,,0.7435
1983-10-04,10.82,,0.7422
1983-10-05,10.69,,0.7512
1983-10-06,10.67,,0.7557
1983-10-07,10.67,,0.7596
1983-10-08,,,0.7596
1983-10-09,,,0.7596
1983-10-10,,,0.7596
1983-10-11,10.94,,0.7537
1983-10-12,10.94,,0.7462
1983-10-13,11.01,,0.7487
1983-10-14,10.91,,0.7449
1983-10-15,,,0.7449
1983-10-16,,,0.7449
1983-10-17,10.78,,0.7492
1983-10-18,10.77,,0.7546
1983-10-19,10.81,,0.7544
1983-10-20,10.82,,0.7533
1983-10-21,10.78,,0.7551
1983-10-22,,,0.7551
1983-10-23,,,0.7551
1983-10-24,11.02,,0.7472
1983-10-25,11.0,,0.749
1983-10-26,10.99,,0.745
1983-10-27,10.96,,0.7447
1983-10-28,10.94,,0.7442
1983-10-29,,,0.7442
1983-10-30,,,0.7442
1983-10-31,10.98,,0.7411
1983-11-01,10.97,,0.7346
1983-11-02,10.96,,0.7372
1983-11-03,11.02,,0.7336
1983-11-04,11.12,,0.7302
1983-11-05,,,0.7302
1983-11-06,,,0.7302
1983-11-07,11.11,,0.7278
1983-11-08,,,0.7278
1983-11-09,11.06,,0.7311
1983-11-10,10.94,,0.7337
1983-11-11,,,0.7337
1983-11-12,,,0.7337
1983-11-13,,,0.7337
1983-11-14,10.9,,0.7288
1983-11-15,10.96,,0.7283
1983-11-16,10.96,,0.726
1983-11-17,10.99,,0.723
1983-11-18,10.97,,0.7211
1983-11-19,,,0.7211
1983-11-20,,,0.7211
1983-11-21,10.91,,0.722
1983-11-22,10.85,,0.7254
1983-11-23,10.9,,0.7217
1983-11-24,,,0.7217
1983-11-25,10.87,,0.7191
1983-11-26,,,0.7191
1983-11-27,,,0.7191
1983-11-28,10.96,,0.719
1983-11-29,10.92,,0.7183
1983-11-30,10.96,,0.7226
1983-12-01,10.97,,0.7218
1983-12-02,11.07,,0.7192
1983-12-03,,,0.7192
1983-12-04,,,0.7192
1983-12-05,11.09,,0.7107
1983-12-06,11.05,,0.7131
1983-12-07,11.07,,0.7129
1983-12-08,11.14,,0.7132
1983-12-09,11.14,,0.7087
1983-12-10,,,0.7087
1983-12-11,,,0.7087
1983-12-12,11.13,,0.7084
1983-12-13,11.23,,0.7038
1983-12-14,11.24,,0.7049
1983-12-15,11.27,,0.7035
1983-12-16,11.16,,0.7023
1983-12-17,,,0.7023
1983-12-18,,,0.7023
1983-12-19,11.18,,0.7035
1983-12-20,11.14,,0.7047
1983-12-21,11.14,,0.7043
1983-12-22,11.09,,0.7045
1983-12-23,11.12,,0.7069
1983-12-24,,,0.7069
1983-12-25,,,0.7069
1983-12-26,,,0.7069
1983-12-27,11.07,,0.7077
1983-12-28,11.12,,0.7088
1983-12-29,11.09,,0.7147
1983-12-30,11.13,,0.7157
1983-12-31,,,0.7157
1984-01-01,,,0.7157
1984-01-02,,,0.7157
1984-01-03,11.1,,0.7065
1984-01-04,11.05,,0.6994
1984-01-05,11.0,,0.6971
1984-01-06,10.99,,0.6939
1984-01-07,,,0.6939
1984-01-08,,,0.6939
1984-01-09,11.02,,0.6893
1984-01-10,10.98,,0.693
1984-01-11,11.03,,0.6868
1984-01-12,11.03,,0.6868
1984-01-13,10.82,,0.6944
1984-01-14,,,0.6944
1984-01-15,,,0.6944
1984-01-16,10.79,,0.697
1984-01-17,10.85,,0.6944
1984-01-18,10.86,,0.6958
1984-01-19,10.87,,0.6984
1984-01-20,10.91,,0.6914
1984-01-21,,,0.6914
1984-01-22,,,0.6914
1984-01-23,10.88,,0.6935
1984-01-24,10.9,,0.6901
1984-01-25,10.91,,0.6908
1984-01-26,10.9,,0.6938
1984-01-27,10.88,,0.6913
1984-01-28,,,0.6913
1984-01-29,,,0.6913
1984-01-30,10.88,,0.6936
1984-01-31,10.89,,0.6924
1984-02-01,10.87,,0.6985
1984-02-02,10.84,,0.7066
1984-02-03,10.85,,0.7129
1984-02-04,,,0.7129
1984-02-05,,,0.7129
1984-02-06,10.96,,0.7109
1984-02-07,10.93,,0.7052
1984-02-08,10.95,,0.7083
1984-02-09,10.96,,0.7124
1984-02-10,10.99,,0.7114
1984-02-11,,,0.7114
1984-02-12,,,0.7114
1984-02-13,,,0.7114
1984-02-14,11.03,,0.7164
1984-02-15,10.98,,0.7312
1984-02-16,11.02,,0.7294
1984-02-17,11.11,,0.7267
1984-02-18,,,0.7267
1984-02-19,,,0.7267
1984-02-20,,,0.7267
1984-02-21,11.12,,0.7201
1984-02-22,11.13,,0.7324
1984-02-23,11.26,,0.7328
1984-02-24,11.17,,0.7429
1984-02-25,,,0.7429
1984-02-26,,,0.7429
1984-02-27,11.27,,0.7398
1984-02-28,11.28,,0.7489
1984-02-29,11.22,,0.7506
1984-03-01,11.27,,0.7469
1984-03-02,11.18,,0.7543
1984-03-03,,,0.7543
1984-03-04,,,0.7543
1984-03-05,11.27,,0.756
1984-03-06,11.29,,0.7642
1984-03-07,11.39,,0.7632
1984-03-08,11.45,,0.7537
1984-03-09,11.52,,0.7553
1984-03-10,,,0.7553
1984-03-11,,,0.7553
1984-03-12,11.47,,0.7492
1984-03-13,11.49,,0.7583
1984-03-14,11.57,,0.7601
1984-03-15,11.55,,0.7548
1984-03-16,11.58,,0.7422
1984-03-17,,,0.7422
1984-03-18,,,0.7422
1984-03-19,11.69,,0.7418
1984-03-20,11.73,,0.7396
1984-03-21,11.77,,0.7368
1984-03-22,11.83,,0.7399
1984-03-23,11.83,,0.7419
1984-03-24,,,0.7419
1984-03-25,,,0.7419
1984-03-26,11.84,,0.7502
1984-03-27,11.83,,0.7534
1984-03-28,11.75,,0.7526
1984-03-29,11.74,,0.7543
1984-03-30,11.86,,0.7518
1984-03-31,,,0.7518
1984-04-01,,,0.7518
1984-04-02,11.87,,0.7506
1984-04-03,12.02,,0.7437
1984-04-04,12.05,,0.7439
1984-04-05,12.02,,0.7413
1984-04-06,11.85,,0.7437
1984-04-07,,,0.7437
1984-04-08,,,0.7437
1984-04-09,11.87,,0.7413
1984-04-10,11.85,,0.7448
1984-04-11,11.82,,0.7473
1984-04-12,11.77,,0.7449
1984-04-13,11.91,,0.7427
1984-04-14,,,0.7427
1984-04-15,,,0.7427
1984-04-16,11.99,,0.7401
1984-04-17,11.9,,0.7382
1984-04-18,11.99,,0.737
1984-04-19,12.08,,0.7332
1984-04-20,,,0.7315
1984-04-21,,,0.7315
1984-04-22,,,0.7315
1984-04-23,12.1,,0.7326
1984-04-24,12.06,,0.7269
1984-04-25,12.04,,0.7275
1984-04-26,12.02,,0.7231
1984-04-27,12.17,,0.7211
1984-04-28,,,0.7211
1984-04-29,,,0.7211
1984-04-30,12.2,,0.7166
1984-05-01,12.19,,0.7147
1984-05-02,12.23,,0.7153
1984-05-03,12.25,,0.7211
1984-05-04,12.44,,0.7161
1984-05-05,,,0.7161
1984-05-06,,,0.7161
1984-05-07,12.51,,0.7033
1984-05-08,12.5,,0.7012
1984-05-09,12.57,,0.7045
1984-05-10,12.56,,0.7019
1984-05-11,12.79,,0.7032
1984-05-12,,,0.7032
1984-05-13,,,0.7032
1984-05-14,12.83,,0.7077
1984-05-15,12.77,,0.711
1984-05-16,12.71,,0.7102
1984-05-17,12.83,,0.7066
1984-05-18,12.77,,0.7022
1984-05-19,,,0.7022
1984-05-20,,,0.7022
1984-05-21,12.77,,0.7077
1984-05-22,12.86,,0.7112
1984-05-23,12.91,,0.707
1984-05-24,13.04,,0.711
1984-05-25,13.07,,0.7148
1984-05-26,,,0.7148
1984-05-27,,,0.7148
1984-05-28,,,0.7148
1984-05-29,13.24,,0.7139
1984-05-30,13.4,,0.7129
1984-05-31,13.33,,0.7139
1984-06-01,13.01,,0.7265
1984-06-02,,,0.7265
1984-06-03,,,0.7265
1984-06-04,12.9,,0.7315
1984-06-05,12.9,,0.726
1984-06-06,13.04,,0.7282
1984-06-07,13.07,,0.7236
1984-06-08,13.03,,0.723
1984-06-09,,,0.723
1984-06-10,,,0.723
1984-06-11,13.23,,0.7184
1984-06-12,13.15,,0.7157
1984-06-13,13.07,,0.7181
1984-06-14,13.04,,0.7167
1984-06-15,12.9,,0.7114
1984-06-16,,,0.7114
1984-06-17,,,0.7114
1984-06-18,12.96,,0.7077
1984-06-19,13.02,,0.707
1984-06-20,13.36,,0.7018
1984-06-21,13.43,,0.7008
1984-06-22,13.42,,0.7009
1984-06-23,,,0.7009
1984-06-24,,,0.7009
1984-06-25,13.39,,0.6956
1984-06-26,13.49,,0.6999
1984-06-27,13.45,,0.6974
1984-06-28,13.48,,0.7007
1984-06-29,13.48,,0.7011
1984-06-30,,,0.7011
1984-07-01,,,0.7011
1984-07-02,13.43,,0.6986
1984-07-03,13.37,,0.6914
1984-07-04,,,0.6914
1984-07-05,13.33,,0.6893
1984-07-06,13.38,,0.6871
1984-07-07,,,0.6871
1984-07-08,,,0.6871
1984-07-09,13.23,,0.6865
1984-07-10,13.24,,0.6906
1984-07-11,13.26,,0.6864
1984-07-12,13.19,,0.6846
1984-07-13,13.04,,0.6886
1984-07-14,,,0.6886
1984-07-15,,,0.6886
1984-07-16,13.07,,0.6911
1984-07-17,13.12,,0.6846
1984-07-18,13.06,,0.6812
1984-07-19,12.99,,0.6856
1984-07-20,13.06,,0.682
1984-07-21,,,0.682
1984-07-22,,,0.682
1984-07-23,13.06,,0.678
1984-07-24,13.02,,0.68
1984-07-25,12.81,,0.6838
1984-07-26,12.67,,0.6851
1984-07-27,12.76,,0.6759
1984-07-28,,,0.6759
1984-07-29,,,0.6759
1984-07-30,12.84,,0.6739
1984-07-31,12.7,,0.6711
1984-08-01,12.63,,0.6683
1984-08-02,12.61,,0.6731
1984-08-03,12.39,,0.6818
1984-08-04,,,0.6818
1984-08-05,,,0.6818
1984-08-06,12.53,,0.6759
1984-08-07,12.45,,0.669
1984-08-08,12.43,,0.6712
1984-08-09,12.4,,0.6725
1984-08-10,12.41,,0.6731
1984-08-11,,,0.6731
1984-08-12,,,0.6731
1984-08-13,12.52,,0.669
1984-08-14,12.4,,0.6753
1984-08-15,12.45,,0.6776
1984-08-16,12.46,,0.6826
1984-08-17,12.44,,0.6816
1984-08-18,,,0.6816
1984-08-19,,,0.6816
1984-08-20,12.45,,0.6796
1984-08-21,12.44,,0.6759
1984-08-22,12.48,,0.6771
1984-08-23,12.49,,0.6807
1984-08-24,12.45,,0.6786
1984-08-25,,,0.6786
1984-08-26,,,0.6786
1984-08-27,12.57,,0.6763
1984-08-28,12.59,,0.6772
1984-08-29,12.61,,0.6779
1984-08-30,12.62,,0.6757
1984-08-31,12.61,,0.675
1984-09-01,,,0.675
1984-09-02,,,0.675
1984-09-03,,,0.675
1984-09-04,12.65,,0.6656
1984-09-05,12.71,,0.6602
1984-09-06,12.63,,0.6616
1984-09-07,12.52,,0.653
1984-09-08,,,0.653
1984-09-09,,,0.653
1984-09-10,12.39,,0.6518
1984-09-11,12.39,,0.6483
1984-09-12,12.39,,0.6505
1984-09-13,12.28,,0.6415
1984-09-14,12.23,,0.6429
1984-09-15,,,0.6429
1984-09-16,,,0.6429
1984-09-17,12.23,,0.6346
1984-09-18,12.19,,0.6304
1984-09-19,12.12,,0.6299
1984-09-20,12.12,,0.6234
1984-09-21,12.27,,0.6363
1984-09-22,,,0.6363
1984-09-23,,,0.6363
1984-09-24,12.31,,0.6442
1984-09-25,12.34,,0.6343
1984-09-26,12.28,,0.6411
1984-09-27,12.13,,0.6425
1984-09-28,12.28,,0.6349
1984-09-29,,,0.6349
1984-09-30,,,0.6349
1984-10-01,12.31,,0.637
1984-10-02,12.29,,0.6411
1984-10-03,12.29,,0.6466
1984-10-04,12.25,,0.6442
1984-10-05,12.15,,0.6394
1984-10-06,,,0.6394
1984-10-07,,,0.6394
1984-10-08,,,0.6394
1984-10-09,12.12,,0.6316
1984-10-10,12.13,,0.6336
1984-10-11,12.02,,0.63
1984-10-12,11.98,,0.6253
1984-10-13,,,0.6253
1984-10-14,,,0.6253
1984-10-15,12.04,,0.6221
1984-10-16,12.01,,0.6211
1984-10-17,11.95,,0.6249
1984-10-18,11.75,,0.6253
1984-10-19,11.63,,0.6349
1984-10-20,,,0.6349
1984-10-21,,,0.6349
1984-10-22,11.63,,0.6346
1984-10-23,11.44,,0.6414
1984-10-24,11.34,,0.6451
1984-10-25,11.41,,0.6477
1984-10-26,11.59,,0.6432
1984-10-27,,,0.6432
1984-10-28,,,0.6432
1984-10-29,11.56,,0.6348
1984-10-30,11.37,,0.6406
1984-10-31,11.36,,0.6435
1984-11-01,11.18,,0.6524
1984-11-02,11.2,,0.6616
1984-11-03,,,0.6616
1984-11-04,,,0.6616
1984-11-05,10.99,,0.6657
1984-11-06,,,0.6657
1984-11-07,11.05,,0.6637
1984-11-08,11.15,,0.6634
1984-11-09,11.05,,0.6616
1984-11-10,,,0.6616
1984-11-11,,,0.6616
1984-11-12,,,0.6616
1984-11-13,11.1,,0.6627
1984-11-14,11.11,,0.656
1984-11-15,11.01,,0.6585
1984-11-16,10.97,,0.6561
1984-11-17,,,0.6561
1984-11-18,,,0.6561
1984-11-19,10.92,,0.6513
1984-11-20,10.83,,0.6483
1984-11-21,10.69,,0.6461
1984-11-22,,,0.6461
1984-11-23,10.56,,0.6434
1984-11-24,,,0.6434
1984-11-25,,,0.6434
1984-11-26,10.57,,0.6369
1984-11-27,10.61,,0.6384
1984-11-28,10.65,,0.6349
1984-11-29,10.67,,0.6335
1984-11-30,10.86,,0.6271
1984-12-01,,,0.6271
1984-12-02,,,0.6271
1984-12-03,10.84,,0.6261
1984-12-04,10.74,,0.6374
1984-12-05,10.74,,0.6334
1984-12-06,10.81,,0.6369
1984-12-07,10.85,,0.6317
1984-12-08,,,0.6317
1984-12-09,,,0.6317
1984-12-10,10.84,,0.6305
1984-12-11,10.75,,0.6318
1984-12-12,10.67,,0.6318
1984-12-13,10.72,,0.6281
1984-12-14,10.57,,0.631
1984-12-15,,,0.631
1984-12-16,,,0.631
1984-12-17,10.42,,0.6312
1984-12-18,10.24,,0.6318
1984-12-19,10.29,,0.6291
1984-12-20,10.34,,0.6232
1984-12-21,10.31,,0.6259
1984-12-22,,,0.6259
1984-12-23,,,0.6259
1984-12-24,10.27,,0.6243
1984-12-25,,,0.6243
1984-12-26,10.37,,0.6239
1984-12-27,10.43,,0.6187
1984-12-28,10.48,,0.6203
1984-12-29,,,0.6203
1984-12-30,,,0.6203
1984-12-31,10.52,,0.6181
1985-01-01,,,0.6181
1985-01-02,10.61,,0.6146
1985-01-03,10.55,,0.6167
1985-01-04,10.62,,0.6156
1985-01-05,,,0.6156
1985-01-06,,,0.6156
1985-01-07,10.5,,0.6138
1985-01-08,10.48,,0.6183
1985-01-09,10.45,,0.6166
1985-01-10,10.52,,0.621
1985-01-11,10.59,,0.6182
1985-01-12,,,0.6182
1985-01-13,,,0.6182
1985-01-14,10.59,,0.6107
1985-01-15,10.49,,0.6122
1985-01-16,10.51,,0.6113
1985-01-17,10.47,,0.6127
1985-01-18,10.38,,0.6126
1985-01-19,,,0.6126
1985-01-20,,,0.6126
1985-01-21,,,0.6126
1985-01-22,10.3,,0.615
1985-01-23,10.26,,0.6129
1985-01-24,10.18,,0.6175
1985-01-25,10.24,,0.616
1985-01-26,,,0.616
1985-01-27,,,0.616
1985-01-28,10.3,,0.6158
1985-01-29,10.28,,0.6139
1985-01-30,10.27,,0.6153
1985-01-31,10.36,,0.6166
1985-02-01,10.48,,0.6133
1985-02-02,,,0.6133
1985-02-03,,,0.6133
1985-02-04,10.51,,0.6068
1985-02-05,10.37,,0.6046
1985-02-06,10.4,,0.6051
1985-02-07,10.44,,0.6009
1985-02-08,10.4,,0.5987
1985-02-09,,,0.5987
1985-02-10,,,0.5987
1985-02-11,10.45,,0.5954
1985-02-12,,,0.5954
1985-02-13,10.44,,0.5906
1985-02-14,10.33,,0.5928
1985-02-15,10.38,,0.597
1985-02-16,,,0.597
1985-02-17,,,0.597
1985-02-18,,,0.597
1985-02-19,10.37,,0.5883
1985-02-20,10.47,,0.5844
1985-02-21,10.64,,0.5808
1985-02-22,10.74,,0.5756
1985-02-23,,,0.5756
1985-02-24,,,0.5756
1985-02-25,10.75,,0.5648
1985-02-26,10.75,,0.5678
1985-02-27,10.93,,0.5848
1985-02-28,11.03,,0.5832
1985-03-01,11.09,,0.5814
1985-03-02,,,0.5814
1985-03-03,,,0.5814
1985-03-04,11.12,,0.5777
1985-03-05,11.05,,0.5682
1985-03-06,11.09,,0.5761
1985-03-07,11.19,,0.5741
1985-03-08,10.9,,0.5711
1985-03-09,,,0.5711
1985-03-10,,,0.5711
1985-03-11,10.92,,0.5841
1985-03-12,10.99,,0.5828
1985-03-13,11.13,,0.5809
1985-03-14,11.19,,0.5761
1985-03-15,11.17,,0.5773
1985-03-16,,,0.5773
1985-03-17,,,0.5773
1985-03-18,11.22,,0.5837
1985-03-19,11.19,,0.5952
1985-03-20,11.17,,0.5986
1985-03-21,11.02,,0.6076
1985-03-22,11.05,,0.6043
1985-03-23,,,0.6043
1985-03-24,,,0.6043
1985-03-25,11.05,,0.6025
1985-03-26,10.97,,0.6077
1985-03-27,10.99,,0.6237
1985-03-28,10.86,,0.623
1985-03-29,10.79,,0.6326
1985-03-30,,,0.6326
1985-03-31,,,0.6326
1985-04-01,10.81,,0.6254
1985-04-02,10.83,,0.6184
1985-04-03,10.83,,0.6247
1985-04-04,10.87,,0.6137
1985-04-05,,,0.6142
1985-04-06,,,0.6142
1985-04-07,,,0.6142
1985-04-08,10.84,,0.6164
1985-04-09,10.77,,0.6209
1985-04-10,10.67,,0.622
1985-04-11,10.51,,0.6345
1985-04-12,10.52,,0.6373
1985-04-13,,,0.6373
1985-04-14,,,0.6373
1985-04-15,10.49,,0.6443
1985-04-16,10.25,,0.644
1985-04-17,10.33,,0.6421
1985-04-18,10.17,,0.6545
1985-04-19,10.17,,0.6546
1985-04-20,,,0.6546
1985-04-21,,,0.6546
1985-04-22,10.15,,0.6458
1985-04-23,10.29,,0.6332
1985-04-24,10.27,,0.6252
1985-04-25,10.37,,0.6191
1985-04-26,10.36,,0.6226
1985-04-27,,,0.6226
1985-04-28,,,0.6226
1985-04-29,10.47,,0.627
1985-04-30,10.39,,0.6294
1985-05-01,10.28,,0.6193
1985-05-02,10.31,,0.6138
1985-05-03,10.17,,0.6059
1985-05-04,,,0.6059
1985-05-05,,,0.6059
1985-05-06,10.15,,0.6053
1985-05-07,10.04,,0.6156
1985-05-08,10.11,,0.6107
1985-05-09,10.04,,0.6267
1985-05-10,9.95,,0.6248
1985-05-11,,,0.6248
1985-05-12,,,0.6248
1985-05-13,9.95,,0.6348
1985-05-14,9.79,,0.6405
1985-05-15,9.74,,0.6338
1985-05-16,9.62,,0.6311
1985-05-17,9.65,,0.6356
1985-05-18,,,0.6356
1985-05-19,,,0.6356
1985-05-20,9.38,,0.6424
1985-05-21,9.39,,0.6358
1985-05-22,9.43,,0.6334
1985-05-23,9.51,,0.6326
1985-05-24,9.46,,0.6303
1985-05-25,,,0.6303
1985-05-26,,,0.6303
1985-05-27,,,0.6303
1985-05-28,9.38,,0.6264
1985-05-29,9.42,,0.6334
1985-05-30,9.36,,0.633
1985-05-31,9.27,,0.6375
1985-06-01,,,0.6375
1985-06-02,,,0.6375
1985-06-03,9.07,,0.6409
1985-06-04,9.01,,0.6383
1985-06-05,8.77,,0.6345
1985-06-06,8.83,,0.6379
1985-06-07,9.15,,0.6332
1985-06-08,,,0.6332
1985-06-09,,,0.6332
1985-06-10,9.21,,0.6287
1985-06-11,9.15,,0.6314
1985-06-12,9.1,,0.6313
1985-06-13,9.07,,0.6291
1985-06-14,8.78,,0.6378
1985-06-15,,,0.6378
1985-06-16,,,0.6378
1985-06-17,8.86,,0.6369
1985-06-18,8.73,,0.6436
1985-06-19,8.84,,0.6458
1985-06-20,8.93,,0.6343
1985-06-21,9.15,,0.6365
1985-06-22,,,0.6365
1985-06-23,,,0.6365
1985-06-24,9.26,,0.6352
1985-06-25,9.37,,0.635
1985-06-26,9.37,,0.6407
1985-06-27,9.25,,0.6373
1985-06-28,9.08,,0.6438
1985-06-29,,,0.6438
1985-06-30,,,0.6438
1985-07-01,9.06,,0.6411
1985-07-02,9.08,,0.6403
1985-07-03,9.06,,0.6429
1985-07-04,,,0.6429
1985-07-05,8.72,,0.6485
1985-07-06,,,0.6485
1985-07-07,,,0.6485
1985-07-08,8.84,,0.6538
1985-07-09,8.86,,0.6588
1985-07-10,8.89,,0.6638
1985-07-11,9.11,,0.6682
1985-07-12,9.11,,0.6747
1985-07-13,,,0.6747
1985-07-14,,,0.6747
1985-07-15,9.1,,0.6776
1985-07-16,9.07,,0.6759
1985-07-17,9.03,,0.6874
1985-07-18,9.21,,0.6786
1985-07-19,9.25,,0.6751
1985-07-20,,,0.6751
1985-07-21,,,0.6751
1985-07-22,9.39,,0.673
1985-07-23,9.41,,0.6843
1985-07-24,9.42,,0.6752
1985-07-25,9.4,,0.6811
1985-07-26,9.44,,0.6811
1985-07-27,,,0.6811
1985-07-28,,,0.6811
1985-07-29,9.5,,0.6908
1985-07-30,9.51,,0.6925
1985-07-31,9.47,,0.6967
1985-08-01,9.47,,0.6909
1985-08-02,9.6,,0.6904
1985-08-03,,,0.6904
1985-08-04,,,0.6904
1985-08-05,9.59,,0.6901
1985-08-06,9.53,,0.6843
1985-08-07,9.49,,0.685
1985-08-08,9.37,,0.6894
1985-08-09,9.3,,0.6888
1985-08-10,,,0.6888
1985-08-11,,,0.6888
1985-08-12,9.29,,0.697
1985-08-13,9.33,,0.6997
1985-08-14,9.28,,0.6988
1985-08-15,9.28,,0.7056
1985-08-16,9.21,,0.7071
1985-08-17,,,0.7071
1985-08-18,,,0.7071
1985-08-19,9.2,,0.7056
1985-08-20,9.2,,0.7019
1985-08-21,9.16,,0.7048
1985-08-22,9.14,,0.7111
1985-08-23,9.2,,0.7084
1985-08-24,,,0.7084
1985-08-25,,,0.7084
1985-08-26,9.22,,0.7034
1985-08-27,9.18,,0.6985
1985-08-28,9.2,,0.7035
1985-08-29,9.17,,0.7019
1985-08-30,9.33,,0.6938
1985-08-31,,,0.6938
1985-09-01,,,0.6938
1985-09-02,,,0.6938
1985-09-03,9.32,,0.6833
1985-09-04,9.24,,0.6841
1985-09-05,9.31,,0.6814
1985-09-06,9.56,,0.6652
1985-09-07,,,0.6652
1985-09-08,,,0.6652
1985-09-09,9.53,,0.6625
1985-09-10,9.52,,0.6633
1985-09-11,9.53,,0.6587
1985-09-12,9.54,,0.6624
1985-09-13,9.43,,0.6724
1985-09-14,,,0.6724
1985-09-15,,,0.6724
1985-09-16,9.39,,0.6766
1985-09-17,9.42,,0.6744
1985-09-18,9.45,,0.671
1985-09-19,9.48,,0.6722
1985-09-20,9.4,,0.6848
1985-09-21,,,0.6848
1985-09-22,,,0.6848
1985-09-23,9.25,,0.7138
1985-09-24,9.22,,0.7181
1985-09-25,9.09,,0.7276
1985-09-26,9.12,,0.7327
1985-09-27,,,0.7283
1985-09-28,,,0.7283
1985-09-29,,,0.7283
1985-09-30,9.27,,0.728
1985-10-01,9.25,,0.7353
1985-10-02,9.23,,0.7362
1985-10-03,9.26,,0.7444
1985-10-04,9.26,,0.7403
1985-10-05,,,0.7403
1985-10-06,,,0.7403
1985-10-07,9.36,,0.7358
1985-10-08,9.35,,0.7367
1985-10-09,9.35,,0.7364
1985-10-10,9.35,,0.7342
1985-10-11,9.35,,0.7337
1985-10-12,,,0.7337
1985-10-13,,,0.7337
1985-10-14,,,0.7337
1985-10-15,9.33,,0.7325
1985-10-16,9.27,,0.7264
1985-10-17,9.21,,0.7364
1985-10-18,9.2,,0.7394
1985-10-19,,,0.7394
1985-10-20,,,0.7394
1985-10-21,9.21,,0.7393
1985-10-22,9.17,,0.7375
1985-10-23,9.21,,0.7393
1985-10-24,9.22,,0.7358
1985-10-25,9.25,,0.735
1985-10-26,,,0.735
1985-10-27,,,0.735
1985-10-28,9.32,,0.738
1985-10-29,9.19,,0.7438
1985-10-30,9.02,,0.7434
1985-10-31,9.06,,0.7446
1985-11-01,9.04,,0.7495
1985-11-02,,,0.7495
1985-11-03,,,0.7495
1985-11-04,9.04,,0.7508
1985-11-05,9.02,,0.7461
1985-11-06,9.01,,0.7501
1985-11-07,9.0,,0.7421
1985-11-08,8.91,,0.7434
1985-11-09,,,0.7434
1985-11-10,,,0.7434
1985-11-11,,,0.7434
1985-11-12,8.85,,0.7434
1985-11-13,8.92,,0.7459
1985-11-14,8.98,,0.7455
1985-11-15,9.0,,0.7434
1985-11-16,,,0.7434
1985-11-17,,,0.7434
1985-11-18,8.82,,0.7459
1985-11-19,8.75,,0.7505
1985-11-20,8.78,,0.7465
1985-11-21,8.75,,0.7519
1985-11-22,8.79,,0.7564
1985-11-23,,,0.7564
1985-11-24,,,0.7564
1985-11-25,8.78,,0.7599
1985-11-26,8.78,,0.7645
1985-11-27,8.72,,0.7669
1985-11-28,,,0.7669
1985-11-29,8.7,,0.7762
1985-11-30,,,0.7762
1985-12-01,,,0.7762
1985-12-02,8.75,,0.7734
1985-12-03,8.77,,0.7698
1985-12-04,8.75,,0.774
1985-12-05,8.75,,0.7744
1985-12-06,8.75,,0.7722
1985-12-07,,,0.7722
1985-12-08,,,0.7722
1985-12-09,8.62,,0.7693
1985-12-10,8.5,,0.7678
1985-12-11,8.28,,0.7669
1985-12-12,8.38,,0.7754
1985-12-13,8.25,,0.7733
1985-12-14,,,0.7733
1985-12-15,,,0.7733
1985-12-16,8.28,,0.7729
1985-12-17,8.18,,0.7765
1985-12-18,8.25,,0.7745
1985-12-19,8.27,,0.7748
1985-12-20,8.18,,0.7763
1985-12-21,,,0.7763
1985-12-22,,,0.7763
1985-12-23,8.24,,0.7786
1985-12-24,8.27,,0.7784
1985-12-25,,,0.7784
1985-12-26,8.23,,0.7786
1985-12-27,8.23,,0.7886
1985-12-28,,,0.7886
1985-12-29,,,0.7886
1985-12-30,8.24,,0.7911
1985-12-31,8.22,,0.7971
1986-01-01,,,0.7971
1986-01-02,8.26,,0.7999
1986-01-03,8.28,,0.7923
1986-01-04,,,0.7923
1986-01-05,,,0.7923
1986-01-06,8.3,,0.7966
1986-01-07,8.2,,0.7978
1986-01-08,8.31,,0.7938
1986-01-09,8.53,,0.7966
1986-01-10,8.62,,0.7942
1986-01-11,,,0.7942
1986-01-12,,,0.7942
1986-01-13,8.69,,0.792
1986-01-14,8.65,,0.7903
1986-01-15,8.52,,0.792
1986-01-16,8.51,,0.7904
1986-01-17,8.46,,0.7913
1986-01-18,,,0.7913
1986-01-19,,,0.7913
1986-01-20,,,0.7913
1986-01-21,8.47,,0.7936
1986-01-22,8.47,,0.7964
1986-01-23,8.45,,0.7945
1986-01-24,8.44,,0.8069
1986-01-25,,,0.8069
1986-01-26,,,0.8069
1986-01-27,8.34,,0.8129
1986-01-28,8.26,,0.8132
1986-01-29,8.31,,0.8163
1986-01-30,8.31,,0.8197
1986-01-31,8.25,,0.8167
1986-02-01,,,0.8167
1986-02-02,,,0.8167
1986-02-03,8.21,,0.8122
1986-02-04,8.1,,0.8077
1986-02-05,8.17,,0.8173
1986-02-06,8.22,,0.8155
1986-02-07,8.33,,0.8092
1986-02-08,,,0.8092
1986-02-09,,,0.8092
1986-02-10,8.24,,0.8175
1986-02-11,8.18,,0.8212
1986-02-12,8.19,,0.8237
1986-02-13,8.18,,0.8302
1986-02-14,8.06,,0.8309
1986-02-15,,,0.8309
1986-02-16,,,0.8309
1986-02-17,,,0.8309
1986-02-18,8.04,,0.832
1986-02-19,8.14,,0.8453
1986-02-20,8.17,,0.8452
1986-02-21,8.04,,0.8447
1986-02-22,,,0.8447
1986-02-23,,,0.8447
1986-02-24,7.99,,0.8545
1986-02-25,8.01,,0.8687
1986-02-26,7.98,,0.8755
1986-02-27,7.8,,0.8777
1986-02-28,7.79,,0.8741
1986-03-01,,,0.8741
1986-03-02,,,0.8741
1986-03-03,7.62,,0.8783
1986-03-04,7.44,,0.886
1986-03-05,7.63,,0.8602
1986-03-06,7.47,,0.8696
1986-03-07,7.37,,0.8714
1986-03-08,,,0.8714
1986-03-09,,,0.8714
1986-03-10,7.24,,0.8551
1986-03-11,7.22,,0.8608
1986-03-12,7.25,,0.8538
1986-03-13,7.31,,0.8496
1986-03-14,7.27,,0.8618
1986-03-15,,,0.8618
1986-03-16,,,0.8618
1986-03-17,7.27,,0.8668
1986-03-18,7.29,,0.8675
1986-03-19,7.3,,0.8623
1986-03-20,7.29,,0.8642
1986-03-21,7.28,,0.8699
1986-03-22,,,0.8699
1986-03-23,,,0.8699
1986-03-24,7.22,,0.8523
1986-03-25,7.23,,0.8338
1986-03-26,7.19,,0.837
1986-03-27,7.13,,0.8382
1986-03-28,,,0.8352
1986-03-29,,,0.8352
1986-03-30,,,0.8352
1986-03-31,7.02,,0.8316
1986-04-01,7.01,,0.8323
1986-04-02,7.05,,0.8215
1986-04-03,7.07,,0.8149
1986-04-04,7.0,,0.8165
1986-04-05,,,0.8165
1986-04-06,,,0.8165
1986-04-07,6.99,,0.8137
1986-04-08,6.88,,0.8338
1986-04-09,6.73,,0.8325
1986-04-10,6.71,,0.8377
1986-04-11,6.78,,0.8453
1986-04-12,,,0.8453
1986-04-13,,,0.8453
1986-04-14,6.66,,0.8432
1986-04-15,6.65,,0.843
1986-04-16,6.49,,0.8669
1986-04-17,6.55,,0.8792
1986-04-18,6.58,,0.8793
1986-04-19,,,0.8793
1986-04-20,,,0.8793
1986-04-21,6.57,,0.8839
1986-04-22,6.74,,0.8855
1986-04-23,6.97,,0.888
1986-04-24,7.17,,0.886
1986-04-25,7.26,,0.8961
1986-04-26,,,0.8961
1986-04-27,,,0.8961
1986-04-28,7.1,,0.901
1986-04-29,7.03,,0.8962
1986-04-30,7.02,,0.9008
1986-05-01,7.07,,0.8846
1986-05-02,7.11,,0.8804
1986-05-03,,,0.8804
1986-05-04,,,0.8804
1986-05-05,7.04,,0.8915
1986-05-06,6.96,,0.8833
1986-05-07,6.98,,0.8878
1986-05-08,6.93,,0.8946
1986-05-09,7.01,,0.8953
1986-05-10,,,0.8953
1986-05-11,,,0.8953
1986-05-12,7.14,,0.897
1986-05-13,7.18,,0.8873
1986-05-14,7.17,,0.8928
1986-05-15,7.37,,0.8877
1986-05-16,7.56,,0.882
1986-05-17,,,0.882
1986-05-18,,,0.882
1986-05-19,7.48,,0.8769
1986-05-20,7.46,,0.8702
1986-05-21,7.43,,0.8696
1986-05-22,7.45,,0.8557
1986-05-23,7.43,,0.8569
1986-05-24,,,0.8569
1986-05-25,,,0.8569
1986-05-26,,,0.8569
1986-05-27,7.36,,0.8576
1986-05-28,7.37,,0.8555
1986-05-29,7.55,,0.846
1986-05-30,7.58,,0.8389
1986-05-31,,,0.8389
1986-06-01,,,0.8389
1986-06-02,7.77,,0.839
1986-06-03,7.76,,0.8579
1986-06-04,7.86,,0.8558
1986-06-05,7.83,,0.8715
1986-06-06,7.49,,0.8746
1986-06-07,,,0.8746
1986-06-08,,,0.8746
1986-06-09,7.67,,0.8721
1986-06-10,7.63,,0.8784
1986-06-11,7.63,,0.881
1986-06-12,7.58,,0.8825
1986-06-13,7.36,,0.883
1986-06-14,,,0.883
1986-06-15,,,0.883
1986-06-16,7.25,,0.8861
1986-06-17,7.26,,0.8704
1986-06-18,7.21,,0.8704
1986-06-19,7.27,,0.8733
1986-06-20,7.26,,0.8683
1986-06-21,,,0.8683
1986-06-22,,,0.8683
1986-06-23,7.24,,0.8672
1986-06-24,7.19,,0.8777
1986-06-25,7.12,,0.8801
1986-06-26,7.08,,0.878
1986-06-27,7.06,,0.8849
1986-06-28,,,0.8849
1986-06-29,,,0.8849
1986-06-30,7.0,,0.8861
1986-07-01,7.0,,0.8962
1986-07-02,7.02,,0.8909
1986-07-03,6.92,,0.8973
1986-07-04,,,0.8973
1986-07-05,,,0.8973
1986-07-06,,,0.8973
1986-07-07,6.92,,0.8933
1986-07-08,7.05,,0.8941
1986-07-09,6.93,,0.8917
1986-07-10,6.91,,0.8966
1986-07-11,6.81,,0.8909
1986-07-12,,,0.8909
1986-07-13,,,0.8909
1986-07-14,6.78,,0.8945
1986-07-15,6.74,,0.9003
1986-07-16,6.72,,0.907
1986-07-17,6.73,,0.9082
1986-07-18,6.69,,0.9151
1986-07-19,,,0.9151
1986-07-20,,,0.9151
1986-07-21,6.69,,0.9195
1986-07-22,6.75,,0.9124
1986-07-23,6.87,,0.9142
1986-07-24,6.91,,0.9122
1986-07-25,6.87,,0.9088
1986-07-26,,,0.9088
1986-07-27,,,0.9088
1986-07-28,7.01,,0.9226
1986-07-29,6.93,,0.9235
1986-07-30,6.9,,0.9225
1986-07-31,6.81,,0.9315
1986-08-01,6.81,,0.9358
1986-08-02,,,0.9358
1986-08-03,,,0.9358
1986-08-04,6.8,,0.9358
1986-08-05,6.74,,0.9331
1986-08-06,6.78,,0.9354
1986-08-07,6.76,,0.9436
1986-08-08,6.68,,0.9422
1986-08-09,,,0.9422
1986-08-10,,,0.9422
1986-08-11,6.64,,0.9463
1986-08-12,6.6,,0.9384
1986-08-13,6.51,,0.9419
1986-08-14,6.51,,0.9455
1986-08-15,6.49,,0.9453
1986-08-16,,,0.9453
1986-08-17,,,0.9453
1986-08-18,6.5,,0.9417
1986-08-19,6.38,,0.9473
1986-08-20,6.34,,0.952
1986-08-21,6.24,,0.9548
1986-08-22,6.31,,0.9538
1986-08-23,,,0.9538
1986-08-24,,,0.9538
1986-08-25,6.29,,0.9548
1986-08-26,6.22,,0.9513
1986-08-27,6.32,,0.9535
1986-08-28,6.28,,0.9513
1986-08-29,6.13,,0.9581
1986-08-30,,,0.9581
1986-08-31,,,0.9581
1986-09-01,,,0.9581
1986-09-02,6.19,,0.9598
1986-09-03,6.35,,0.9623
1986-09-04,6.34,,0.9608
1986-09-05,6.5,,0.9523
1986-09-06,,,0.9523
1986-09-07,,,0.9523
1986-09-08,6.59,,0.9412
1986-09-09,6.58,,0.9468
1986-09-10,6.54,,0.9449
1986-09-11,6.73,,0.9321
1986-09-12,6.74,,0.9462
1986-09-13,,,0.9462
1986-09-14,,,0.9462
1986-09-15,6.69,,0.9506
1986-09-16,6.66,,0.9517
1986-09-17,6.64,,0.9614
1986-09-18,6.75,,0.98
1986-09-19,6.81,,0.979
1986-09-20,,,0.979
1986-09-21,,,0.979
1986-09-22,6.77,,0.96
1986-09-23,6.77,,0.9506
1986-09-24,6.66,,0.9523
1986-09-25,6.66,,0.9531
1986-09-26,6.71,,0.9531
1986-09-27,,,0.9531
1986-09-28,,,0.9531
1986-09-29,6.76,,0.9628
1986-09-30,6.68,,0.9619
1986-10-01,6.65,,0.9648
1986-10-02,6.68,,0.972
1986-10-03,6.46,,0.9753
1986-10-04,,,0.9753
1986-10-05,,,0.9753
1986-10-06,6.42,,0.9798
1986-10-07,6.42,,0.9744
1986-10-08,6.41,,0.9766
1986-10-09,6.43,,0.9732
1986-10-10,6.45,,0.9815
1986-10-11,,,0.9815
1986-10-12,,,0.9815
1986-10-13,,,0.9815
1986-10-14,6.54,,0.9875
1986-10-15,6.58,,0.9879
1986-10-16,6.58,,0.9873
1986-10-17,6.67,,0.9875
1986-10-18,,,0.9875
1986-10-19,,,0.9875
1986-10-20,6.78,,0.9809
1986-10-21,6.67,,0.9808
1986-10-22,6.64,,0.9822
1986-10-23,6.56,,0.9775
1986-10-24,6.64,,0.9597
1986-10-25,,,0.9597
1986-10-26,,,0.9597
1986-10-27,6.6,,0.9525
1986-10-28,6.62,,0.9591
1986-10-29,6.59,,0.9609
1986-10-30,6.52,,0.9502
1986-10-31,6.51,,0.9463
1986-11-01,,,0.9463
1986-11-02,,,0.9463
1986-11-03,6.49,,0.9449
1986-11-04,6.41,,0.9477
1986-11-05,6.45,,0.9448
1986-11-06,6.49,,0.946
1986-11-07,6.55,,0.9442
1986-11-08,,,0.9442
1986-11-09,,,0.9442
1986-11-10,6.59,,0.9531
1986-11-11,,,0.9531
1986-11-12,6.56,,0.9642
1986-11-13,6.53,,0.9697
1986-11-14,6.5,,0.9739
1986-11-15,,,0.9739
1986-11-16,,,0.9739
1986-11-17,6.47,,0.9685
1986-11-18,6.47,,0.9689
1986-11-19,6.42,,0.9712
1986-11-20,6.45,,0.9708
1986-11-21,6.4,,0.9647
1986-11-22,,,0.9647
1986-11-23,,,0.9647
1986-11-24,6.37,,0.9657
1986-11-25,6.4,,0.9783
1986-11-26,6.39,,0.9793
1986-11-27,,,0.9793
1986-11-28,6.38,,0.9884
1986-11-29,,,0.9884
1986-11-30,,,0.9884
1986-12-01,6.43,,0.9922
1986-12-02,6.37,,0.9886
1986-12-03,6.35,,0.9888
1986-12-04,6.3,,0.9789
1986-12-05,6.38,,0.9748
1986-12-06,,,0.9748
1986-12-07,,,0.9748
1986-12-08,6.39,,0.9703
1986-12-09,6.36,,0.9657
1986-12-10,6.35,,0.9693
1986-12-11,6.39,,0.9672
1986-12-12,6.4,,0.9668
1986-12-13,,,0.9668
1986-12-14,,,0.9668
1986-12-15,6.45,,0.9665
1986-12-16,6.44,,0.9659
1986-12-17,6.46,,0.9673
1986-12-18,6.46,,0.9705
1986-12-19,6.46,,0.972
1986-12-20,,,0.972
1986-12-21,,,0.972
1986-12-22,6.45,,0.9855
1986-12-23,6.45,,0.992
1986-12-24,6.45,,0.991
1986-12-25,,,0.991
1986-12-26,6.47,,0.9934
1986-12-27,,,0.9934
1986-12-28,,,0.9934
1986-12-29,6.53,,1.0039
1986-12-30,6.59,,1.0019
1986-12-31,6.56,,1.0139
1987-01-01,,,1.0139
1987-01-02,6.48,,1.0168
1987-01-03,,,1.0168
1987-01-04,,,1.0168
1987-01-05,6.41,,1.0099
1987-01-06,6.42,,1.0156
1987-01-07,6.37,,1.0115
1987-01-08,6.36,,1.0151
1987-01-09,6.34,,1.0165
1987-01-10,,,1.0165
1987-01-11,,,1.0165
1987-01-12,6.37,,1.0311
1987-01-13,6.4,,1.0395
1987-01-14,6.42,,1.0622
1987-01-15,6.41,,1.0588
1987-01-16,6.37,,1.057
1987-01-17,,,1.057
1987-01-18,,,1.057
1987-01-19,,,1.057
1987-01-20,6.34,,1.0608
1987-01-21,6.36,,1.0555
1987-01-22,6.38,,1.0749
1987-01-23,6.38,,1.068
1987-01-24,,,1.068
1987-01-25,,,1.068
1987-01-26,6.45,,1.0695
1987-01-27,6.46,,1.0801
1987-01-28,6.43,,1.0905
1987-01-29,6.45,,1.0913
1987-01-30,6.51,,1.0639
1987-01-31,,,1.0639
1987-02-01,,,1.0639
1987-02-02,6.55,,1.0792
1987-02-03,6.53,,1.0844
1987-02-04,6.53,,1.075
1987-02-05,6.5,,1.0595
1987-02-06,6.53,,1.0509
1987-02-07,,,1.0509
1987-02-08,,,1.0509
1987-02-09,6.6,,1.073
1987-02-10,6.65,,1.0846
1987-02-11,6.74,,1.0731
1987-02-12,6.65,,1.0685
1987-02-13,6.59,,1.0658
1987-02-14,,,1.0658
1987-02-15,,,1.0658
1987-02-16,,,1.0658
1987-02-17,6.64,,1.0748
1987-02-18,6.59,,1.0667
1987-02-19,6.53,,1.0628
1987-02-20,6.51,,1.0669
1987-02-21,,,1.0669
1987-02-22,,,1.0669
1987-02-23,6.52,,1.0654
1987-02-24,6.49,,1.063
1987-02-25,6.53,,1.066
1987-02-26,6.53,,1.0697
1987-02-27,6.51,,1.0671
1987-02-28,,,1.0671
1987-03-01,,,1.0671
1987-03-02,6.5,,1.0643
1987-03-03,6.52,,1.0634
1987-03-04,6.48,,1.0608
1987-03-05,6.51,,1.0645
1987-03-06,6.58,,1.06
1987-03-07,,,1.06
1987-03-08,,,1.06
1987-03-09,6.56,,1.0516
1987-03-10,6.57,,1.0502
1987-03-11,6.57,,1.0424
1987-03-12,6.56,,1.0479
1987-03-13,6.52,,1.0524
1987-03-14,,,1.0524
1987-03-15,,,1.0524
1987-03-16,6.55,,1.0613
1987-03-17,6.54,,1.0606
1987-03-18,6.54,,1.0616
1987-03-19,6.51,,1.0634
1987-03-20,6.53,,1.0632
1987-03-21,,,1.0632
1987-03-22,,,1.0632
1987-03-23,6.59,,1.0711
1987-03-24,6.63,,1.0703
1987-03-25,6.64,,1.0677
1987-03-26,6.61,,1.0666
1987-03-27,6.69,,1.0695
1987-03-28,,,1.0695
1987-03-29,,,1.0695
1987-03-30,6.85,,1.0814
1987-03-31,6.79,,1.0823
1987-04-01,6.9,,1.0708
1987-04-02,6.9,,1.0747
1987-04-03,6.88,,1.068
1987-04-04,,,1.068
1987-04-05,,,1.068
1987-04-06,6.83,,1.0681
1987-04-07,6.89,,1.0677
1987-04-08,6.89,,1.0602
1987-04-09,7.01,,1.0692
1987-04-10,7.27,,1.0796
1987-04-11,,,1.0796
1987-04-12,,,1.0796
1987-04-13,7.42,,1.0769
1987-04-14,7.54,,1.0817
1987-04-15,7.38,,1.0796
1987-04-16,7.24,,1.0765
1987-04-17,,,1.0742
1987-04-18,,,1.0742
1987-04-19,,,1.0742
1987-04-20,7.45,,1.0756
1987-04-21,7.44,,1.0733
1987-04-22,7.51,,1.0689
1987-04-23,7.64,,1.0757
1987-04-24,7.79,,1.0889
1987-04-25,,,1.0889
1987-04-26,,,1.0889
1987-04-27,7.77,,1.0937
1987-04-28,7.68,,1.0857
1987-04-29,7.71,,1.0879
1987-04-30,7.63,,1.0844
1987-05-01,7.75,,1.0945
1987-05-02,,,1.0945
1987-05-03,,,1.0945
1987-05-04,7.88,,1.0993
1987-05-05,7.84,,1.1025
1987-05-06,7.92,,1.0996
1987-05-07,7.88,,1.0969
1987-05-08,7.81,,1.09
1987-05-09,,,1.09
1987-05-10,,,1.09
1987-05-11,7.93,,1.0857
1987-05-12,7.94,,1.0898
1987-05-13,7.95,,1.0896
1987-05-14,7.95,,1.0913
1987-05-15,8.21,,1.0963
1987-05-16,,,1.0963
1987-05-17,,,1.0963
1987-05-18,8.19,,1.0963
1987-05-19,8.27,,1.0967
1987-05-20,8.35,,1.0993
1987-05-21,8.32,,1.0971
1987-05-22,8.23,,1.0963
1987-05-23,,,1.0963
1987-05-24,,,1.0963
1987-05-25,,,1.0963
1987-05-26,8.01,,1.079
1987-05-27,8.06,,1.0716
1987-05-28,8.04,,1.0737
1987-05-29,7.94,,1.0692
1987-05-30,,,1.0692
1987-05-31,,,1.0692
1987-06-01,7.91,,1.0634
1987-06-02,8.1,,1.081
1987-06-03,8.06,,1.0789
1987-06-04,8.0,,1.0724
1987-06-05,7.92,,1.075
1987-06-06,,,1.075
1987-06-07,,,1.075
1987-06-08,7.95,,1.0807
1987-06-09,7.97,,1.0889
1987-06-10,7.91,,1.0857
1987-06-11,7.91,,1.0874
1987-06-12,7.73,,1.0763
1987-06-13,,,1.0763
1987-06-14,,,1.0763
1987-06-15,7.68,,1.0687
1987-06-16,7.7,,1.0675
1987-06-17,7.64,,1.0679
1987-06-18,7.67,,1.0689
1987-06-19,7.69,,1.0659
1987-06-20,,,1.0659
1987-06-21,,,1.0659
1987-06-22,7.64,,1.0593
1987-06-23,7.66,,1.0635
1987-06-24,7.77,,1.0701
1987-06-25,7.72,,1.0666
1987-06-26,7.82,,1.0678
1987-06-27,,,1.0678
1987-06-28,,,1.0678
1987-06-29,7.77,,1.0654
1987-06-30,7.76,,1.0679
1987-07-01,7.72,,1.0663
1987-07-02,7.64,,1.0645
1987-07-03,,,1.06
1987-07-04,,,1.06
1987-07-05,,,1.06
1987-07-06,7.66,,1.0601
1987-07-07,7.63,,1.0601
1987-07-08,7.65,,1.059
1987-07-09,7.68,,1.0608
1987-07-10,7.62,,1.0571
1987-07-11,,,1.0571
1987-07-12,,,1.0571
1987-07-13,7.66,,1.0582
1987-07-14,7.61,,1.0544
1987-07-15,7.69,,1.0652
1987-07-16,7.66,,1.0615
1987-07-17,7.64,,1.0494
1987-07-18,,,1.0494
1987-07-19,,,1.0494
1987-07-20,7.68,,1.0472
1987-07-21,7.75,,1.0455
1987-07-22,7.78,,1.0464
1987-07-23,7.79,,1.0513
1987-07-24,7.84,,1.0522
1987-07-25,,,1.0522
1987-07-26,,,1.0522
1987-07-27,7.87,,1.0512
1987-07-28,7.9,,1.0501
1987-07-29,7.89,,1.0496
1987-07-30,7.94,,1.0508
1987-07-31,7.95,,1.0491
1987-08-01,,,1.0491
1987-08-02,,,1.0491
1987-08-03,8.08,,1.0459
1987-08-04,8.07,,1.0311
1987-08-05,7.99,,1.0387
1987-08-06,7.99,,1.0351
1987-08-07,7.99,,1.0318
1987-08-08,,,1.0318
1987-08-09,,,1.0318
1987-08-10,8.03,,1.0295
1987-08-11,7.94,,1.0277
1987-08-12,7.94,,1.0305
1987-08-13,7.9,,1.0336
1987-08-14,7.86,,1.0395
1987-08-15,,,1.0395
1987-08-16,,,1.0395
1987-08-17,7.86,,1.0391
1987-08-18,7.97,,1.0572
1987-08-19,8.02,,1.0592
1987-08-20,8.02,,1.067
1987-08-21,8.05,,1.0726
1987-08-22,,,1.0726
1987-08-23,,,1.0726
1987-08-24,8.06,,1.0735
1987-08-25,8.02,,1.0699
1987-08-26,8.09,,1.0684
1987-08-27,8.21,,1.0754
1987-08-28,8.27,,1.0775
1987-08-29,,,1.0775
1987-08-30,,,1.0775
1987-08-31,8.27,,1.077
1987-09-01,8.29,,1.0756
1987-09-02,8.46,,1.0817
1987-09-03,8.48,,1.0874
1987-09-04,8.56,,1.0859
1987-09-05,,,1.0859
1987-09-06,,,1.0859
1987-09-07,,,1.0859
1987-09-08,8.75,,1.0879
1987-09-09,8.74,,1.0852
1987-09-10,8.69,,1.0796
1987-09-11,8.62,,1.0837
1987-09-12,,,1.0837
1987-09-13,,,1.0837
1987-09-14,8.56,,1.073
1987-09-15,8.63,,1.0739
1987-09-16,8.7,,1.0738
1987-09-17,8.69,,1.0734
1987-09-18,8.63,,1.0799
1987-09-19,,,1.0799
1987-09-20,,,1.0799
1987-09-21,8.67,,1.0746
1987-09-22,8.64,,1.0714
1987-09-23,8.66,,1.0704
1987-09-24,8.77,,1.0705
1987-09-25,8.8,,1.071
1987-09-26,,,1.071
1987-09-27,,,1.071
1987-09-28,8.78,,1.0687
1987-09-29,8.92,,1.06
1987-09-30,8.93,,1.0583
1987-10-01,8.93,,1.056
1987-10-02,8.91,,1.0584
1987-10-03,,,1.0584
1987-10-04,,,1.0584
1987-10-05,8.97,,1.0583
1987-10-06,9.03,,1.0625
1987-10-07,9.02,,1.068
1987-10-08,9.2,,1.0701
1987-10-09,9.3,,1.075
1987-10-10,,,1.075
1987-10-11,,,1.075
1987-10-12,,,1.075
1987-10-13,9.22,,1.071
1987-10-14,9.44,,1.0767
1987-10-15,9.52,,1.0828
1987-10-16,9.52,,1.0825
1987-10-17,,,1.0825
1987-10-18,,,1.0825
1987-10-19,9.32,,1.0971
1987-10-20,8.53,,1.0787
1987-10-21,8.44,,1.0754
1987-10-22,8.19,,1.075
1987-10-23,8.2,,1.0912
1987-10-24,,,1.0912
1987-10-25,,,1.0912
1987-10-26,7.98,,1.099
1987-10-27,8.06,,1.106
1987-10-28,8.05,,1.1123
1987-10-29,7.95,,1.1282
1987-10-30,8.0,,1.1284
1987-10-31,,,1.1284
1987-11-01,,,1.1284
1987-11-02,8.09,,1.1387
1987-11-03,8.02,,1.1371
1987-11-04,7.97,,1.1401
1987-11-05,7.81,,1.1684
1987-11-06,7.92,,1.1647
1987-11-07,,,1.1647
1987-11-08,,,1.1647
1987-11-09,7.95,,1.1737
1987-11-10,7.91,,1.1712
1987-11-11,,,1.1712
1987-11-12,7.96,,1.1481
1987-11-13,8.01,,1.1554
1987-11-14,,,1.1554
1987-11-15,,,1.1554
1987-11-16,8.02,,1.1448
1987-11-17,7.99,,1.1518
1987-11-18,7.99,,1.1558
1987-11-19,7.95,,1.1606
1987-11-20,7.93,,1.1594
1987-11-21,,,1.1594
1987-11-22,,,1.1594
1987-11-23,7.95,,1.1693
1987-11-24,7.99,,1.1561
1987-11-25,8.06,,1.1688
1987-11-26,,,1.1688
1987-11-27,8.2,,1.1788
1987-11-28,,,1.1788
1987-11-29,,,1.1788
1987-11-30,8.05,,1.1889
1987-12-01,8.07,,1.1832
1987-12-02,8.07,,1.1795
1987-12-03,8.01,,1.1752
1987-12-04,8.0,,1.1685
1987-12-05,,,1.1685
1987-12-06,,,1.1685
1987-12-07,8.16,,1.1669
1987-12-08,8.15,,1.1685
1987-12-09,8.15,,1.1719
1987-12-10,8.29,,1.1918
1987-12-11,8.31,,1.1953
1987-12-12,,,1.1953
1987-12-13,,,1.1953
1987-12-14,8.31,,1.1957
1987-12-15,8.2,,1.1962
1987-12-16,8.15,,1.1959
1987-12-17,8.15,,1.2021
1987-12-18,8.06,,1.1935
1987-12-19,,,1.1935
1987-12-20,,,1.1935
1987-12-21,8.09,,1.1932
1987-12-22,8.17,,1.1976
1987-12-23,8.1,,1.1916
1987-12-24,8.1,,1.1972
1987-12-25,,,1.1972
1987-12-26,,,1.1972
1987-12-27,,,1.1972
1987-12-28,8.16,,1.2214
1987-12-29,8.11,,1.222
1987-12-30,7.99,,1.2235
1987-12-31,8.04,,1.2415
1988-01-01,,,1.2415
1988-01-02,,,1.2415
1988-01-03,,,1.2415
1988-01-04,8.03,,1.2308
1988-01-05,7.99,,1.1986
1988-01-06,8.03,,1.1826
1988-01-07,8.03,,1.1899
1988-01-08,8.16,,1.1816
1988-01-09,,,1.1816
1988-01-10,,,1.1816
1988-01-11,8.05,,1.1913
1988-01-12,8.04,,1.1927
1988-01-13,8.01,,1.194
1988-01-14,8.01,,1.1912
1988-01-15,7.83,,1.1612
1988-01-16,,,1.1612
1988-01-17,,,1.1612
1988-01-18,,,1.1612
1988-01-19,7.87,,1.1637
1988-01-20,7.82,,1.1734
1988-01-21,7.77,,1.1719
1988-01-22,7.73,,1.164
1988-01-23,,,1.164
1988-01-24,,,1.164
1988-01-25,7.72,,1.1625
1988-01-26,7.8,,1.1631
1988-01-27,7.63,,1.167
1988-01-28,7.54,,1.1699
1988-01-29,7.48,,1.162
1988-01-30,,,1.162
1988-01-31,,,1.162
1988-02-01,7.5,,1.1526
1988-02-02,7.38,,1.1594
1988-02-03,7.44,,1.1553
1988-02-04,7.44,,1.1538
1988-02-05,7.32,,1.1482
1988-02-06,,,1.1482
1988-02-07,,,1.1482
1988-02-08,7.37,,1.1506
1988-02-09,7.34,,1.1468
1988-02-10,7.28,,1.1537
1988-02-11,7.31,,1.153
1988-02-12,7.42,,1.1382
1988-02-13,,,1.1382
1988-02-14,,,1.1382
1988-02-15,,,1.1382
1988-02-16,7.45,,1.1417
1988-02-17,7.42,,1.1429
1988-02-18,7.41,,1.1403
1988-02-19,7.39,,1.1421
1988-02-20,,,1.1421
1988-02-21,,,1.1421
1988-02-22,7.38,,1.1502
1988-02-23,7.33,,1.1526
1988-02-24,7.34,,1.1504
1988-02-25,7.37,,1.1492
1988-02-26,7.35,,1.1557
1988-02-27,,,1.1557
1988-02-28,,,1.1557
1988-02-29,7.33,,1.1551
1988-03-01,7.3,,1.157
1988-03-02,7.29,,1.1515
1988-03-03,7.29,,1.1496
1988-03-04,7.45,,1.1542
1988-03-05,,,1.1542
1988-03-06,,,1.1542
1988-03-07,7.44,,1.1628
1988-03-08,7.45,,1.1685
1988-03-09,7.45,,1.1692
1988-03-10,7.48,,1.1711
1988-03-11,7.43,,1.1734
1988-03-12,,,1.1734
1988-03-13,,,1.1734
1988-03-14,7.42,,1.1723
1988-03-15,7.42,,1.1708
1988-03-16,7.47,,1.1667
1988-03-17,7.41,,1.153
1988-03-18,7.46,,1.1494
1988-03-19,,,1.1494
1988-03-20,,,1.1494
1988-03-21,7.56,,1.1531
1988-03-22,7.58,,1.1514
1988-03-23,7.61,,1.1529
1988-03-24,7.66,,1.1612
1988-03-25,7.61,,1.1635
1988-03-26,,,1.1635
1988-03-27,,,1.1635
1988-03-28,7.66,,1.1744
1988-03-29,7.66,,1.1726
1988-03-30,7.65,,1.1722
1988-03-31,7.66,,1.1777
1988-04-01,,,1.1776
1988-04-02,,,1.1776
1988-04-03,,,1.1776
1988-04-04,7.81,,1.1791
1988-04-05,7.84,,1.1682
1988-04-06,7.79,,1.1651
1988-04-07,7.77,,1.1609
1988-04-08,7.69,,1.1659
1988-04-09,,,1.1659
1988-04-10,,,1.1659
1988-04-11,7.73,,1.1563
1988-04-12,7.71,,1.1553
1988-04-13,7.67,,1.1515
1988-04-14,7.79,,1.1727
1988-04-15,7.85,,1.1741
1988-04-16,,,1.1741
1988-04-17,,,1.1741
1988-04-18,7.88,,1.1766
1988-04-19,7.87,,1.1727
1988-04-20,7.9,,1.1721
1988-04-21,7.9,,1.1719
1988-04-22,7.87,,1.166
1988-04-23,,,1.166
1988-04-24,,,1.166
1988-04-25,7.87,,1.1625
1988-04-26,7.87,,1.1641
1988-04-27,7.89,,1.1643
1988-04-28,7.97,,1.1686
1988-04-29,7.98,,1.1646
1988-04-30,,,1.1646
1988-05-01,,,1.1646
1988-05-02,8.03,,1.1618
1988-05-03,8.01,,1.1628
1988-05-04,8.03,,1.1609
1988-05-05,8.06,,1.1614
1988-05-06,8.17,,1.1605
1988-05-07,,,1.1605
1988-05-08,,,1.1605
1988-05-09,8.2,,1.1594
1988-05-10,8.23,,1.1618
1988-05-11,8.21,,1.1627
1988-05-12,8.18,,1.1613
1988-05-13,8.14,,1.1586
1988-05-14,,,1.1586
1988-05-15,,,1.1586
1988-05-16,8.16,,1.1546
1988-05-17,8.25,,1.1443
1988-05-18,8.28,,1.1436
1988-05-19,8.28,,1.1467
1988-05-20,8.32,,1.145
1988-05-21,,,1.145
1988-05-22,,,1.145
1988-05-23,8.36,,1.1461
1988-05-24,8.36,,1.1456
1988-05-25,8.37,,1.1432
1988-05-26,8.43,,1.1419
1988-05-27,8.46,,1.1349
1988-05-28,,,1.1349
1988-05-29,,,1.1349
1988-05-30,,,1.1349
1988-05-31,8.44,,1.1279
1988-06-01,8.32,,1.1301
1988-06-02,8.34,,1.1306
1988-06-03,8.24,,1.1291
1988-06-04,,,1.1291
1988-06-05,,,1.1291
1988-06-06,8.23,,1.1358
1988-06-07,8.25,,1.1369
1988-06-08,8.17,,1.1348
1988-06-09,8.19,,1.1338
1988-06-10,8.18,,1.1342
1988-06-11,,,1.1342
1988-06-12,,,1.1342
1988-06-13,8.17,,1.1303
1988-06-14,7.98,,1.1159
1988-06-15,8.02,,1.1123
1988-06-16,8.17,,1.112
1988-06-17,8.3,,1.1123
1988-06-18,,,1.1123
1988-06-19,,,1.1123
1988-06-20,8.32,,1.1078
1988-06-21,8.34,,1.1095
1988-06-22,8.22,,1.0965
1988-06-23,8.22,,1.0919
1988-06-24,8.21,,1.0745
1988-06-25,,,1.0745
1988-06-26,,,1.0745
1988-06-27,8.27,,1.0724
1988-06-28,8.24,,1.0781
1988-06-29,8.21,,1.066
1988-06-30,8.18,,1.0733
1988-07-01,8.14,,1.0714
1988-07-02,,,1.0714
1988-07-03,,,1.0714
1988-07-04,,,1.0714
1988-07-05,8.18,,1.0693
1988-07-06,8.22,,1.0704
1988-07-07,8.28,,1.0737
1988-07-08,8.41,,1.0611
1988-07-09,,,1.0611
1988-07-10,,,1.0611
1988-07-11,8.4,,1.0563
1988-07-12,8.45,,1.0612
1988-07-13,8.46,,1.0559
1988-07-14,8.5,,1.0556
1988-07-15,8.46,,1.0393
1988-07-16,,,1.0393
1988-07-17,,,1.0393
1988-07-18,8.52,,1.0366
1988-07-19,8.48,,1.0461
1988-07-20,8.49,,1.0537
1988-07-21,8.55,,1.061
1988-07-22,8.5,,1.0679
1988-07-23,,,1.0679
1988-07-24,,,1.0679
1988-07-25,8.5,,1.057
1988-07-26,8.52,,1.0481
1988-07-27,8.6,,1.0546
1988-07-28,8.62,,1.0457
1988-07-29,8.57,,1.0401
1988-07-30,,,1.0401
1988-07-31,,,1.0401
1988-08-01,8.53,,1.0392
1988-08-02,8.49,,1.0393
1988-08-03,8.51,,1.0399
1988-08-04,8.46,,1.0371
1988-08-05,8.62,,1.0301
1988-08-06,,,1.0301
1988-08-07,,,1.0301
1988-08-08,8.63,,1.0252
1988-08-09,8.72,,1.0178
1988-08-10,8.81,,1.0179
1988-08-11,8.82,,1.0267
1988-08-12,8.82,,1.037
1988-08-13,,,1.037
1988-08-14,,,1.037
1988-08-15,8.82,,1.0368
1988-08-16,8.84,,1.0421
1988-08-17,8.86,,1.0194
1988-08-18,8.86,,1.0275
1988-08-19,8.86,,1.0311
1988-08-20,,,1.0311
1988-08-21,,,1.0311
1988-08-22,8.89,,1.016
1988-08-23,8.85,,1.0229
1988-08-24,8.85,,1.031
1988-08-25,8.92,,1.0465
1988-08-26,8.92,,1.0502
1988-08-27,,,1.0502
1988-08-28,,,1.0502
1988-08-29,8.86,,1.0436
1988-08-30,8.86,,1.044
1988-08-31,8.83,,1.0381
1988-09-01,8.82,,1.0406
1988-09-02,8.58,,1.049
1988-09-03,,,1.049
1988-09-04,,,1.049
1988-09-05,,,1.049
1988-09-06,8.58,,1.0583
1988-09-07,8.57,,1.0578
1988-09-08,8.58,,1.055
1988-09-09,8.52,,1.0547
1988-09-10,,,1.0547
1988-09-11,,,1.0547
1988-09-12,8.55,,1.0569
1988-09-13,8.52,,1.054
1988-09-14,8.47,,1.0379
1988-09-15,8.51,,1.0397
1988-09-16,8.53,,1.0391
1988-09-17,,,1.0391
1988-09-18,,,1.0391
1988-09-19,8.55,,1.0435
1988-09-20,8.56,,1.046
1988-09-21,8.51,,1.0403
1988-09-22,8.54,,1.0377
1988-09-23,8.56,,1.0398
1988-09-24,,,1.0398
1988-09-25,,,1.0398
1988-09-26,8.61,,1.0354
1988-09-27,8.66,,1.0377
1988-09-28,8.69,,1.0384
1988-09-29,8.63,,1.0359
1988-09-30,8.52,,1.0412
1988-10-01,,,1.0412
1988-10-02,,,1.0412
1988-10-03,8.5,,1.0479
1988-10-04,8.51,,1.0478
1988-10-05,8.51,,1.0468
1988-10-06,8.52,,1.0457
1988-10-07,8.34,,1.0474
1988-10-08,,,1.0474
1988-10-09,,,1.0474
1988-10-10,,,1.0474
1988-10-11,8.39,,1.0527
1988-10-12,8.46,,1.0622
1988-10-13,8.46,,1.071
1988-10-14,8.43,,1.0757
1988-10-15,,,1.0757
1988-10-16,,,1.0757
1988-10-17,8.43,,1.0771
1988-10-18,8.39,,1.0808
1988-10-19,8.44,,1.0768
1988-10-20,8.44,,1.082
1988-10-21,8.46,,1.0953
1988-10-22,,,1.0953
1988-10-23,,,1.0953
1988-10-24,8.48,,1.0905
1988-10-25,8.48,,1.0906
1988-10-26,8.43,,1.099
1988-10-27,8.35,,1.0982
1988-10-28,8.35,,1.0971
1988-10-29,,,1.0971
1988-10-30,,,1.0971
1988-10-31,8.32,,1.0945
1988-11-01,8.33,,1.0919
1988-11-02,8.37,,1.0964
1988-11-03,8.35,,1.1007
1988-11-04,8.52,,1.087
1988-11-05,,,1.087
1988-11-06,,,1.087
1988-11-07,8.6,,1.0931
1988-11-08,8.56,,1.0898
1988-11-09,8.63,,1.1074
1988-11-10,8.64,,1.1096
1988-11-11,,,1.1096
1988-11-12,,,1.1096
1988-11-13,,,1.1096
1988-11-14,8.68,,1.1176
1988-11-15,8.72,,1.1172
1988-11-16,8.79,,1.131
1988-11-17,8.82,,1.1268
1988-11-18,8.83,,1.1235
1988-11-19,,,1.1235
1988-11-20,,,1.1235
1988-11-21,8.85,,1.1289
1988-11-22,8.93,,1.1333
1988-11-23,8.93,,1.1358
1988-11-24,,,1.1358
1988-11-25,9.03,,1.1368
1988-11-26,,,1.1368
1988-11-27,,,1.1368
1988-11-28,9.04,,1.125
1988-11-29,9.0,,1.1291
1988-11-30,8.87,,1.1233
1988-12-01,8.88,,1.1256
1988-12-02,9.13,,1.1266
1988-12-03,,,1.1266
1988-12-04,,,1.1266
1988-12-05,9.09,,1.1311
1988-12-06,8.91,,1.1255
1988-12-07,8.97,,1.108
1988-12-08,9.03,,1.1198
1988-12-09,9.05,,1.125
1988-12-10,,,1.125
1988-12-11,,,1.125
1988-12-12,9.07,,1.1193
1988-12-13,9.16,,1.1161
1988-12-14,9.21,,1.1223
1988-12-15,9.22,,1.1154
1988-12-16,9.2,,1.1044
1988-12-17,,,1.1044
1988-12-18,,,1.1044
1988-12-19,9.18,,1.1066
1988-12-20,9.1,,1.0978
1988-12-21,9.09,,1.1018
1988-12-22,9.11,,1.0994
1988-12-23,9.11,,1.0978
1988-12-24,,,1.0978
1988-12-25,,,1.0978
1988-12-26,,,1.0978
1988-12-27,9.2,,1.0971
1988-12-28,9.23,,1.0913
1988-12-29,9.2,,1.0904
1988-12-30,9.18,,1.0997
1988-12-31,,,1.0997
1989-01-01,,,1.0997
1989-01-02,,,1.0997
1989-01-03,9.26,,1.1055
1989-01-04,9.26,,1.0909
1989-01-05,9.34,,1.0865
1989-01-06,9.35,,1.0752
1989-01-07,,,1.0752
1989-01-08,,,1.0752
1989-01-09,9.34,,1.0664
1989-01-10,9.32,,1.0628
1989-01-11,9.31,,1.0664
1989-01-12,9.23,,1.0684
1989-01-13,9.15,,1.0634
1989-01-14,,,1.0634
1989-01-15,,,1.0634
1989-01-16,,,1.0634
1989-01-17,9.17,,1.0539
1989-01-18,9.12,,1.0423
1989-01-19,9.11,,1.0447
1989-01-20,9.15,,1.0576
1989-01-21,,,1.0576
1989-01-22,,,1.0576
1989-01-23,9.13,,1.0611
1989-01-24,9.04,,1.0585
1989-01-25,9.11,,1.0582
1989-01-26,9.17,,1.0573
1989-01-27,9.09,,1.0469
1989-01-28,,,1.0469
1989-01-29,,,1.0469
1989-01-30,9.13,,1.049
1989-01-31,9.13,,1.0383
1989-02-01,9.13,,1.0464
1989-02-02,9.12,,1.0434
1989-02-03,9.19,,1.0377
1989-02-04,,,1.0377
1989-02-05,,,1.0377
1989-02-06,9.22,,1.0381
1989-02-07,9.17,,1.0442
1989-02-08,9.19,,1.0419
1989-02-09,9.27,,1.0488
1989-02-10,9.36,,1.0477
1989-02-11,,,1.0477
1989-02-12,,,1.0477
1989-02-13,9.37,,1.0429
1989-02-14,9.39,,1.0544
1989-02-15,9.38,,1.0576
1989-02-16,9.36,,1.0585
1989-02-17,9.31,,1.0617
1989-02-18,,,1.0617
1989-02-19,,,1.0617
1989-02-20,,,1.0617
1989-02-21,9.28,,1.0588
1989-02-22,9.38,,1.0622
1989-02-23,9.49,,1.0707
1989-02-24,9.51,,1.0692
1989-02-25,,,1.0692
1989-02-26,,,1.0692
1989-02-27,9.48,,1.073
1989-02-28,9.43,,1.0697
1989-03-01,9.42,,1.0619
1989-03-02,9.42,,1.0591
1989-03-03,9.4,,1.0595
1989-03-04,,,1.0595
1989-03-05,,,1.0595
1989-03-06,9.36,,1.0526
1989-03-07,9.38,,1.0521
1989-03-08,9.37,,1.0494
1989-03-09,9.42,,1.0473
1989-03-10,9.6,,1.047
1989-03-11,,,1.047
1989-03-12,,,1.047
1989-03-13,9.58,,1.0443
1989-03-14,9.58,,1.0495
1989-03-15,9.57,,1.0421
1989-03-16,9.55,,1.0418
1989-03-17,9.76,,1.0395
1989-03-18,,,1.0395
1989-03-19,,,1.0395
1989-03-20,9.84,,1.0398
1989-03-21,9.88,,1.0412
1989-03-22,9.78,,1.0433
1989-03-23,9.76,,1.0421
1989-03-24,,,1.0409
1989-03-25,,,1.0409
1989-03-26,,,1.0409
1989-03-27,9.79,,1.0358
1989-03-28,9.8,,1.0299
1989-03-29,9.74,,1.031
1989-03-30,9.71,,1.0279
1989-03-31,9.66,,1.0283
1989-04-01,,,1.0283
1989-04-02,,,1.0283
1989-04-03,9.5,,1.0359
1989-04-04,9.44,,1.0425
1989-04-05,9.4,,1.0418
1989-04-06,9.47,,1.0437
1989-04-07,9.54,,1.04
1989-04-08,,,1.04
1989-04-09,,,1.04
1989-04-10,9.53,,1.0373
1989-04-11,9.53,,1.0335
1989-04-12,9.56,,1.0339
1989-04-13,9.62,,1.0409
1989-04-14,9.4,,1.0425
1989-04-15,,,1.0425
1989-04-16,,,1.0425
1989-04-17,9.44,,1.0509
1989-04-18,9.24,,1.0525
1989-04-19,9.27,,1.0476
1989-04-20,9.41,,1.0561
1989-04-21,9.37,,1.0546
1989-04-22,,,1.0546
1989-04-23,,,1.0546
1989-04-24,9.37,,1.0478
1989-04-25,9.32,,1.0454
1989-04-26,9.29,,1.0379
1989-04-27,9.18,,1.0392
1989-04-28,9.15,,1.0371
1989-04-29,,,1.0371
1989-04-30,,,1.0371
1989-05-01,9.3,,1.0315
1989-05-02,9.2,,1.0338
1989-05-03,9.19,,1.0321
1989-05-04,9.19,,1.0311
1989-05-05,9.04,,1.0268
1989-05-06,,,1.0268
1989-05-07,,,1.0268
1989-05-08,9.09,,1.0224
1989-05-09,9.16,,1.0179
1989-05-10,9.23,,1.0238
1989-05-11,9.11,,1.0192
1989-05-12,8.81,,1.0157
1989-05-13,,,1.0157
1989-05-14,,,1.0157
1989-05-15,8.87,,1.0042
1989-05-16,8.9,,1.0034
1989-05-17,8.9,,0.9885
1989-05-18,8.93,,0.9915
1989-05-19,8.89,,0.9901
1989-05-20,,,0.9901
1989-05-21,,,0.9901
1989-05-22,8.78,,0.9709
1989-05-23,8.77,,0.971
1989-05-24,8.79,,0.9693
1989-05-25,8.88,,0.9777
1989-05-26,8.86,,0.9802
1989-05-27,,,0.9802
1989-05-28,,,0.9802
1989-05-29,,,0.9802
1989-05-30,8.81,,0.9706
1989-05-31,8.78,,0.9869
1989-06-01,8.78,,0.9831
1989-06-02,8.47,,0.9961
1989-06-03,,,0.9961
1989-06-04,,,0.9961
1989-06-05,8.39,,0.9937
1989-06-06,8.4,,0.9852
1989-06-07,8.35,,0.9938
1989-06-08,8.3,,0.9861
1989-06-09,8.23,,0.9733
1989-06-10,,,0.9733
1989-06-11,,,0.9733
1989-06-12,8.26,,0.9631
1989-06-13,8.38,,0.9624
1989-06-14,8.32,,0.9609
1989-06-15,8.46,,0.9634
1989-06-16,8.48,,0.979
1989-06-17,,,0.979
1989-06-18,,,0.979
1989-06-19,8.49,,0.9878
1989-06-20,8.45,,0.986
1989-06-21,8.49,,0.9899
1989-06-22,8.5,,0.9952
1989-06-23,8.34,,1.0049
1989-06-24,,,1.0049
1989-06-25,,,1.0049
1989-06-26,8.29,,0.9963
1989-06-27,8.25,,0.9967
1989-06-28,8.27,,0.9926
1989-06-29,8.14,,0.9973
1989-06-30,8.05,,0.9978
1989-07-01,,,0.9978
1989-07-02,,,0.9978
1989-07-03,8.0,,1.0113
1989-07-04,,,1.0113
1989-07-05,7.97,,1.0319
1989-07-06,7.92,,1.0316
1989-07-07,7.85,,1.0351
1989-07-08,,,1.0351
1989-07-09,,,1.0351
1989-07-10,7.83,,1.0495
1989-07-11,7.8,,1.037
1989-07-12,7.77,,1.0396
1989-07-13,7.78,,1.0363
1989-07-14,7.81,,1.0245
1989-07-15,,,1.0245
1989-07-16,,,1.0245
1989-07-17,7.86,,1.0226
1989-07-18,7.97,,1.0308
1989-07-19,7.92,,1.0253
1989-07-20,7.81,,1.0259
1989-07-21,7.91,,1.0232
1989-07-22,,,1.0232
1989-07-23,,,1.0232
1989-07-24,7.9,,1.0215
1989-07-25,7.82,,1.0287
1989-07-26,7.83,,1.0405
1989-07-27,7.7,,1.0435
1989-07-28,7.62,,1.0333
1989-07-29,,,1.0333
1989-07-30,,,1.0333
1989-07-31,7.58,,1.0453
1989-08-01,7.51,,1.0457
1989-08-02,7.59,,1.0534
1989-08-03,7.66,,1.0449
1989-08-04,7.98,,1.0281
1989-08-05,,,1.0281
1989-08-06,,,1.0281
1989-08-07,8.05,,1.0234
1989-08-08,7.94,,1.0316
1989-08-09,7.98,,1.0262
1989-08-10,7.97,,1.0309
1989-08-11,8.1,,1.0057
1989-08-12,,,1.0057
1989-08-13,,,1.0057
1989-08-14,8.28,,1.0057
1989-08-15,8.26,,1.0016
1989-08-16,8.15,,1.0045
1989-08-17,8.22,,0.9905
1989-08-18,8.24,,1.0
1989-08-19,,,1.0
1989-08-20,,,1.0
1989-08-21,8.27,,0.999
1989-08-22,8.39,,1.0047
1989-08-23,8.36,,0.9968
1989-08-24,8.3,,0.9955
1989-08-25,8.32,,0.9981
1989-08-26,,,0.9981
1989-08-27,,,0.9981
1989-08-28,8.37,,0.9954
1989-08-29,8.41,,1.0065
1989-08-30,8.37,,1.0021
1989-08-31,8.37,,0.9959
1989-09-01,8.32,,0.9859
1989-09-02,,,0.9859
1989-09-03,,,0.9859
1989-09-04,,,0.9859
1989-09-05,8.34,,0.9798
1989-09-06,8.31,,0.9875
1989-09-07,8.28,,0.9824
1989-09-08,8.23,,0.9847
1989-09-09,,,0.9847
1989-09-10,,,0.9847
1989-09-11,8.17,,0.9814
1989-09-12,8.13,,0.9809
1989-09-13,8.16,,0.9846
1989-09-14,8.08,,0.9905
1989-09-15,8.03,,0.9751
1989-09-16,,,0.9751
1989-09-17,,,0.9751
1989-09-18,8.08,,0.9988
1989-09-19,8.13,,1.0004
1989-09-20,8.23,,1.0046
1989-09-21,8.26,,1.0031
1989-09-22,8.27,,1.0002
1989-09-23,,,1.0002
1989-09-24,,,1.0002
1989-09-25,8.41,,1.0232
1989-09-26,8.39,,1.0324
1989-09-27,8.4,,1.0359
1989-09-28,8.42,,1.0365
1989-09-29,8.46,,1.0414
1989-09-30,,,1.0414
1989-10-01,,,1.0414
1989-10-02,8.46,,1.0401
1989-10-03,8.38,,1.0338
1989-10-04,8.37,,1.0384
1989-10-05,8.31,,1.034
1989-10-06,8.08,,1.0305
1989-10-07,,,1.0305
1989-10-08,,,1.0305
1989-10-09,,,1.0305
1989-10-10,8.06,,1.0283
1989-10-11,8.1,,1.0173
1989-10-12,8.03,,1.0222
1989-10-13,7.79,,1.0314
1989-10-14,,,1.0314
1989-10-15,,,1.0314
1989-10-16,7.94,,1.045
1989-10-17,7.93,,1.053
1989-10-18,7.93,,1.0519
1989-10-19,7.94,,1.0533
1989-10-20,7.96,,1.0519
1989-10-21,,,1.0519
1989-10-22,,,1.0519
1989-10-23,7.91,,1.051
1989-10-24,7.82,,1.0604
1989-10-25,7.82,,1.0594
1989-10-26,7.85,,1.061
1989-10-27,7.92,,1.0658
1989-10-28,,,1.0658
1989-10-29,,,1.0658
1989-10-30,7.91,,1.0619
1989-10-31,7.91,,1.0591
1989-11-01,7.91,,1.0612
1989-11-02,7.86,,1.0556
1989-11-03,8.02,,1.0554
1989-11-04,,,1.0554
1989-11-05,,,1.0554
1989-11-06,8.07,,1.0532
1989-11-07,7.92,,1.0572
1989-11-08,7.83,,1.0566
1989-11-09,7.79,,1.055
1989-11-10,7.82,,1.0466
1989-11-11,,,1.0466
1989-11-12,,,1.0466
1989-11-13,7.82,,1.0473
1989-11-14,7.75,,1.055
1989-11-15,7.69,,1.0608
1989-11-16,7.7,,1.0625
1989-11-17,7.75,,1.0585
1989-11-18,,,1.0585
1989-11-19,,,1.0585
1989-11-20,7.74,,1.0622
1989-11-21,7.74,,1.0712
1989-11-22,7.65,,1.0752
1989-11-23,,,1.0752
1989-11-24,7.63,,1.0801
1989-11-25,,,1.0801
1989-11-26,,,1.0801
1989-11-27,7.76,,1.0894
1989-11-28,7.79,,1.0908
1989-11-29,7.8,,1.0937
1989-11-30,7.75,,1.0957
1989-12-01,7.7,,1.0941
1989-12-02,,,1.0941
1989-12-03,,,1.0941
1989-12-04,7.73,,1.0951
1989-12-05,7.71,,1.0976
1989-12-06,7.79,,1.1042
1989-12-07,7.84,,1.1002
1989-12-08,7.77,,1.1005
1989-12-09,,,1.1005
1989-12-10,,,1.1005
1989-12-11,7.76,,1.1045
1989-12-12,7.76,,1.1246
1989-12-13,7.76,,1.1208
1989-12-14,7.7,,1.1227
1989-12-15,7.7,,1.1319
1989-12-16,,,1.1319
1989-12-17,,,1.1319
1989-12-18,7.69,,1.1299
1989-12-19,7.73,,1.1222
1989-12-20,7.7,,1.1203
1989-12-21,7.71,,1.1302
1989-12-22,7.77,,1.1418
1989-12-23,,,1.1418
1989-12-24,,,1.1418
1989-12-25,,,1.1418
1989-12-26,7.91,,1.1476
1989-12-27,7.92,,1.1539
1989-12-28,7.88,,1.1557
1989-12-29,7.87,,1.1543
1989-12-30,,,1.1543
1989-12-31,,,1.1543
1990-01-01,,,1.1543
1990-01-02,7.9,,1.1413
1990-01-03,7.96,,1.1333
1990-01-04,7.93,,1.1585
1990-01-05,7.94,,1.1605
1990-01-06,,,1.1605
1990-01-07,,,1.1605
1990-01-08,7.95,,1.1686
1990-01-09,7.94,,1.1594
1990-01-10,7.95,,1.1609
1990-01-11,7.95,,1.1594
1990-01-12,7.98,,1.1612
1990-01-13,,,1.1612
1990-01-14,,,1.1612
1990-01-15,,,1.1612
1990-01-16,8.13,,1.1507
1990-01-17,8.11,,1.1537
1990-01-18,8.28,,1.1416
1990-01-19,8.23,,1.1442
1990-01-20,,,1.1442
1990-01-21,,,1.1442
1990-01-22,8.2,,1.1322
1990-01-23,8.2,,1.1493
1990-01-24,8.29,,1.1561
1990-01-25,8.32,,1.1557
1990-01-26,8.38,,1.1517
1990-01-27,,,1.1517
1990-01-28,,,1.1517
1990-01-29,8.39,,1.1616
1990-01-30,8.39,,1.1598
1990-01-31,8.36,,1.1553
1990-02-01,8.35,,1.1598
1990-02-02,8.43,,1.1567
1990-02-03,,,1.1567
1990-02-04,,,1.1567
1990-02-05,8.43,,1.168
1990-02-06,8.43,,1.1762
1990-02-07,8.43,,1.1784
1990-02-08,8.39,,1.1658
1990-02-09,8.24,,1.1643
1990-02-10,,,1.1643
1990-02-11,,,1.1643
1990-02-12,8.32,,1.1678
1990-02-13,8.21,,1.1629
1990-02-14,8.27,,1.1662
1990-02-15,8.35,,1.1602
1990-02-16,8.34,,1.1612
1990-02-17,,,1.1612
1990-02-18,,,1.1612
1990-02-19,,,1.1612
1990-02-20,8.52,,1.1643
1990-02-21,8.52,,1.1705
1990-02-22,8.48,,1.1677
1990-02-23,8.45,,1.1623
1990-02-24,,,1.1623
1990-02-25,,,1.1623
1990-02-26,8.4,,1.153
1990-02-27,8.34,,1.1574
1990-02-28,8.45,,1.1494
1990-03-01,8.53,,1.1373
1990-03-02,8.5,,1.1338
1990-03-03,,,1.1338
1990-03-04,,,1.1338
1990-03-05,8.59,,1.1444
1990-03-06,8.56,,1.1465
1990-03-07,8.55,,1.1425
1990-03-08,8.58,,1.1457
1990-03-09,8.71,,1.1438
1990-03-10,,,1.1438
1990-03-11,,,1.1438
1990-03-12,8.7,,1.1399
1990-03-13,8.77,,1.1361
1990-03-14,8.7,,1.1383
1990-03-15,8.7,,1.1452
1990-03-16,8.62,,1.1505
1990-03-17,,,1.1505
1990-03-18,,,1.1505
1990-03-19,8.66,,1.1589
1990-03-20,8.65,,1.1496
1990-03-21,8.66,,1.1416
1990-03-22,8.6,,1.1438
1990-03-23,8.59,,1.1403
1990-03-24,,,1.1403
1990-03-25,,,1.1403
1990-03-26,8.59,,1.1395
1990-03-27,8.6,,1.1393
1990-03-28,8.6,,1.14
1990-03-29,8.65,,1.1484
1990-03-30,8.69,,1.155
1990-03-31,,,1.155
1990-04-01,,,1.155
1990-04-02,8.67,,1.1446
1990-04-03,8.65,,1.1465
1990-04-04,8.59,,1.1471
1990-04-05,8.6,,1.1476
1990-04-06,8.58,,1.1498
1990-04-07,,,1.1498
1990-04-08,,,1.1498
1990-04-09,8.6,,1.1521
1990-04-10,8.59,,1.1534
1990-04-11,8.62,,1.164
1990-04-12,8.63,,1.1658
1990-04-13,,,1.1658
1990-04-14,,,1.1658
1990-04-15,,,1.1658
1990-04-16,8.66,,1.1627
1990-04-17,8.75,,1.1621
1990-04-18,8.84,,1.166
1990-04-19,8.86,,1.1629
1990-04-20,8.88,,1.1546
1990-04-21,,,1.1546
1990-04-22,,,1.1546
1990-04-23,8.91,,1.1488
1990-04-24,8.98,,1.1509
1990-04-25,9.01,,1.1586
1990-04-26,9.11,,1.159
1990-04-27,9.07,,1.1639
1990-04-28,,,1.1639
1990-04-29,,,1.1639
1990-04-30,9.05,,1.1616
1990-05-01,9.09,,1.1601
1990-05-02,9.11,,1.1592
1990-05-03,9.05,,1.1592
1990-05-04,8.77,,1.1663
1990-05-05,,,1.1663
1990-05-06,,,1.1663
1990-05-07,8.82,,1.178
1990-05-08,8.73,,1.1759
1990-05-09,8.79,,1.191
1990-05-10,8.73,,1.1916
1990-05-11,8.58,,1.196
1990-05-12,,,1.196
1990-05-13,,,1.196
1990-05-14,8.54,,1.186
1990-05-15,8.58,,1.184
1990-05-16,8.59,,1.1869
1990-05-17,8.6,,1.1837
1990-05-18,8.69,,1.1834
1990-05-19,,,1.1834
1990-05-20,,,1.1834
1990-05-21,8.66,,1.1722
1990-05-22,8.58,,1.1681
1990-05-23,8.55,,1.166
1990-05-24,8.54,,1.1623
1990-05-25,8.59,,1.1592
1990-05-26,,,1.1592
1990-05-27,,,1.1592
1990-05-28,,,1.1592
1990-05-29,8.57,,1.1663
1990-05-30,8.54,,1.1596
1990-05-31,8.53,,1.1478
1990-06-01,8.36,,1.1515
1990-06-02,,,1.1515
1990-06-03,,,1.1515
1990-06-04,8.36,,1.1517
1990-06-05,8.38,,1.153
1990-06-06,8.4,,1.1557
1990-06-07,8.38,,1.1529
1990-06-08,8.38,,1.1494
1990-06-09,,,1.1494
1990-06-10,,,1.1494
1990-06-11,8.41,,1.1529
1990-06-12,8.42,,1.1522
1990-06-13,8.32,,1.1522
1990-06-14,8.29,,1.1505
1990-06-15,8.37,,1.1511
1990-06-16,,,1.1511
1990-06-17,,,1.1511
1990-06-18,8.42,,1.1627
1990-06-19,8.45,,1.1685
1990-06-20,8.46,,1.162
1990-06-21,8.44,,1.1605
1990-06-22,8.43,,1.1647
1990-06-23,,,1.1647
1990-06-24,,,1.1647
1990-06-25,8.48,,1.1623
1990-06-26,8.49,,1.1667
1990-06-27,8.43,,1.1722
1990-06-28,8.37,,1.1686
1990-06-29,8.32,,1.1708
1990-06-30,,,1.1708
1990-07-01,,,1.1708
1990-07-02,8.32,,1.1766
1990-07-03,8.28,,1.1806
1990-07-04,,,1.1806
1990-07-05,8.31,,1.1825
1990-07-06,8.41,,1.1791
1990-07-07,,,1.1791
1990-07-08,,,1.1791
1990-07-09,8.46,,1.1827
1990-07-10,8.48,,1.1847
1990-07-11,8.46,,1.1813
1990-07-12,8.31,,1.1766
1990-07-13,8.25,,1.1869
1990-07-14,,,1.1869
1990-07-15,,,1.1869
1990-07-16,8.26,,1.1795
1990-07-17,8.23,,1.1848
1990-07-18,8.24,,1.1864
1990-07-19,8.23,,1.1862
1990-07-20,8.18,,1.1881
1990-07-21,,,1.1881
1990-07-22,,,1.1881
1990-07-23,8.17,,1.1979
1990-07-24,8.25,,1.205
1990-07-25,8.24,,1.2047
1990-07-26,8.24,,1.2018
1990-07-27,8.15,,1.2073
1990-07-28,,,1.2073
1990-07-29,,,1.2073
1990-07-30,8.05,,1.212
1990-07-31,8.04,,1.2285
1990-08-01,7.96,,1.2246
1990-08-02,8.03,,1.2226
1990-08-03,7.98,,1.2246
1990-08-04,,,1.2246
1990-08-05,,,1.2246
1990-08-06,8.11,,1.2369
1990-08-07,8.19,,1.2337
1990-08-08,8.19,,1.2231
1990-08-09,8.13,,1.2249
1990-08-10,8.12,,1.2267
1990-08-11,,,1.2267
1990-08-12,,,1.2267
1990-08-13,8.08,,1.2366
1990-08-14,8.08,,1.2425
1990-08-15,8.08,,1.2477
1990-08-16,8.23,,1.2466
1990-08-17,8.27,,1.2574
1990-08-18,,,1.2574
1990-08-19,,,1.2574
1990-08-20,8.28,,1.2519
1990-08-21,8.32,,1.2539
1990-08-22,8.38,,1.2553
1990-08-23,8.44,,1.2596
1990-08-24,8.5,,1.2522
1990-08-25,,,1.2522
1990-08-26,,,1.2522
1990-08-27,8.34,,1.2571
1990-08-28,8.42,,1.2561
1990-08-29,8.33,,1.2522
1990-08-30,8.31,,1.2453
1990-08-31,8.26,,1.2375
1990-09-01,,,1.2375
1990-09-02,,,1.2375
1990-09-03,,,1.2375
1990-09-04,8.28,,1.2314
1990-09-05,8.23,,1.2473
1990-09-06,8.24,,1.2517
1990-09-07,8.22,,1.2455
1990-09-08,,,1.2455
1990-09-09,,,1.2455
1990-09-10,8.26,,1.2327
1990-09-11,8.27,,1.225
1990-09-12,8.26,,1.2285
1990-09-13,8.19,,1.2382
1990-09-14,8.23,,1.2488
1990-09-15,,,1.2488
1990-09-16,,,1.2488
1990-09-17,8.23,,1.2517
1990-09-18,8.22,,1.2596
1990-09-19,8.24,,1.243
1990-09-20,8.27,,1.2343
1990-09-21,8.31,,1.2361
1990-09-22,,,1.2361
1990-09-23,,,1.2361
1990-09-24,8.38,,1.2527
1990-09-25,8.4,,1.2469
1990-09-26,8.38,,1.2405
1990-09-27,8.28,,1.2418
1990-09-28,8.19,,1.245
1990-09-29,,,1.245
1990-09-30,,,1.245
1990-10-01,8.12,,1.2569
1990-10-02,8.1,,1.2541
1990-10-03,8.09,,1.2626
1990-10-04,8.04,,1.2713
1990-10-05,8.0,,1.2606
1990-10-06,,,1.2606
1990-10-07,,,1.2606
1990-10-08,,,1.2606
1990-10-09,8.14,,1.278
1990-10-10,8.19,,1.276
1990-10-11,8.22,,1.2729
1990-10-12,8.16,,1.285
1990-10-13,,,1.285
1990-10-14,,,1.285
1990-10-15,8.13,,1.2806
1990-10-16,8.13,,1.2863
1990-10-17,8.12,,1.2912
1990-10-18,8.08,,1.2908
1990-10-19,8.02,,1.2972
1990-10-20,,,1.2972
1990-10-21,,,1.2972
1990-10-22,8.03,,1.2855
1990-10-23,8.0,,1.2852
1990-10-24,8.0,,1.2933
1990-10-25,7.97,,1.2888
1990-10-26,7.97,,1.2858
1990-10-27,,,1.2858
1990-10-28,,,1.2858
1990-10-29,8.01,,1.2857
1990-10-30,8.02,,1.284
1990-10-31,7.97,,1.2867
1990-11-01,7.88,,1.2932
1990-11-02,7.88,,1.2982
1990-11-03,,,1.2982
1990-11-04,,,1.2982
1990-11-05,7.84,,1.3115
1990-11-06,7.8,,1.3116
1990-11-07,7.82,,1.3163
1990-11-08,7.82,,1.3103
1990-11-09,7.75,,1.3106
1990-11-10,,,1.3106
1990-11-11,,,1.3106
1990-11-12,,,1.3106
1990-11-13,7.7,,1.3179
1990-11-14,7.7,,1.3254
1990-11-15,7.71,,1.32
1990-11-16,7.69,,1.3259
1990-11-17,,,1.3259
1990-11-18,,,1.3259
1990-11-19,7.73,,1.3222
1990-11-20,7.72,,1.3203
1990-11-21,7.66,,1.3163
1990-11-22,,,1.3163
1990-11-23,7.63,,1.3122
1990-11-24,,,1.3122
1990-11-25,,,1.3122
1990-11-26,7.65,,1.3072
1990-11-27,7.66,,1.3179
1990-11-28,7.71,,1.3137
1990-11-29,7.72,,1.3029
1990-11-30,7.67,,1.3001
1990-12-01,,,1.3001
1990-12-02,,,1.3001
1990-12-03,7.65,,1.2885
1990-12-04,7.58,,1.2975
1990-12-05,7.58,,1.2979
1990-12-06,7.6,,1.3091
1990-12-07,7.45,,1.3189
1990-12-08,,,1.3189
1990-12-09,,,1.3189
1990-12-10,7.4,,1.324
1990-12-11,7.38,,1.3172
1990-12-12,7.33,,1.3193
1990-12-13,7.42,,1.317
1990-12-14,7.47,,1.3132
1990-12-15,,,1.3132
1990-12-16,,,1.3132
1990-12-17,7.45,,1.3116
1990-12-18,7.4,,1.3142
1990-12-19,7.37,,1.3191
1990-12-20,7.41,,1.298
1990-12-21,7.46,,1.2776
1990-12-22,,,1.2776
1990-12-23,,,1.2776
1990-12-24,7.53,,1.2618
1990-12-25,,,1.2618
1990-12-26,7.5,,1.2729
1990-12-27,7.46,,1.2747
1990-12-28,7.48,,1.3028
1990-12-29,,,1.3028
1990-12-30,,,1.3028
1990-12-31,7.4,,1.3028
1991-01-01,,,1.3028
1991-01-02,7.3,,1.3089
1991-01-03,7.27,,1.3067
1991-01-04,7.37,,1.2948
1991-01-05,,,1.2948
1991-01-06,,,1.2948
1991-01-07,7.43,,1.2718
1991-01-08,7.39,,1.2734
1991-01-09,7.46,,1.2885
1991-01-10,7.39,,1.2726
1991-01-11,7.4,,1.2723
1991-01-12,,,1.2723
1991-01-13,,,1.2723
1991-01-14,7.44,,1.2631
1991-01-15,7.43,,1.2634
1991-01-16,7.47,,1.2634
1991-01-17,7.42,,1.288
1991-01-18,7.38,,1.2979
1991-01-19,,,1.2979
1991-01-20,,,1.2979
1991-01-21,,,1.3057
1991-01-22,7.37,,1.3048
1991-01-23,7.36,,1.3106
1991-01-24,7.32,,1.3129
1991-01-25,7.36,,1.3092
1991-01-26,,,1.3092
1991-01-27,,,1.3092
1991-01-28,7.38,,1.3101
1991-01-29,7.35,,1.311
1991-01-30,7.34,,1.3067
1991-01-31,7.3,,1.3196
1991-02-01,7.1,,1.3289
1991-02-02,,,1.3289
1991-02-03,,,1.3289
1991-02-04,7.07,,1.3317
1991-02-05,6.98,,1.3333
1991-02-06,6.99,,1.3444
1991-02-07,7.0,,1.3437
1991-02-08,6.99,,1.339
1991-02-09,,,1.339
1991-02-10,,,1.339
1991-02-11,6.95,,1.3495
1991-02-12,6.97,,1.3423
1991-02-13,6.98,,1.339
1991-02-14,6.98,,1.3303
1991-02-15,7.02,,1.3207
1991-02-16,,,1.3207
1991-02-17,,,1.3207
1991-02-18,,,1.3137
1991-02-19,7.07,,1.3055
1991-02-20,7.08,,1.3026
1991-02-21,7.13,,1.3084
1991-02-22,7.21,,1.2955
1991-02-23,,,1.2955
1991-02-24,,,1.2955
1991-02-25,7.2,,1.2809
1991-02-26,7.24,,1.2839
1991-02-27,7.25,,1.2817
1991-02-28,7.26,,1.2788
1991-03-01,7.41,,1.2689
1991-03-02,,,1.2689
1991-03-03,,,1.2689
1991-03-04,7.4,,1.2692
1991-03-05,7.35,,1.2713
1991-03-06,7.38,,1.2644
1991-03-07,7.34,,1.2602
1991-03-08,7.35,,1.2478
1991-03-09,,,1.2478
1991-03-10,,,1.2478
1991-03-11,7.3,,1.2347
1991-03-12,7.33,,1.2405
1991-03-13,7.23,,1.2367
1991-03-14,7.19,,1.2355
1991-03-15,7.26,,1.2197
1991-03-16,,,1.2197
1991-03-17,,,1.2197
1991-03-18,7.35,,1.1946
1991-03-19,7.48,,1.1798
1991-03-20,7.46,,1.1819
1991-03-21,7.4,,1.1918
1991-03-22,7.39,,1.186
1991-03-23,,,1.186
1991-03-24,,,1.186
1991-03-25,7.39,,1.1669
1991-03-26,7.4,,1.1546
1991-03-27,7.36,,1.1432
1991-03-28,7.3,,1.1435
1991-03-29,,,1.1488
1991-03-30,,,1.1488
1991-03-31,,,1.1488
1991-04-01,7.3,,1.1579
1991-04-02,7.24,,1.1629
1991-04-03,7.27,,1.1688
1991-04-04,7.22,,1.1707
1991-04-05,7.2,,1.1594
1991-04-06,,,1.1594
1991-04-07,,,1.1594
1991-04-08,7.21,,1.155
1991-04-09,7.23,,1.1682
1991-04-10,7.31,,1.1618
1991-04-11,7.25,,1.1675
1991-04-12,7.18,,1.1582
1991-04-13,,,1.1582
1991-04-14,,,1.1582
1991-04-15,7.17,,1.1643
1991-04-16,7.2,,1.1721
1991-04-17,7.17,,1.1665
1991-04-18,7.24,,1.1553
1991-04-19,7.27,,1.1233
1991-04-20,,,1.1233
1991-04-21,,,1.1233
1991-04-22,7.29,,1.1044
1991-04-23,7.28,,1.1196
1991-04-24,7.25,,1.1122
1991-04-25,7.22,,1.1171
1991-04-26,7.23,,1.1122
1991-04-27,,,1.1122
1991-04-28,,,1.1122
1991-04-29,7.22,,1.1028
1991-04-30,7.15,,1.1358
1991-05-01,7.14,,1.1434
1991-05-02,7.11,,1.1315
1991-05-03,7.16,,1.1167
1991-05-04,,,1.1167
1991-05-05,,,1.1167
1991-05-06,7.16,,1.1225
1991-05-07,7.1,,1.1335
1991-05-08,7.12,,1.1254
1991-05-09,7.12,,1.1192
1991-05-10,7.17,,1.1302
1991-05-11,,,1.1302
1991-05-12,,,1.1302
1991-05-13,7.13,,1.1386
1991-05-14,7.13,,1.1457
1991-05-15,7.12,,1.1541
1991-05-16,7.12,,1.1496
1991-05-17,7.14,,1.1236
1991-05-18,,,1.1236
1991-05-19,,,1.1236
1991-05-20,7.16,,1.1289
1991-05-21,7.13,,1.1384
1991-05-22,7.1,,1.1328
1991-05-23,7.1,,1.1383
1991-05-24,7.1,,1.1414
1991-05-25,,,1.1414
1991-05-26,,,1.1414
1991-05-27,,,1.145
1991-05-28,7.07,,1.1482
1991-05-29,7.06,,1.1412
1991-05-30,7.03,,1.1351
1991-05-31,7.1,,1.1213
1991-06-01,,,1.1213
1991-06-02,,,1.1213
1991-06-03,7.21,,1.1173
1991-06-04,7.22,,1.1215
1991-06-05,7.26,,1.1157
1991-06-06,7.31,,1.1125
1991-06-07,7.43,,1.1018
1991-06-08,,,1.1018
1991-06-09,,,1.1018
1991-06-10,7.42,,1.102
1991-06-11,7.42,,1.1004
1991-06-12,7.48,,1.0885
1991-06-13,7.47,,1.0853
1991-06-14,7.43,,1.0908
1991-06-15,,,1.0908
1991-06-16,,,1.0908
1991-06-17,7.43,,1.0846
1991-06-18,7.45,,1.0753
1991-06-19,7.41,,1.0894
1991-06-20,7.36,,1.0848
1991-06-21,7.41,,1.0838
1991-06-22,,,1.0838
1991-06-23,,,1.0838
1991-06-24,7.45,,1.0928
1991-06-25,7.45,,1.0842
1991-06-26,7.46,,1.0929
1991-06-27,7.43,,1.087
1991-06-28,7.33,,1.0749
1991-06-29,,,1.0749
1991-06-30,,,1.0749
1991-07-01,7.39,,1.0707
1991-07-02,7.41,,1.0625
1991-07-03,7.4,,1.0653
1991-07-04,,,1.0628
1991-07-05,7.48,,1.0675
1991-07-06,,,1.0675
1991-07-07,,,1.0675
1991-07-08,7.48,,1.0769
1991-07-09,7.46,,1.0733
1991-07-10,7.47,,1.0752
1991-07-11,7.42,,1.0636
1991-07-12,7.36,,1.0899
1991-07-13,,,1.0899
1991-07-14,,,1.0899
1991-07-15,7.37,,1.0902
1991-07-16,7.35,,1.0837
1991-07-17,7.39,,1.0902
1991-07-18,7.42,,1.1012
1991-07-19,7.37,,1.1159
1991-07-20,,,1.1159
1991-07-21,,,1.1159
1991-07-22,7.39,,1.109
1991-07-23,7.41,,1.1106
1991-07-24,7.33,,1.1235
1991-07-25,7.31,,1.111
1991-07-26,7.3,,1.1217
1991-07-27,,,1.1217
1991-07-28,,,1.1217
1991-07-29,7.28,,1.1125
1991-07-30,7.27,,1.1137
1991-07-31,7.21,,1.1173
1991-08-01,7.22,,1.1094
1991-08-02,7.06,,1.1247
1991-08-03,,,1.1247
1991-08-04,,,1.1247
1991-08-05,7.05,,1.1339
1991-08-06,6.91,,1.1395
1991-08-07,6.9,,1.1416
1991-08-08,6.9,,1.1315
1991-08-09,6.86,,1.1288
1991-08-10,,,1.1288
1991-08-11,,,1.1288
1991-08-12,6.85,,1.1303
1991-08-13,6.84,,1.1264
1991-08-14,6.75,,1.124
1991-08-15,6.73,,1.1252
1991-08-16,6.69,,1.1064
1991-08-17,,,1.1064
1991-08-18,,,1.1064
1991-08-19,6.63,,1.0742
1991-08-20,6.58,,1.0815
1991-08-21,6.65,,1.1122
1991-08-22,6.65,,1.1292
1991-08-23,6.78,,1.1125
1991-08-24,,,1.1125
1991-08-25,,,1.1125
1991-08-26,6.81,,1.1161
1991-08-27,6.76,,1.1154
1991-08-28,6.65,,1.1207
1991-08-29,6.59,,1.1171
1991-08-30,6.68,,1.1153
1991-08-31,,,1.1153
1991-09-01,,,1.1153
1991-09-02,,,1.1153
1991-09-03,6.67,,1.1211
1991-09-04,6.67,,1.1231
1991-09-05,6.67,,1.1212
1991-09-06,6.62,,1.1259
1991-09-07,,,1.1259
1991-09-08,,,1.1259
1991-09-09,6.58,,1.1504
1991-09-10,6.58,,1.1517
1991-09-11,6.58,,1.1492
1991-09-12,6.53,,1.1574
1991-09-13,6.51,,1.1579
1991-09-14,,,1.1579
1991-09-15,,,1.1579
1991-09-16,6.5,,1.1652
1991-09-17,6.5,,1.1674
1991-09-18,6.48,,1.1598
1991-09-19,6.47,,1.1546
1991-09-20,6.44,,1.1574
1991-09-21,,,1.1574
1991-09-22,,,1.1574
1991-09-23,6.42,,1.166
1991-09-24,6.42,,1.1667
1991-09-25,6.42,,1.1596
1991-09-26,6.35,,1.1593
1991-09-27,6.31,,1.1636
1991-09-28,,,1.1636
1991-09-29,,,1.1636
1991-09-30,6.28,,1.1738
1991-10-01,6.26,,1.171
1991-10-02,6.29,,1.1729
1991-10-03,6.25,,1.171
1991-10-04,6.2,,1.1625
1991-10-05,,,1.1625
1991-10-06,,,1.1625
1991-10-07,6.2,,1.1616
1991-10-08,6.19,,1.1502
1991-10-09,6.23,,1.1526
1991-10-10,6.3,,1.1509
1991-10-11,6.22,,1.1519
1991-10-12,,,1.1519
1991-10-13,,,1.1519
1991-10-14,,,1.1519
1991-10-15,6.17,,1.1395
1991-10-16,6.17,,1.1461
1991-10-17,6.25,,1.1452
1991-10-18,6.24,,1.1546
1991-10-19,,,1.1546
1991-10-20,,,1.1546
1991-10-21,6.3,,1.1535
1991-10-22,6.33,,1.1502
1991-10-23,6.35,,1.1439
1991-10-24,6.25,,1.1485
1991-10-25,6.28,,1.1468
1991-10-26,,,1.1468
1991-10-27,,,1.1468
1991-10-28,6.24,,1.1416
1991-10-29,6.14,,1.1537
1991-10-30,6.12,,1.1685
1991-10-31,6.06,,1.1696
1991-11-01,6.02,,1.1737
1991-11-02,,,1.1737
1991-11-03,,,1.1737
1991-11-04,6.03,,1.1955
1991-11-05,6.04,,1.1881
1991-11-06,5.97,,1.1891
1991-11-07,5.95,,1.1967
1991-11-08,5.96,,1.1878
1991-11-09,,,1.1878
1991-11-10,,,1.1878
1991-11-11,,,1.1878
1991-11-12,5.97,,1.1923
1991-11-13,6.0,,1.1902
1991-11-14,5.93,,1.196
1991-11-15,5.88,,1.191
1991-11-16,,,1.191
1991-11-17,,,1.191
1991-11-18,5.88,,1.2136
1991-11-19,5.83,,1.2177
1991-11-20,5.84,,1.217
1991-11-21,5.82,,1.2216
1991-11-22,5.82,,1.2297
1991-11-23,,,1.2297
1991-11-24,,,1.2297
1991-11-25,5.86,,1.2324
1991-11-26,5.81,,1.2338
1991-11-27,5.8,,1.2064
1991-11-28,,,1.2061
1991-11-29,5.76,,1.1988
1991-11-30,,,1.1988
1991-12-01,,,1.1988
1991-12-02,5.71,,1.2124
1991-12-03,5.67,,1.209
1991-12-04,5.59,,1.2083
1991-12-05,5.6,,1.2285
1991-12-06,5.58,,1.241
1991-12-07,,,1.241
1991-12-08,,,1.241
1991-12-09,5.48,,1.2395
1991-12-10,5.48,,1.2364
1991-12-11,5.44,,1.2367
1991-12-12,5.43,,1.234
1991-12-13,5.46,,1.2323
1991-12-14,,,1.2323
1991-12-15,,,1.2323
1991-12-16,5.44,,1.2359
1991-12-17,5.39,,1.2362
1991-12-18,5.46,,1.2399
1991-12-19,5.4,,1.2508
1991-12-20,5.2,,1.271
1991-12-21,,,1.271
1991-12-22,,,1.271
1991-12-23,5.17,,1.2887
1991-12-24,5.18,,1.2799
1991-12-25,,,1.2799
1991-12-26,5.17,,1.291
1991-12-27,5.15,,1.286
1991-12-28,,,1.286
1991-12-29,,,1.286
1991-12-30,5.14,,1.2839
1991-12-31,5.11,,1.2835
1992-01-01,,,1.2835
1992-01-02,5.13,,1.2767
1992-01-03,5.19,,1.2615
1992-01-04,,,1.2615
1992-01-05,,,1.2615
1992-01-06,5.14,,1.2839
1992-01-07,5.06,,1.283
1992-01-08,5.05,,1.2867
1992-01-09,5.13,,1.261
1992-01-10,5.22,,1.2327
1992-01-11,,,1.2327
1992-01-12,,,1.2327
1992-01-13,5.34,,1.2402
1992-01-14,5.44,,1.2261
1992-01-15,5.48,,1.2026
1992-01-16,5.51,,1.2055
1992-01-17,5.46,,1.2139
1992-01-18,,,1.2139
1992-01-19,,,1.2139
1992-01-20,,,1.2216
1992-01-21,5.36,,1.2311
1992-01-22,5.4,,1.2288
1992-01-23,5.51,,1.2226
1992-01-24,5.62,,1.2288
1992-01-25,,,1.2288
1992-01-26,,,1.2288
1992-01-27,5.66,,1.2061
1992-01-28,5.58,,1.2216
1992-01-29,5.67,,1.2261
1992-01-30,5.71,,1.2016
1992-01-31,5.65,,1.2136
1992-02-01,,,1.2136
1992-02-02,,,1.2136
1992-02-03,5.72,,1.2213
1992-02-04,5.67,,1.2247
1992-02-05,5.59,,1.2274
1992-02-06,5.56,,1.2347
1992-02-07,5.51,,1.2505
1992-02-08,,,1.2505
1992-02-09,,,1.2505
1992-02-10,5.52,,1.2413
1992-02-11,5.51,,1.2256
1992-02-12,5.55,,1.2148
1992-02-13,5.72,,1.2016
1992-02-14,5.76,,1.1976
1992-02-15,,,1.1976
1992-02-16,,,1.1976
1992-02-17,,,1.2016
1992-02-18,5.77,,1.183
1992-02-19,5.78,,1.1846
1992-02-20,5.78,,1.1841
1992-02-21,5.93,,1.1826
1992-02-22,,,1.1826
1992-02-23,,,1.1826
1992-02-24,5.96,,1.1834
1992-02-25,5.92,,1.1902
1992-02-26,5.84,,1.1794
1992-02-27,5.84,,1.1867
1992-02-28,5.75,,1.1915
1992-02-29,,,1.1915
1992-03-01,,,1.1915
1992-03-02,5.94,,1.1876
1992-03-03,5.94,,1.178
1992-03-04,5.98,,1.1669
1992-03-05,6.1,,1.1671
1992-03-06,6.05,,1.1682
1992-03-07,,,1.1682
1992-03-08,,,1.1682
1992-03-09,6.01,,1.1725
1992-03-10,6.02,,1.1667
1992-03-11,6.07,,1.1721
1992-03-12,6.22,,1.1656
1992-03-13,6.37,,1.171
1992-03-14,,,1.171
1992-03-15,,,1.171
1992-03-16,6.37,,1.171
1992-03-17,6.32,,1.1805
1992-03-18,6.33,,1.1826
1992-03-19,6.29,,1.1681
1992-03-20,6.36,,1.164
1992-03-21,,,1.164
1992-03-22,,,1.164
1992-03-23,6.37,,1.1678
1992-03-24,6.26,,1.1719
1992-03-25,6.22,,1.1809
1992-03-26,6.23,,1.1734
1992-03-27,6.22,,1.1855
1992-03-28,,,1.1855
1992-03-29,,,1.1855
1992-03-30,6.19,,1.1826
1992-03-31,6.17,,1.1848
1992-04-01,6.07,,1.182
1992-04-02,6.1,,1.1855
1992-04-03,5.93,,1.1996
1992-04-04,,,1.1996
1992-04-05,,,1.1996
1992-04-06,5.91,,1.2026
1992-04-07,5.89,,1.2
1992-04-08,5.87,,1.1998
1992-04-09,5.65,,1.2031
1992-04-10,5.72,,1.1918
1992-04-11,,,1.1918
1992-04-12,,,1.1918
1992-04-13,5.69,,1.1787
1992-04-14,5.71,,1.186
1992-04-15,5.77,,1.1734
1992-04-16,5.9,,1.171
1992-04-17,,,1.1685
1992-04-18,,,1.1685
1992-04-19,,,1.1685
1992-04-20,6.03,,1.1652
1992-04-21,6.01,,1.1681
1992-04-22,6.01,,1.1727
1992-04-23,6.05,,1.1744
1992-04-24,5.99,,1.1812
1992-04-25,,,1.1812
1992-04-26,,,1.1812
1992-04-27,6.04,,1.1809
1992-04-28,6.03,,1.1781
1992-04-29,6.01,,1.1777
1992-04-30,6.05,,1.1798
1992-05-01,5.97,,1.1881
1992-05-02,,,1.1881
1992-05-03,,,1.1881
1992-05-04,5.95,,1.1869
1992-05-05,5.92,,1.1892
1992-05-06,5.9,,1.1956
1992-05-07,5.96,,1.1923
1992-05-08,5.88,,1.1841
1992-05-09,,,1.1841
1992-05-10,,,1.1841
1992-05-11,5.82,,1.1888
1992-05-12,5.78,,1.2019
1992-05-13,5.72,,1.2024
1992-05-14,5.72,,1.2099
1992-05-15,5.7,,1.208
1992-05-16,,,1.208
1992-05-17,,,1.208
1992-05-18,5.69,,1.2228
1992-05-19,5.59,,1.2262
1992-05-20,5.66,,1.2174
1992-05-21,5.89,,1.2088
1992-05-22,5.81,,1.2048
1992-05-23,,,1.2048
1992-05-24,,,1.2048
1992-05-25,,,1.2079
1992-05-26,5.91,,1.2126
1992-05-27,5.86,,1.1935
1992-05-28,5.79,,1.199
1992-05-29,5.75,,1.2136
1992-05-30,,,1.2136
1992-05-31,,,1.2136
1992-06-01,5.84,,1.2112
1992-06-02,5.78,,1.214
1992-06-03,5.76,,1.2162
1992-06-04,5.76,,1.2192
1992-06-05,5.7,,1.2288
1992-06-06,,,1.2288
1992-06-07,,,1.2288
1992-06-08,5.69,,1.227
1992-06-09,5.69,,1.2261
1992-06-10,5.69,,1.2243
1992-06-11,5.67,,1.2355
1992-06-12,5.61,,1.2366
1992-06-13,,,1.2366
1992-06-14,,,1.2366
1992-06-15,5.6,,1.2408
1992-06-16,5.56,,1.2446
1992-06-17,5.55,,1.2364
1992-06-18,5.5,,1.2466
1992-06-19,5.54,,1.2418
1992-06-20,,,1.2418
1992-06-21,,,1.2418
1992-06-22,5.55,,1.2453
1992-06-23,5.58,,1.2464
1992-06-24,5.47,,1.2564
1992-06-25,5.41,,1.2647
1992-06-26,5.42,,1.2676
1992-06-27,,,1.2676
1992-06-28,,,1.2676
1992-06-29,5.38,,1.2855
1992-06-30,5.39,,1.2801
1992-07-01,5.38,,1.2852
1992-07-02,5.15,,1.2885
1992-07-03,,,1.286
1992-07-04,,,1.286
1992-07-05,,,1.286
1992-07-06,5.06,,1.2893
1992-07-07,4.98,,1.3011
1992-07-08,4.98,,1.3041
1992-07-09,4.97,,1.2849
1992-07-10,4.95,,1.3038
1992-07-11,,,1.3038
1992-07-12,,,1.3038
1992-07-13,4.97,,1.3203
1992-07-14,4.91,,1.3087
1992-07-15,4.82,,1.3198
1992-07-16,4.8,,1.3231
1992-07-17,4.83,,1.3349
1992-07-18,,,1.3349
1992-07-19,,,1.3349
1992-07-20,4.84,,1.3163
1992-07-21,4.87,,1.3096
1992-07-22,4.81,,1.3101
1992-07-23,4.71,,1.3146
1992-07-24,4.77,,1.3006
1992-07-25,,,1.3006
1992-07-26,,,1.3006
1992-07-27,4.78,,1.3156
1992-07-28,4.75,,1.3235
1992-07-29,4.76,,1.3146
1992-07-30,4.88,,1.3172
1992-07-31,4.97,,1.3177
1992-08-01,,,1.3177
1992-08-02,,,1.3177
1992-08-03,4.97,,1.3198
1992-08-04,4.88,,1.3222
1992-08-05,4.83,,1.3203
1992-08-06,4.82,,1.3165
1992-08-07,4.71,,1.3312
1992-08-08,,,1.3312
1992-08-09,,,1.3312
1992-08-10,4.67,,1.3293
1992-08-11,4.66,,1.3257
1992-08-12,4.71,,1.3321
1992-08-13,4.72,,1.3371
1992-08-14,4.67,,1.328
1992-08-15,,,1.328
1992-08-16,,,1.328
1992-08-17,4.66,,1.333
1992-08-18,4.56,,1.3374
1992-08-19,4.55,,1.3426
1992-08-20,4.54,,1.3464
1992-08-21,4.63,,1.3556
1992-08-22,,,1.3556
1992-08-23,,,1.3556
1992-08-24,4.8,,1.39
1992-08-25,4.86,,1.392
1992-08-26,4.81,,1.3866
1992-08-27,4.76,,1.3845
1992-08-28,4.72,,1.386
1992-08-29,,,1.386
1992-08-30,,,1.386
1992-08-31,4.69,,1.3916
1992-09-01,4.64,,1.4
1992-09-02,4.59,,1.4025
1992-09-03,4.59,,1.3822
1992-09-04,4.38,,1.3904
1992-09-05,,,1.3904
1992-09-06,,,1.3904
1992-09-07,,,1.3904
1992-09-08,4.31,,1.4019
1992-09-09,4.34,,1.3822
1992-09-10,4.34,,1.3822
1992-09-11,4.39,,1.3455
1992-09-12,,,1.3455
1992-09-13,,,1.3455
1992-09-14,4.33,,1.3123
1992-09-15,4.43,,1.3115
1992-09-16,4.42,,1.2858
1992-09-17,4.4,,1.3151
1992-09-18,4.4,,1.3002
1992-09-19,,,1.3002
1992-09-20,,,1.3002
1992-09-21,4.45,,1.3163
1992-09-22,4.49,,1.3092
1992-09-23,4.52,,1.2984
1992-09-24,4.45,,1.3118
1992-09-25,4.31,,1.3129
1992-09-26,,,1.3129
1992-09-27,,,1.3129
1992-09-28,4.29,,1.3441
1992-09-29,4.31,,1.3691
1992-09-30,4.34,,1.3791
1992-10-01,4.18,,1.3689
1992-10-02,4.2,,1.3852
1992-10-03,,,1.3852
1992-10-04,,,1.3852
1992-10-05,4.18,,1.3866
1992-10-06,4.24,,1.3641
1992-10-07,4.42,,1.3524
1992-10-08,4.36,,1.324
1992-10-09,4.5,,1.3135
1992-10-10,,,1.3135
1992-10-11,,,1.3135
1992-10-12,,,1.3135
1992-10-13,4.52,,1.3294
1992-10-14,4.54,,1.3335
1992-10-15,4.56,,1.3468
1992-10-16,4.6,,1.3194
1992-10-17,,,1.3194
1992-10-18,,,1.3194
1992-10-19,4.74,,1.3154
1992-10-20,4.97,,1.2835
1992-10-21,4.91,,1.2937
1992-10-22,4.86,,1.2903
1992-10-23,4.98,,1.2732
1992-10-24,,,1.2732
1992-10-25,,,1.2732
1992-10-26,5.0,,1.2681
1992-10-27,4.9,,1.271
1992-10-28,4.89,,1.2676
1992-10-29,4.87,,1.266
1992-10-30,4.98,,1.2649
1992-10-31,,,1.2649
1992-11-01,,,1.2649
1992-11-02,5.07,,1.2422
1992-11-03,5.03,,1.2472
1992-11-04,5.01,,1.2436
1992-11-05,4.96,,1.2355
1992-11-06,5.07,,1.2238
1992-11-07,,,1.2238
1992-11-08,,,1.2238
1992-11-09,5.16,,1.2276
1992-11-10,5.1,,1.2223
1992-11-11,,,1.2223
1992-11-12,5.0,,1.2285
1992-11-13,5.09,,1.2453
1992-11-14,,,1.2453
1992-11-15,,,1.2453
1992-11-16,5.21,,1.2262
1992-11-17,5.21,,1.2192
1992-11-18,5.11,,1.2207
1992-11-19,5.12,,1.2347
1992-11-20,5.2,,1.2238
1992-11-21,,,1.2238
1992-11-22,,,1.2238
1992-11-23,5.22,,1.2173
1992-11-24,5.16,,1.2177
1992-11-25,5.23,,1.2255
1992-11-26,,,1.2219
1992-11-27,5.36,,1.2209
1992-11-28,,,1.2209
1992-11-29,,,1.2209
1992-11-30,5.36,,1.2238
1992-12-01,5.39,,1.2337
1992-12-02,5.39,,1.2418
1992-12-03,5.36,,1.2332
1992-12-04,5.27,,1.2226
1992-12-05,,,1.2226
1992-12-06,,,1.2226
1992-12-07,5.19,,1.2433
1992-12-08,5.13,,1.2527
1992-12-09,5.16,,1.2422
1992-12-10,5.19,,1.2362
1992-12-11,5.29,,1.237
1992-12-12,,,1.237
1992-12-13,,,1.237
1992-12-14,5.34,,1.2433
1992-12-15,5.29,,1.2442
1992-12-16,5.21,,1.2541
1992-12-17,5.21,,1.2483
1992-12-18,5.2,,1.245
1992-12-19,,,1.245
1992-12-20,,,1.245
1992-12-21,5.18,,1.2438
1992-12-22,5.12,,1.2293
1992-12-23,5.14,,1.2231
1992-12-24,5.13,,1.2201
1992-12-25,,,1.2201
1992-12-26,,,1.2201
1992-12-27,,,1.2201
1992-12-28,5.17,,1.2132
1992-12-29,5.15,,1.2083
1992-12-30,5.07,,1.2083
1992-12-31,5.12,,1.2042
1993-01-01,,,1.2042
1993-01-02,,,1.2042
1993-01-03,,,1.2042
1993-01-04,5.03,,1.1913
1993-01-05,5.0,,1.2045
1993-01-06,5.06,,1.1973
1993-01-07,5.17,,1.1988
1993-01-08,5.06,,1.1975
1993-01-09,,,1.1975
1993-01-10,,,1.1975
1993-01-11,5.01,,1.2051
1993-01-12,5.03,,1.2037
1993-01-13,5.02,,1.2016
1993-01-14,4.96,,1.2118
1993-01-15,4.88,,1.2022
1993-01-16,,,1.2022
1993-01-17,,,1.2022
1993-01-18,,,1.2016
1993-01-19,4.91,,1.2188
1993-01-20,4.95,,1.2232
1993-01-21,4.91,,1.2146
1993-01-22,4.85,,1.2267
1993-01-23,,,1.2267
1993-01-24,,,1.2267
1993-01-25,4.8,,1.247
1993-01-26,4.83,,1.2424
1993-01-27,4.8,,1.232
1993-01-28,4.73,,1.2303
1993-01-29,4.72,,1.2124
1993-01-30,,,1.2124
1993-01-31,,,1.2124
1993-02-01,4.69,,1.1935
1993-02-02,4.76,,1.1881
1993-02-03,4.77,,1.1811
1993-02-04,4.68,,1.1786
1993-02-05,4.58,,1.1797
1993-02-06,,,1.1797
1993-02-07,,,1.1797
1993-02-08,4.64,,1.1798
1993-02-09,4.72,,1.1795
1993-02-10,4.79,,1.175
1993-02-11,4.72,,1.1747
1993-02-12,4.7,,1.1711
1993-02-13,,,1.1711
1993-02-14,,,1.1711
1993-02-15,,,1.1705
1993-02-16,4.64,,1.1908
1993-02-17,4.54,,1.1922
1993-02-18,4.43,,1.1898
1993-02-19,4.44,,1.1874
1993-02-20,,,1.1874
1993-02-21,,,1.1874
1993-02-22,4.44,,1.1898
1993-02-23,4.33,,1.1983
1993-02-24,4.4,,1.1909
1993-02-25,4.36,,1.1823
1993-02-26,4.37,,1.1776
1993-02-27,,,1.1776
1993-02-28,,,1.1776
1993-03-01,4.31,,1.1788
1993-03-02,4.31,,1.1816
1993-03-03,4.24,,1.1794
1993-03-04,4.19,,1.185
1993-03-05,4.37,,1.1666
1993-03-06,,,1.1666
1993-03-07,,,1.1666
1993-03-08,4.37,,1.1716
1993-03-09,4.46,,1.1646
1993-03-10,4.49,,1.1659
1993-03-11,4.47,,1.1671
1993-03-12,4.56,,1.1647
1993-03-13,,,1.1647
1993-03-14,,,1.1647
1993-03-15,4.61,,1.1665
1993-03-16,4.5,,1.1667
1993-03-17,4.44,,1.1654
1993-03-18,4.35,,1.171
1993-03-19,4.38,,1.1855
1993-03-20,,,1.1855
1993-03-21,,,1.1855
1993-03-22,4.37,,1.1843
1993-03-23,4.31,,1.1879
1993-03-24,4.38,,1.1898
1993-03-25,4.38,,1.1806
1993-03-26,4.5,,1.1881
1993-03-27,,,1.1881
1993-03-28,,,1.1881
1993-03-29,4.44,,1.1896
1993-03-30,4.38,,1.1983
1993-03-31,4.42,,1.2048
1993-04-01,4.41,,1.2146
1993-04-02,4.48,,1.2042
1993-04-03,,,1.2042
1993-04-04,,,1.2042
1993-04-05,4.45,,1.2148
1993-04-06,4.39,,1.2039
1993-04-07,4.39,,1.2028
1993-04-08,4.3,,1.2002
1993-04-09,,,1.2127
1993-04-10,,,1.2127
1993-04-11,,,1.2127
1993-04-12,4.27,,1.2204
1993-04-13,4.27,,1.2321
1993-04-14,4.24,,1.224
1993-04-15,4.24,,1.2158
1993-04-16,4.26,,1.2067
1993-04-17,,,1.2067
1993-04-18,,,1.2067
1993-04-19,4.25,,1.2182
1993-04-20,4.24,,1.2183
1993-04-21,4.23,,1.2152
1993-04-22,4.21,,1.2149
1993-04-23,4.21,,1.2329
1993-04-24,,,1.2329
1993-04-25,,,1.2329
1993-04-26,4.25,,1.2455
1993-04-27,4.33,,1.2379
1993-04-28,4.35,,1.2333
1993-04-29,4.28,,1.2367
1993-04-30,4.3,,1.2312
1993-05-01,,,1.2312
1993-05-02,,,1.2312
1993-05-03,4.23,,1.2335
1993-05-04,4.23,,1.2422
1993-05-05,4.27,,1.2381
1993-05-06,4.24,,1.2381
1993-05-07,4.25,,1.2356
1993-05-08,,,1.2356
1993-05-09,,,1.2356
1993-05-10,4.24,,1.2173
1993-05-11,4.25,,1.2149
1993-05-12,4.28,,1.2121
1993-05-13,4.35,,1.2071
1993-05-14,4.38,,1.2183
1993-05-15,,,1.2183
1993-05-16,,,1.2183
1993-05-17,4.47,,1.2098
1993-05-18,4.49,,1.2026
1993-05-19,4.45,,1.2044
1993-05-20,4.45,,1.2133
1993-05-21,4.53,,1.2042
1993-05-22,,,1.2042
1993-05-23,,,1.2042
1993-05-24,4.59,,1.197
1993-05-25,4.59,,1.2022
1993-05-26,4.57,,1.1998
1993-05-27,4.6,,1.2117
1993-05-28,4.63,,1.235
1993-05-29,,,1.235
1993-05-30,,,1.235
1993-05-31,,,1.2344
1993-06-01,4.54,,1.2241
1993-06-02,4.57,,1.2207
1993-06-03,4.52,,1.2192
1993-06-04,4.67,,1.1999
1993-06-05,,,1.1999
1993-06-06,,,1.1999
1993-06-07,4.66,,1.2048
1993-06-08,4.7,,1.2035
1993-06-09,4.67,,1.1936
1993-06-10,4.67,,1.1969
1993-06-11,4.53,,1.206
1993-06-12,,,1.206
1993-06-13,,,1.206
1993-06-14,4.52,,1.2028
1993-06-15,4.49,,1.1943
1993-06-16,4.47,,1.1797
1993-06-17,4.47,,1.1829
1993-06-18,4.53,,1.1658
1993-06-19,,,1.1658
1993-06-20,,,1.1658
1993-06-21,4.51,,1.1608
1993-06-22,4.51,,1.1543
1993-06-23,4.54,,1.1553
1993-06-24,4.49,,1.1429
1993-06-25,4.45,,1.1481
1993-06-26,,,1.1481
1993-06-27,,,1.1481
1993-06-28,4.41,,1.1522
1993-06-29,4.37,,1.1574
1993-06-30,4.39,,1.1486
1993-07-01,4.37,,1.1509
1993-07-02,4.31,,1.1541
1993-07-03,,,1.1541
1993-07-04,,,1.1541
1993-07-05,,,1.1535
1993-07-06,4.38,,1.1517
1993-07-07,4.38,,1.1469
1993-07-08,4.35,,1.146
1993-07-09,4.34,,1.133
1993-07-10,,,1.133
1993-07-11,,,1.133
1993-07-12,4.33,,1.1284
1993-07-13,4.39,,1.1362
1993-07-14,4.32,,1.137
1993-07-15,4.34,,1.1292
1993-07-16,4.34,,1.1264
1993-07-17,,,1.1264
1993-07-18,,,1.1264
1993-07-19,4.35,,1.1413
1993-07-20,4.42,,1.1387
1993-07-21,4.49,,1.1447
1993-07-22,4.59,,1.1353
1993-07-23,4.62,,1.1298
1993-07-24,,,1.1298
1993-07-25,,,1.1298
1993-07-26,4.58,,1.1271
1993-07-27,4.59,,1.1254
1993-07-28,4.57,,1.1287
1993-07-29,4.46,,1.1166
1993-07-30,4.5,,1.0913
1993-07-31,,,1.0913
1993-08-01,,,1.0913
1993-08-02,4.55,,1.1005
1993-08-03,4.55,,1.1197
1993-08-04,4.55,,1.1201
1993-08-05,4.5,,1.1174
1993-08-06,4.48,,1.1263
1993-08-07,,,1.1263
1993-08-08,,,1.1263
1993-08-09,4.45,,1.121
1993-08-10,4.48,,1.1137
1993-08-11,4.47,,1.1122
1993-08-12,4.43,,1.1101
1993-08-13,4.38,,1.1112
1993-08-14,,,1.1112
1993-08-15,,,1.1112
1993-08-16,4.35,,1.1266
1993-08-17,4.39,,1.1238
1993-08-18,4.36,,1.1338
1993-08-19,4.29,,1.1324
1993-08-20,4.29,,1.1393
1993-08-21,,,1.1393
1993-08-22,,,1.1393
1993-08-23,4.3,,1.1324
1993-08-24,4.24,,1.1373
1993-08-25,4.2,,1.1306
1993-08-26,4.16,,1.1422
1993-08-27,4.2,,1.1393
1993-08-28,,,1.1393
1993-08-29,,,1.1393
1993-08-30,4.18,,1.1375
1993-08-31,4.2,,1.1375
1993-09-01,4.21,,1.1447
1993-09-02,4.16,,1.1489
1993-09-03,4.04,,1.1648
1993-09-04,,,1.1648
1993-09-05,,,1.1648
1993-09-06,,,1.1648
1993-09-07,4.01,,1.1744
1993-09-08,4.07,,1.1678
1993-09-09,4.18,,1.1808
1993-09-10,4.11,,1.1848
1993-09-11,,,1.1848
1993-09-12,,,1.1848
1993-09-13,4.13,,1.1923
1993-09-14,4.23,,1.1861
1993-09-15,4.19,,1.1929
1993-09-16,4.19,,1.1846
1993-09-17,4.19,,1.1808
1993-09-18,,,1.1808
1993-09-19,,,1.1808
1993-09-20,4.23,,1.1797
1993-09-21,4.21,,1.1721
1993-09-22,4.22,,1.169
1993-09-23,4.22,,1.1597
1993-09-24,4.22,,1.1557
1993-09-25,,,1.1557
1993-09-26,,,1.1557
1993-09-27,4.12,,1.1671
1993-09-28,4.11,,1.1751
1993-09-29,4.19,,1.1779
1993-09-30,4.24,,1.1606
1993-10-01,4.18,,1.1631
1993-10-02,,,1.1631
1993-10-03,,,1.1631
1993-10-04,4.16,,1.1686
1993-10-05,4.18,,1.1678
1993-10-06,4.16,,1.1686
1993-10-07,4.15,,1.1651
1993-10-08,4.09,,1.1759
1993-10-09,,,1.1759
1993-10-10,,,1.1759
1993-10-11,,,1.1759
1993-10-12,4.11,,1.1853
1993-10-13,4.11,,1.1784
1993-10-14,4.09,,1.1711
1993-10-15,4.06,,1.1707
1993-10-16,,,1.1707
1993-10-17,,,1.1707
1993-10-18,4.14,,1.1652
1993-10-19,4.14,,1.1586
1993-10-20,4.13,,1.1541
1993-10-21,4.19,,1.1444
1993-10-22,4.23,,1.1417
1993-10-23,,,1.1417
1993-10-24,,,1.1417
1993-10-25,4.26,,1.1442
1993-10-26,4.25,,1.1382
1993-10-27,4.28,,1.1379
1993-10-28,4.29,,1.1334
1993-10-29,4.3,,1.1416
1993-10-30,,,1.1416
1993-10-31,,,1.1416
1993-11-01,4.42,,1.1298
1993-11-02,4.49,,1.132
1993-11-03,4.46,,1.133
1993-11-04,4.47,,1.1306
1993-11-05,4.53,,1.1338
1993-11-06,,,1.1338
1993-11-07,,,1.1338
1993-11-08,4.47,,1.1373
1993-11-09,4.47,,1.1273
1993-11-10,4.51,,1.1299
1993-11-11,,,1.1299
1993-11-12,4.45,,1.1343
1993-11-13,,,1.1343
1993-11-14,,,1.1343
1993-11-15,4.49,,1.1325
1993-11-16,4.45,,1.1291
1993-11-17,4.42,,1.1261
1993-11-18,4.49,,1.1231
1993-11-19,4.58,,1.1201
1993-11-20,,,1.1201
1993-11-21,,,1.1201
1993-11-22,4.61,,1.125
1993-11-23,4.55,,1.1275
1993-11-24,4.54,,1.1282
1993-11-25,,,1.1276
1993-11-26,4.52,,1.1231
1993-11-27,,,1.1231
1993-11-28,,,1.1231
1993-11-29,4.49,,1.1256
1993-11-30,4.55,,1.1194
1993-12-01,4.54,,1.1188
1993-12-02,4.55,,1.1159
1993-12-03,4.59,,1.1194
1993-12-04,,,1.1194
1993-12-05,,,1.1194
1993-12-06,4.5,,1.1321
1993-12-07,4.52,,1.1299
1993-12-08,4.5,,1.1321
1993-12-09,4.49,,1.1315
1993-12-10,4.53,,1.1349
1993-12-11,,,1.1349
1993-12-12,,,1.1349
1993-12-13,4.56,,1.1305
1993-12-14,4.59,,1.1275
1993-12-15,4.58,,1.1252
1993-12-16,4.58,,1.1291
1993-12-17,4.54,,1.1315
1993-12-18,,,1.1315
1993-12-19,,,1.1315
1993-12-20,4.58,,1.1284
1993-12-21,4.58,,1.1329
1993-12-22,4.5,,1.1355
1993-12-23,4.49,,1.1409
1993-12-24,,,1.1406
1993-12-25,,,1.1406
1993-12-26,,,1.1406
1993-12-27,4.5,,1.1358
1993-12-28,4.49,,1.1353
1993-12-29,4.51,,1.1251
1993-12-30,4.58,,1.1167
1993-12-31,4.58,,1.1137
1994-01-01,,,1.1137
1994-01-02,,,1.1137
1994-01-03,4.66,,1.1121
1994-01-04,4.63,,1.1166
1994-01-05,4.66,,1.1159
1994-01-06,4.59,,1.1146
1994-01-07,4.43,,1.1189
1994-01-08,,,1.1189
1994-01-09,,,1.1189
1994-01-10,4.41,,1.1157
1994-01-11,4.41,,1.1146
1994-01-12,4.36,,1.1176
1994-01-13,4.47,,1.1089
1994-01-14,4.51,,1.1079
1994-01-15,,,1.1079
1994-01-16,,,1.1079
1994-01-17,,,1.1073
1994-01-18,4.48,,1.1116
1994-01-19,4.47,,1.1112
1994-01-20,4.41,,1.1156
1994-01-21,4.44,,1.1107
1994-01-22,,,1.1107
1994-01-23,,,1.1107
1994-01-24,4.44,,1.11
1994-01-25,4.46,,1.1096
1994-01-26,4.46,,1.1126
1994-01-27,4.45,,1.1137
1994-01-28,4.4,,1.1197
1994-01-29,,,1.1197
1994-01-30,,,1.1197
1994-01-31,4.44,,1.1162
1994-02-01,4.53,,1.1233
1994-02-02,4.53,,1.1202
1994-02-03,4.6,,1.1187
1994-02-04,4.75,,1.113
1994-02-05,,,1.113
1994-02-06,,,1.113
1994-02-07,4.78,,1.1056
1994-02-08,4.82,,1.1042
1994-02-09,4.8,,1.1055
1994-02-10,4.83,,1.1071
1994-02-11,4.8,,1.1075
1994-02-12,,,1.1075
1994-02-13,,,1.1075
1994-02-14,4.81,,1.1126
1994-02-15,4.8,,1.1206
1994-02-16,4.8,,1.1225
1994-02-17,4.88,,1.1213
1994-02-18,4.94,,1.1263
1994-02-19,,,1.1263
1994-02-20,,,1.1263
1994-02-21,,,1.1257
1994-02-22,4.93,,1.1227
1994-02-23,5.02,,1.1203
1994-02-24,5.07,,1.1257
1994-02-25,5.08,,1.1328
1994-02-26,,,1.1328
1994-02-27,,,1.1328
1994-02-28,5.04,,1.1344
1994-03-01,5.19,,1.1282
1994-03-02,5.2,,1.1344
1994-03-03,5.21,,1.1328
1994-03-04,5.29,,1.1269
1994-03-05,,,1.1269
1994-03-06,,,1.1269
1994-03-07,5.25,,1.1275
1994-03-08,5.31,,1.1269
1994-03-09,5.33,,1.1324
1994-03-10,5.36,,1.1447
1994-03-11,5.34,,1.1519
1994-03-12,,,1.1519
1994-03-13,,,1.1519
1994-03-14,5.39,,1.1427
1994-03-15,5.38,,1.1403
1994-03-16,5.34,,1.143
1994-03-17,5.34,,1.1459
1994-03-18,5.42,,1.1419
1994-03-19,,,1.1419
1994-03-20,,,1.1419
1994-03-21,5.49,,1.1365
1994-03-22,5.38,,1.1408
1994-03-23,5.38,,1.1435
1994-03-24,5.5,,1.1529
1994-03-25,5.52,,1.1543
1994-03-26,,,1.1543
1994-03-27,,,1.1543
1994-03-28,5.55,,1.1526
1994-03-29,5.62,,1.1507
1994-03-30,5.65,,1.1513
1994-03-31,5.66,,1.1555
1994-04-01,,,1.139
1994-04-02,,,1.139
1994-04-03,,,1.139
1994-04-04,6.06,,1.136
1994-04-05,5.93,,1.1296
1994-04-06,5.88,,1.1275
1994-04-07,5.84,,1.1271
1994-04-08,5.91,,1.1312
1994-04-09,,,1.1312
1994-04-10,,,1.1312
1994-04-11,5.9,,1.1315
1994-04-12,5.84,,1.1271
1994-04-13,5.91,,1.1308
1994-04-14,5.94,,1.1302
1994-04-15,5.95,,1.1303
1994-04-16,,,1.1303
1994-04-17,,,1.1303
1994-04-18,6.15,,1.1256
1994-04-19,6.14,,1.1365
1994-04-20,6.1,,1.1388
1994-04-21,6.0,,1.1448
1994-04-22,6.04,,1.1413
1994-04-23,,,1.1413
1994-04-24,,,1.1413
1994-04-25,6.01,,1.1497
1994-04-26,5.99,,1.1515
1994-04-27,,,1.1553
1994-04-28,6.14,,1.1586
1994-04-29,6.16,,1.1637
1994-04-30,,,1.1637
1994-05-01,,,1.1637
1994-05-02,6.2,,1.1727
1994-05-03,6.26,,1.1748
1994-05-04,6.28,,1.161
1994-05-05,6.25,,1.1557
1994-05-06,6.5,,1.1585
1994-05-07,,,1.1585
1994-05-08,,,1.1585
1994-05-09,6.64,,1.1647
1994-05-10,6.52,,1.1541
1994-05-11,6.59,,1.153
1994-05-12,6.53,,1.1553
1994-05-13,6.43,,1.1546
1994-05-14,,,1.1546
1994-05-15,,,1.1546
1994-05-16,6.4,,1.1523
1994-05-17,6.23,,1.1587
1994-05-18,6.18,,1.1643
1994-05-19,6.07,,1.1644
1994-05-20,6.14,,1.1704
1994-05-21,,,1.1704
1994-05-22,,,1.1704
1994-05-23,6.3,,1.167
1994-05-24,6.28,,1.166
1994-05-25,6.31,,1.1707
1994-05-26,6.27,,1.1718
1994-05-27,6.32,,1.1703
1994-05-28,,,1.1703
1994-05-29,,,1.1703
1994-05-30,,,1.1697
1994-05-31,6.36,,1.1704
1994-06-01,6.33,,1.1715
1994-06-02,6.28,,1.166
1994-06-03,6.19,,1.1558
1994-06-04,,,1.1558
1994-06-05,,,1.1558
1994-06-06,6.1,,1.1571
1994-06-07,6.14,,1.1583
1994-06-08,6.11,,1.1558
1994-06-09,6.13,,1.1533
1994-06-10,6.17,,1.1598
1994-06-11,,,1.1598
1994-06-12,,,1.1598
1994-06-13,6.25,,1.1677
1994-06-14,6.15,,1.1733
1994-06-15,6.23,,1.1772
1994-06-16,6.19,,1.1784
1994-06-17,6.24,,1.1929
1994-06-18,,,1.1929
1994-06-19,,,1.1929
1994-06-20,6.28,,1.199
1994-06-21,6.37,,1.1962
1994-06-22,6.31,,1.1949
1994-06-23,6.26,,1.1999
1994-06-24,6.38,,1.2093
1994-06-25,,,1.2093
1994-06-26,,,1.2093
1994-06-27,6.36,,1.2143
1994-06-28,6.46,,1.2123
1994-06-29,6.45,,1.2082
1994-06-30,6.52,,1.2076
1994-07-01,6.53,,1.2008
1994-07-02,,,1.2008
1994-07-03,,,1.2008
1994-07-04,,,1.2002
1994-07-05,6.48,,1.2082
1994-07-06,6.47,,1.2174
1994-07-07,6.44,,1.2139
1994-07-08,6.59,,1.2201
1994-07-09,,,1.2201
1994-07-10,,,1.2201
1994-07-11,6.65,,1.2425
1994-07-12,6.6,,1.2541
1994-07-13,6.58,,1.2519
1994-07-14,6.42,,1.2355
1994-07-15,6.41,,1.2297
1994-07-16,,,1.2297
1994-07-17,,,1.2297
1994-07-18,6.35,,1.2341
1994-07-19,6.28,,1.2203
1994-07-20,6.39,,1.2237
1994-07-21,6.45,,1.2136
1994-07-22,6.49,,1.2018
1994-07-23,,,1.2018
1994-07-24,,,1.2018
1994-07-25,6.49,,1.2037
1994-07-26,6.49,,1.2063
1994-07-27,6.55,,1.2134
1994-07-28,6.53,,1.2085
1994-07-29,6.33,,1.2066
1994-07-30,,,1.2066
1994-07-31,,,1.2066
1994-08-01,6.35,,1.2118
1994-08-02,6.32,,1.2117
1994-08-03,6.29,,1.2108
1994-08-04,6.31,,1.2082
1994-08-05,6.55,,1.2105
1994-08-06,,,1.2105
1994-08-07,,,1.2105
1994-08-08,6.56,,1.2101
1994-08-09,6.61,,1.2085
1994-08-10,6.57,,1.2112
1994-08-11,6.61,,1.2099
1994-08-12,6.57,,1.22
1994-08-13,,,1.22
1994-08-14,,,1.22
1994-08-15,6.58,,1.2252
1994-08-16,6.52,,1.225
1994-08-17,6.45,,1.2219
1994-08-18,6.56,,1.2288
1994-08-19,6.55,,1.2343
1994-08-20,,,1.2343
1994-08-21,,,1.2343
1994-08-22,6.59,,1.2419
1994-08-23,6.55,,1.2361
1994-08-24,6.47,,1.232
1994-08-25,6.53,,1.2317
1994-08-26,6.48,,1.2154
1994-08-27,,,1.2154
1994-08-28,,,1.2154
1994-08-29,6.48,,1.2088
1994-08-30,6.46,,1.2104
1994-08-31,6.44,,1.2104
1994-09-01,6.44,,1.214
1994-09-02,6.45,,1.2261
1994-09-03,,,1.2261
1994-09-04,,,1.2261
1994-09-05,,,1.2261
1994-09-06,6.5,,1.2338
1994-09-07,6.51,,1.2288
1994-09-08,6.51,,1.224
1994-09-09,6.66,,1.2369
1994-09-10,,,1.2369
1994-09-11,,,1.2369
1994-09-12,6.67,,1.2378
1994-09-13,6.65,,1.233
1994-09-14,6.63,,1.2385
1994-09-15,6.58,,1.2317
1994-09-16,6.72,,1.2421
1994-09-17,,,1.2421
1994-09-18,,,1.2421
1994-09-19,6.71,,1.2294
1994-09-20,6.75,,1.2284
1994-09-21,6.81,,1.2326
1994-09-22,6.8,,1.234
1994-09-23,6.83,,1.2369
1994-09-24,,,1.2369
1994-09-25,,,1.2369
1994-09-26,6.83,,1.2287
1994-09-27,6.83,,1.2338
1994-09-28,6.83,,1.234
1994-09-29,6.92,,1.2359
1994-09-30,6.92,,1.2332
1994-10-01,,,1.2332
1994-10-02,,,1.2332
1994-10-03,7.01,,1.2314
1994-10-04,7.01,,1.2341
1994-10-05,7.05,,1.2393
1994-10-06,7.06,,1.2379
1994-10-07,6.97,,1.237
1994-10-08,,,1.237
1994-10-09,,,1.237
1994-10-10,,,1.237
1994-10-11,6.95,,1.2338
1994-10-12,6.99,,1.2378
1994-10-13,6.96,,1.2392
1994-10-14,6.91,,1.2544
1994-10-15,,,1.2544
1994-10-16,,,1.2544
1994-10-17,6.92,,1.2687
1994-10-18,6.92,,1.2694
1994-10-19,6.99,,1.2681
1994-10-20,7.1,,1.2674
1994-10-21,7.11,,1.2705
1994-10-22,,,1.2705
1994-10-23,,,1.2705
1994-10-24,7.17,,1.2718
1994-10-25,7.18,,1.2771
1994-10-26,7.17,,1.2778
1994-10-27,7.16,,1.2744
1994-10-28,7.1,,1.2628
1994-10-29,,,1.2628
1994-10-30,,,1.2628
1994-10-31,7.1,,1.2676
1994-11-01,7.21,,1.2739
1994-11-02,7.25,,1.2668
1994-11-03,7.28,,1.2511
1994-11-04,7.37,,1.2523
1994-11-05,,,1.2523
1994-11-06,,,1.2523
1994-11-07,7.39,,1.2572
1994-11-08,7.39,,1.2625
1994-11-09,7.35,,1.2449
1994-11-10,7.4,,1.2419
1994-11-11,,,1.2419
1994-11-12,,,1.2419
1994-11-13,,,1.2419
1994-11-14,7.37,,1.2367
1994-11-15,7.41,,1.2335
1994-11-16,7.45,,1.2279
1994-11-17,7.52,,1.2318
1994-11-18,7.52,,1.2237
1994-11-19,,,1.2237
1994-11-20,,,1.2237
1994-11-21,7.57,,1.2222
1994-11-22,7.56,,1.2249
1994-11-23,7.43,,1.2268
1994-11-24,,,1.2262
1994-11-25,7.44,,1.2214
1994-11-26,,,1.2214
1994-11-27,,,1.2214
1994-11-28,7.59,,1.2182
1994-11-29,7.68,,1.2179
1994-11-30,7.62,,1.217
1994-12-01,7.63,,1.2134
1994-12-02,7.59,,1.2107
1994-12-03,,,1.2107
1994-12-04,,,1.2107
1994-12-05,7.67,,1.2139
1994-12-06,7.57,,1.2118
1994-12-07,7.62,,1.2146
1994-12-08,7.67,,1.2109
1994-12-09,7.67,,1.2105
1994-12-10,,,1.2105
1994-12-11,,,1.2105
1994-12-12,7.77,,1.2124
1994-12-13,7.8,,1.2133
1994-12-14,7.69,,1.2132
1994-12-15,7.66,,1.2143
1994-12-16,7.71,,1.2132
1994-12-17,,,1.2132
1994-12-18,,,1.2132
1994-12-19,7.72,,1.2117
1994-12-20,7.68,,1.2126
1994-12-21,7.68,,1.2126
1994-12-22,7.81,,1.2061
1994-12-23,7.82,,1.2041
1994-12-24,,,1.2041
1994-12-25,,,1.2041
1994-12-26,,,1.2041
1994-12-27,7.76,,1.2063
1994-12-28,7.78,,1.2101
1994-12-29,7.8,,1.2265
1994-12-30,7.8,,1.2267
1994-12-31,,,1.2267
1995-01-01,,,1.2267
1995-01-02,,,1.2185
1995-01-03,7.84,,1.2221
1995-01-04,7.75,,1.2206
1995-01-05,7.83,,1.2263
1995-01-06,7.81,,1.2165
1995-01-07,,,1.2165
1995-01-08,,,1.2165
1995-01-09,7.84,,1.234
1995-01-10,7.78,,1.2343
1995-01-11,7.73,,1.2322
1995-01-12,7.73,,1.2375
1995-01-13,7.55,,1.2341
1995-01-14,,,1.2341
1995-01-15,,,1.2341
1995-01-16,,,1.2367
1995-01-17,7.6,,1.2338
1995-01-18,7.64,,1.2334
1995-01-19,7.65,,1.2465
1995-01-20,7.7,,1.2496
1995-01-21,,,1.2496
1995-01-22,,,1.2496
1995-01-23,7.69,,1.249
1995-01-24,7.71,,1.2505
1995-01-25,7.61,,1.2465
1995-01-26,7.54,,1.245
1995-01-27,7.46,,1.2456
1995-01-28,,,1.2456
1995-01-29,,,1.2456
1995-01-30,7.4,,1.2533
1995-01-31,7.39,,1.2389
1995-02-01,7.44,,1.243
1995-02-02,7.53,,1.2427
1995-02-03,7.3,,1.234
1995-02-04,,,1.234
1995-02-05,,,1.234
1995-02-06,7.35,,1.2323
1995-02-07,7.36,,1.2292
1995-02-08,7.34,,1.2322
1995-02-09,7.43,,1.2345
1995-02-10,7.47,,1.2412
1995-02-11,,,1.2412
1995-02-12,,,1.2412
1995-02-13,7.45,,1.2395
1995-02-14,7.34,,1.2492
1995-02-15,7.24,,1.248
1995-02-16,7.16,,1.2614
1995-02-17,7.2,,1.267
1995-02-18,,,1.267
1995-02-19,,,1.267
1995-02-20,,,1.274
1995-02-21,7.22,,1.274
1995-02-22,7.04,,1.2719
1995-02-23,7.03,,1.2743
1995-02-24,7.0,,1.2734
1995-02-25,,,1.2734
1995-02-26,,,1.2734
1995-02-27,6.9,,1.2686
1995-02-28,6.9,,1.2708
1995-03-01,6.92,,1.273
1995-03-02,7.0,,1.2895
1995-03-03,7.03,,1.3
1995-03-04,,,1.3
1995-03-05,,,1.3
1995-03-06,7.1,,1.312
1995-03-07,7.12,,1.3218
1995-03-08,7.05,,1.3125
1995-03-09,6.97,,1.312
1995-03-10,6.94,,1.291
1995-03-11,,,1.291
1995-03-12,,,1.291
1995-03-13,6.88,,1.2975
1995-03-14,6.8,,1.2938
1995-03-15,6.8,,1.3122
1995-03-16,6.76,,1.3068
1995-03-17,6.81,,1.3021
1995-03-18,,,1.3021
1995-03-19,,,1.3021
1995-03-20,6.81,,1.2944
1995-03-21,6.84,,1.2915
1995-03-22,6.87,,1.2965
1995-03-23,6.87,,1.298
1995-03-24,6.75,,1.2902
1995-03-25,,,1.2902
1995-03-26,,,1.2902
1995-03-27,6.72,,1.2984
1995-03-28,6.85,,1.3156
1995-03-29,6.83,,1.3187
1995-03-30,6.88,,1.3014
1995-03-31,6.92,,1.3314
1995-04-01,,,1.3314
1995-04-02,,,1.3314
1995-04-03,6.86,,1.3295
1995-04-04,6.82,,1.3248
1995-04-05,6.81,,1.3273
1995-04-06,6.77,,1.3326
1995-04-07,6.76,,1.3347
1995-04-08,,,1.3347
1995-04-09,,,1.3347
1995-04-10,6.77,,1.3003
1995-04-11,6.76,,1.3139
1995-04-12,6.72,,1.3137
1995-04-13,6.64,,1.3288
1995-04-14,,,1.324
1995-04-15,,,1.324
1995-04-16,,,1.324
1995-04-17,6.6,,1.3425
1995-04-18,6.56,,1.34
1995-04-19,6.62,,1.3289
1995-04-20,6.56,,1.3201
1995-04-21,6.55,,1.3307
1995-04-22,,,1.3307
1995-04-23,,,1.3307
1995-04-24,6.58,,1.329
1995-04-25,6.61,,1.3369
1995-04-26,6.62,,1.3368
1995-04-27,6.67,,1.3295
1995-04-28,6.72,,1.3246
1995-04-29,,,1.3246
1995-04-30,,,1.3246
1995-05-01,6.75,,1.3204
1995-05-02,6.67,,1.3274
1995-05-03,6.56,,1.3323
1995-05-04,6.46,,1.3337
1995-05-05,6.27,,1.3305
1995-05-06,,,1.3305
1995-05-07,,,1.3305
1995-05-08,6.3,,1.3396
1995-05-09,6.19,,1.3294
1995-05-10,6.23,,1.3249
1995-05-11,6.3,,1.2984
1995-05-12,6.31,,1.2806
1995-05-13,,,1.2806
1995-05-14,,,1.2806
1995-05-15,6.26,,1.2899
1995-05-16,6.22,,1.2835
1995-05-17,6.21,,1.2795
1995-05-18,6.28,,1.2705
1995-05-19,6.28,,1.28
1995-05-20,,,1.28
1995-05-21,,,1.28
1995-05-22,6.3,,1.2813
1995-05-23,6.22,,1.274
1995-05-24,6.08,,1.2813
1995-05-25,6.06,,1.3159
1995-05-26,6.05,,1.336
1995-05-27,,,1.336
1995-05-28,,,1.336
1995-05-29,,,1.3256
1995-05-30,5.96,,1.322
1995-05-31,5.95,,1.3045
1995-06-01,5.78,,1.315
1995-06-02,5.64,,1.3015
1995-06-03,,,1.3015
1995-06-04,,,1.3015
1995-06-05,5.63,,1.3115
1995-06-06,5.67,,1.3108
1995-06-07,5.84,,1.3095
1995-06-08,5.91,,1.3123
1995-06-09,6.08,,1.3137
1995-06-10,,,1.3137
1995-06-11,,,1.3137
1995-06-12,6.04,,1.3148
1995-06-13,5.73,,1.3109
1995-06-14,5.74,,1.3195
1995-06-15,5.81,,1.3145
1995-06-16,5.83,,1.3191
1995-06-17,,,1.3191
1995-06-18,,,1.3191
1995-06-19,5.74,,1.3212
1995-06-20,5.8,,1.3269
1995-06-21,5.76,,1.3279
1995-06-22,5.67,,1.3201
1995-06-23,5.69,,1.331
1995-06-24,,,1.331
1995-06-25,,,1.331
1995-06-26,5.76,,1.3241
1995-06-27,5.8,,1.3259
1995-06-28,5.76,,1.3183
1995-06-29,5.95,,1.3348
1995-06-30,5.88,,1.3316
1995-07-01,,,1.3316
1995-07-02,,,1.3316
1995-07-03,5.87,,1.3335
1995-07-04,,,1.3323
1995-07-05,5.84,,1.3365
1995-07-06,5.64,,1.3377
1995-07-07,5.61,,1.3281
1995-07-08,,,1.3281
1995-07-09,,,1.3281
1995-07-10,5.63,,1.327
1995-07-11,5.69,,1.3177
1995-07-12,5.7,,1.3211
1995-07-13,5.7,,1.3313
1995-07-14,5.78,,1.33
1995-07-15,,,1.33
1995-07-16,,,1.33
1995-07-17,5.86,,1.326
1995-07-18,5.88,,1.3325
1995-07-19,5.99,,1.3435
1995-07-20,6.02,,1.3374
1995-07-21,6.11,,1.3358
1995-07-22,,,1.3358
1995-07-23,,,1.3358
1995-07-24,6.08,,1.3365
1995-07-25,6.07,,1.3294
1995-07-26,6.1,,1.3384
1995-07-27,6.03,,1.3445
1995-07-28,6.09,,1.3441
1995-07-29,,,1.3441
1995-07-30,,,1.3441
1995-07-31,6.02,,1.34
1995-08-01,6.08,,1.3495
1995-08-02,6.03,,1.3317
1995-08-03,6.09,,1.3387
1995-08-04,6.06,,1.3331
1995-08-05,,,1.3331
1995-08-06,,,1.3331
1995-08-07,6.03,,1.3213
1995-08-08,6.01,,1.3218
1995-08-09,6.05,,1.3236
1995-08-10,6.07,,1.3137
1995-08-11,6.19,,1.3005
1995-08-12,,,1.3005
1995-08-13,,,1.3005
1995-08-14,6.19,,1.3025
1995-08-15,6.21,,1.2715
1995-08-16,6.18,,1.2725
1995-08-17,6.24,,1.2721
1995-08-18,6.24,,1.2735
1995-08-19,,,1.2735
1995-08-20,,,1.2735
1995-08-21,6.18,,1.2706
1995-08-22,6.21,,1.2631
1995-08-23,6.24,,1.2665
1995-08-24,6.12,,1.271
1995-08-25,6.01,,1.2695
1995-08-26,,,1.2695
1995-08-27,,,1.2695
1995-08-28,5.97,,1.2785
1995-08-29,6.03,,1.2662
1995-08-30,5.98,,1.2705
1995-08-31,5.95,,1.2741
1995-09-01,5.89,,1.276
1995-09-02,,,1.276
1995-09-03,,,1.276
1995-09-04,,,1.277
1995-09-05,5.85,,1.2785
1995-09-06,5.84,,1.2665
1995-09-07,5.89,,1.2645
1995-09-08,5.95,,1.2685
1995-09-09,,,1.2685
1995-09-10,,,1.2685
1995-09-11,5.93,,1.2688
1995-09-12,5.84,,1.2682
1995-09-13,5.88,,1.2566
1995-09-14,5.76,,1.26
1995-09-15,5.8,,1.2608
1995-09-16,,,1.2608
1995-09-17,,,1.2608
1995-09-18,5.86,,1.2635
1995-09-19,5.83,,1.2597
1995-09-20,5.81,,1.2757
1995-09-21,5.91,,1.2972
1995-09-22,5.93,,1.2995
1995-09-23,,,1.2995
1995-09-24,,,1.2995
1995-09-25,5.95,,1.2927
1995-09-26,5.98,,1.2919
1995-09-27,6.01,,1.2995
1995-09-28,6.0,,1.3035
1995-09-29,5.91,,1.2966
1995-09-30,,,1.2966
1995-10-01,,,1.2966
1995-10-02,5.89,,1.298
1995-10-03,5.87,,1.2879
1995-10-04,5.82,,1.2905
1995-10-05,5.8,,1.2941
1995-10-06,5.81,,1.288
1995-10-07,,,1.288
1995-10-08,,,1.288
1995-10-09,,,1.295
1995-10-10,5.81,,1.2925
1995-10-11,5.82,,1.2891
1995-10-12,5.8,,1.2978
1995-10-13,5.72,,1.2929
1995-10-14,,,1.2929
1995-10-15,,,1.2929
1995-10-16,5.73,,1.293
1995-10-17,5.71,,1.296
1995-10-18,5.74,,1.2904
1995-10-19,5.73,,1.3015
1995-10-20,5.79,,1.3083
1995-10-21,,,1.3083
1995-10-22,,,1.3083
1995-10-23,5.82,,1.3135
1995-10-24,5.76,,1.3089
1995-10-25,5.72,,1.3094
1995-10-26,5.72,,1.3093
1995-10-27,5.73,,1.3032
1995-10-28,,,1.3032
1995-10-29,,,1.3032
1995-10-30,5.72,,1.3035
1995-10-31,5.7,,1.3005
1995-11-01,5.62,,1.2958
1995-11-02,5.56,,1.2899
1995-11-03,5.58,,1.2928
1995-11-04,,,1.2928
1995-11-05,,,1.2928
1995-11-06,5.62,,1.2957
1995-11-07,5.65,,1.2957
1995-11-08,5.58,,1.2922
1995-11-09,5.59,,1.3035
1995-11-10,5.64,,1.291
1995-11-11,,,1.291
1995-11-12,,,1.291
1995-11-13,5.61,,1.2905
1995-11-14,5.58,,1.2955
1995-11-15,5.63,,1.3001
1995-11-16,5.56,,1.2999
1995-11-17,5.54,,1.3085
1995-11-18,,,1.3085
1995-11-19,,,1.3085
1995-11-20,5.53,,1.3023
1995-11-21,5.56,,1.3014
1995-11-22,5.58,,1.3013
1995-11-23,,,1.2996
1995-11-24,5.56,,1.2988
1995-11-25,,,1.2988
1995-11-26,,,1.2988
1995-11-27,5.53,,1.2888
1995-11-28,5.54,,1.292
1995-11-29,5.49,,1.2854
1995-11-30,5.41,,1.275
1995-12-01,5.37,,1.2752
1995-12-02,,,1.2752
1995-12-03,,,1.2752
1995-12-04,5.33,,1.2765
1995-12-05,5.34,,1.2846
1995-12-06,5.38,,1.2775
1995-12-07,5.42,,1.2735
1995-12-08,5.45,,1.2726
1995-12-09,,,1.2726
1995-12-10,,,1.2726
1995-12-11,5.41,,1.2716
1995-12-12,5.42,,1.267
1995-12-13,5.45,,1.2629
1995-12-14,5.42,,1.273
1995-12-15,5.41,,1.2725
1995-12-16,,,1.2725
1995-12-17,,,1.2725
1995-12-18,5.51,,1.2833
1995-12-19,5.45,,1.2725
1995-12-20,5.42,,1.2761
1995-12-21,5.41,,1.276
1995-12-22,5.37,,1.2771
1995-12-23,,,1.2771
1995-12-24,,,1.2771
1995-12-25,,,1.2771
1995-12-26,5.34,,1.28
1995-12-27,5.31,,1.2785
1995-12-28,5.27,,1.2763
1995-12-29,5.25,,1.277
1995-12-30,,,1.277
1995-12-31,,,1.277
1996-01-01,,,1.277
1996-01-02,5.26,,1.2792
1996-01-03,5.21,,1.274
1996-01-04,5.26,,1.2795
1996-01-05,5.29,,1.2838
1996-01-06,,,1.2838
1996-01-07,,,1.2838
1996-01-08,5.27,,1.2856
1996-01-09,5.27,,1.2909
1996-01-10,5.33,,1.2932
1996-01-11,5.31,,1.2885
1996-01-12,5.26,,1.2811
1996-01-13,,,1.2811
1996-01-14,,,1.2811
1996-01-15,,,1.2775
1996-01-16,5.19,,1.2621
1996-01-17,5.14,,1.258
1996-01-18,5.09,,1.2538
1996-01-19,5.1,,1.2456
1996-01-20,,,1.2456
1996-01-21,,,1.2456
1996-01-22,5.17,,1.2465
1996-01-23,5.18,,1.2434
1996-01-24,5.16,,1.2384
1996-01-25,5.23,,1.2324
1996-01-26,5.18,,1.225
1996-01-27,,,1.225
1996-01-28,,,1.225
1996-01-29,5.21,,1.2315
1996-01-30,5.13,,1.2295
1996-01-31,5.06,,1.2335
1996-02-01,5.05,,1.2366
1996-02-02,5.04,,1.2378
1996-02-03,,,1.2378
1996-02-04,,,1.2378
1996-02-05,5.09,,1.2495
1996-02-06,5.03,,1.2475
1996-02-07,5.03,,1.243
1996-02-08,5.01,,1.2435
1996-02-09,4.98,,1.244
1996-02-10,,,1.244
1996-02-11,,,1.244
1996-02-12,4.94,,1.2455
1996-02-13,4.89,,1.2466
1996-02-14,4.91,,1.2512
1996-02-15,4.95,,1.2497
1996-02-16,5.01,,1.2565
1996-02-17,,,1.2565
1996-02-18,,,1.2565
1996-02-19,,,1.2662
1996-02-20,5.3,,1.2658
1996-02-21,5.3,,1.2663
1996-02-22,5.23,,1.265
1996-02-23,5.29,,1.2675
1996-02-24,,,1.2675
1996-02-25,,,1.2675
1996-02-26,5.33,,1.2653
1996-02-27,5.41,,1.2695
1996-02-28,5.51,,1.2618
1996-02-29,5.56,,1.2546
1996-03-01,5.4,,1.2515
1996-03-02,,,1.2515
1996-03-03,,,1.2515
1996-03-04,5.32,,1.255
1996-03-05,5.4,,1.259
1996-03-06,5.48,,1.256
1996-03-07,5.53,,1.2563
1996-03-08,5.88,,1.2485
1996-03-09,,,1.2485
1996-03-10,,,1.2485
1996-03-11,5.86,,1.2485
1996-03-12,5.92,,1.255
1996-03-13,5.86,,1.2556
1996-03-14,5.84,,1.2559
1996-03-15,6.01,,1.2576
1996-03-16,,,1.2576
1996-03-17,,,1.2576
1996-03-18,6.02,,1.2519
1996-03-19,5.99,,1.2568
1996-03-20,5.86,,1.2567
1996-03-21,5.82,,1.2521
1996-03-22,5.85,,1.2532
1996-03-23,,,1.2532
1996-03-24,,,1.2532
1996-03-25,5.81,,1.2552
1996-03-26,5.82,,1.255
1996-03-27,5.93,,1.2504
1996-03-28,5.99,,1.2595
1996-03-29,5.91,,1.2555
1996-03-30,,,1.2555
1996-03-31,,,1.2555
1996-04-01,5.91,,1.2505
1996-04-02,5.86,,1.2566
1996-04-03,5.89,,1.2542
1996-04-04,5.95,,1.2569
1996-04-05,6.22,,1.2525
1996-04-06,,,1.2525
1996-04-07,,,1.2525
1996-04-08,6.27,,1.2546
1996-04-09,6.21,,1.2465
1996-04-10,6.24,,1.2466
1996-04-11,6.33,,1.2433
1996-04-12,6.12,,1.2434
1996-04-13,,,1.2434
1996-04-14,,,1.2434
1996-04-15,6.07,,1.2378
1996-04-16,6.06,,1.238
1996-04-17,6.12,,1.2415
1996-04-18,6.18,,1.2441
1996-04-19,6.1,,1.2377
1996-04-20,,,1.2377
1996-04-21,,,1.2377
1996-04-22,6.06,,1.2369
1996-04-23,6.1,,1.2354
1996-04-24,6.13,,1.237
1996-04-25,6.15,,1.2255
1996-04-26,6.08,,1.2302
1996-04-27,,,1.2302
1996-04-28,,,1.2302
1996-04-29,6.13,,1.2311
1996-04-30,6.19,,1.2264
1996-05-01,6.19,,1.2215
1996-05-02,6.34,,1.2273
1996-05-03,6.37,,1.2312
1996-05-04,,,1.2312
1996-05-05,,,1.2312
1996-05-06,6.34,,1.2295
1996-05-07,6.38,,1.2299
1996-05-08,6.35,,1.236
1996-05-09,6.35,,1.233
1996-05-10,6.23,,1.2276
1996-05-11,,,1.2276
1996-05-12,,,1.2276
1996-05-13,6.25,,1.2265
1996-05-14,6.19,,1.2261
1996-05-15,6.18,,1.2251
1996-05-16,6.25,,1.2277
1996-05-17,6.2,,1.2277
1996-05-18,,,1.2277
1996-05-19,,,1.2277
1996-05-20,6.18,,1.2265
1996-05-21,6.19,,1.2225
1996-05-22,6.19,,1.2213
1996-05-23,6.23,,1.2247
1996-05-24,6.2,,1.2243
1996-05-25,,,1.2243
1996-05-26,,,1.2243
1996-05-27,,,1.2257
1996-05-28,6.23,,1.2226
1996-05-29,6.33,,1.2308
1996-05-30,6.36,,1.2287
1996-05-31,6.44,,1.2387
1996-06-01,,,1.2387
1996-06-02,,,1.2387
1996-06-03,6.43,,1.24
1996-06-04,6.44,,1.235
1996-06-05,6.43,,1.2353
1996-06-06,6.32,,1.2363
1996-06-07,6.56,,1.2303
1996-06-08,,,1.2303
1996-06-09,,,1.2303
1996-06-10,6.58,,1.2308
1996-06-11,6.56,,1.2315
1996-06-12,6.59,,1.2345
1996-06-13,6.56,,1.2365
1996-06-14,6.49,,1.236
1996-06-15,,,1.236
1996-06-16,,,1.236
1996-06-17,6.47,,1.242
1996-06-18,6.48,,1.2482
1996-06-19,6.5,,1.244
1996-06-20,6.55,,1.2414
1996-06-21,6.52,,1.2358
1996-06-22,,,1.2358
1996-06-23,,,1.2358
1996-06-24,6.52,,1.238
1996-06-25,6.5,,1.2386
1996-06-26,6.49,,1.24
1996-06-27,6.41,,1.2465
1996-06-28,6.3,,1.2427
1996-06-29,,,1.2427
1996-06-30,,,1.2427
1996-07-01,6.33,,1.2435
1996-07-02,6.4,,1.2415
1996-07-03,6.36,,1.2466
1996-07-04,,,1.2438
1996-07-05,6.62,,1.2425
1996-07-06,,,1.2425
1996-07-07,,,1.2425
1996-07-08,6.62,,1.2407
1996-07-09,6.61,,1.2406
1996-07-10,6.52,,1.2407
1996-07-11,6.47,,1.2447
1996-07-12,6.45,,1.243
1996-07-13,,,1.243
1996-07-14,,,1.243
1996-07-15,6.5,,1.2457
1996-07-16,6.42,,1.2705
1996-07-17,6.43,,1.2671
1996-07-18,6.32,,1.2644
1996-07-19,6.35,,1.2672
1996-07-20,,,1.2672
1996-07-21,,,1.2672
1996-07-22,6.43,,1.2703
1996-07-23,6.42,,1.2651
1996-07-24,6.46,,1.2628
1996-07-25,6.46,,1.2717
1996-07-26,6.45,,1.2671
1996-07-27,,,1.2671
1996-07-28,,,1.2671
1996-07-29,6.5,,1.2699
1996-07-30,6.47,,1.2715
1996-07-31,6.39,,1.2762
1996-08-01,6.25,,1.274
1996-08-02,6.09,,1.2715
1996-08-03,,,1.2715
1996-08-04,,,1.2715
1996-08-05,6.1,,1.2692
1996-08-06,6.13,,1.2656
1996-08-07,6.14,,1.2635
1996-08-08,6.14,,1.2654
1996-08-09,6.09,,1.2695
1996-08-10,,,1.2695
1996-08-11,,,1.2695
1996-08-12,6.08,,1.2691
1996-08-13,6.14,,1.2695
1996-08-14,6.14,,1.2631
1996-08-15,6.17,,1.2679
1996-08-16,6.13,,1.2625
1996-08-17,,,1.2625
1996-08-18,,,1.2625
1996-08-19,6.15,,1.2654
1996-08-20,6.14,,1.2644
1996-08-21,6.15,,1.2684
1996-08-22,6.18,,1.2618
1996-08-23,6.27,,1.2709
1996-08-24,,,1.2709
1996-08-25,,,1.2709
1996-08-26,6.37,,1.2711
1996-08-27,6.36,,1.2723
1996-08-28,6.36,,1.2733
1996-08-29,6.42,,1.2731
1996-08-30,6.54,,1.2725
1996-08-31,,,1.2725
1996-09-01,,,1.2725
1996-09-02,,,1.2679
1996-09-03,6.54,,1.2695
1996-09-04,6.56,,1.2732
1996-09-05,6.56,,1.2689
1996-09-06,6.52,,1.2649
1996-09-07,,,1.2649
1996-09-08,,,1.2649
1996-09-09,6.47,,1.2613
1996-09-10,6.52,,1.2521
1996-09-11,6.51,,1.2521
1996-09-12,6.44,,1.2509
1996-09-13,6.29,,1.25
1996-09-14,,,1.25
1996-09-15,,,1.25
1996-09-16,6.31,,1.254
1996-09-17,6.39,,1.2515
1996-09-18,6.43,,1.2545
1996-09-19,6.46,,1.252
1996-09-20,6.43,,1.2535
1996-09-21,,,1.2535
1996-09-22,,,1.2535
1996-09-23,6.4,,1.2573
1996-09-24,6.32,,1.2658
1996-09-25,6.25,,1.2595
1996-09-26,6.22,,1.2531
1996-09-27,6.25,,1.25
1996-09-28,,,1.25
1996-09-29,,,1.25
1996-09-30,6.28,,1.2499
1996-10-01,6.22,,1.2475
1996-10-02,6.15,,1.2452
1996-10-03,6.16,,1.247
1996-10-04,6.0,,1.2464
1996-10-05,,,1.2464
1996-10-06,,,1.2464
1996-10-07,6.06,,1.2492
1996-10-08,6.06,,1.2505
1996-10-09,6.11,,1.2515
1996-10-10,6.17,,1.2512
1996-10-11,6.09,,1.2514
1996-10-12,,,1.2514
1996-10-13,,,1.2514
1996-10-14,,,1.2526
1996-10-15,6.1,,1.246
1996-10-16,6.12,,1.2468
1996-10-17,6.06,,1.2434
1996-10-18,6.05,,1.2472
1996-10-19,,,1.2472
1996-10-20,,,1.2472
1996-10-21,6.07,,1.251
1996-10-22,6.12,,1.2535
1996-10-23,6.11,,1.2582
1996-10-24,6.1,,1.2619
1996-10-25,6.07,,1.2599
1996-10-26,,,1.2599
1996-10-27,,,1.2599
1996-10-28,6.1,,1.2605
1996-10-29,5.94,,1.2668
1996-10-30,5.95,,1.2688
1996-10-31,5.92,,1.2637
1996-11-01,5.93,,1.2657
1996-11-02,,,1.2657
1996-11-03,,,1.2657
1996-11-04,5.92,,1.2685
1996-11-05,5.86,,1.262
1996-11-06,5.9,,1.2622
1996-11-07,5.87,,1.2658
1996-11-08,5.88,,1.2709
1996-11-09,,,1.2709
1996-11-10,,,1.2709
1996-11-11,,,1.2776
1996-11-12,5.84,,1.2691
1996-11-13,5.84,,1.272
1996-11-14,5.77,,1.2698
1996-11-15,5.79,,1.2721
1996-11-16,,,1.2721
1996-11-17,,,1.2721
1996-11-18,5.81,,1.2782
1996-11-19,5.78,,1.2758
1996-11-20,5.77,,1.2838
1996-11-21,5.78,,1.2824
1996-11-22,5.8,,1.2748
1996-11-23,,,1.2748
1996-11-24,,,1.2748
1996-11-25,5.77,,1.2651
1996-11-26,5.77,,1.2632
1996-11-27,5.77,,1.2619
1996-11-28,,,1.2587
1996-11-29,5.7,,1.2535
1996-11-30,,,1.2535
1996-12-01,,,1.2535
1996-12-02,5.72,,1.2495
1996-12-03,5.7,,1.2409
1996-12-04,5.75,,1.2386
1996-12-05,5.82,,1.2426
1996-12-06,5.84,,1.2469
1996-12-07,,,1.2469
1996-12-08,,,1.2469
1996-12-09,5.81,,1.2396
1996-12-10,5.83,,1.2401
1996-12-11,5.95,,1.2514
1996-12-12,5.98,,1.2497
1996-12-13,5.89,,1.2423
1996-12-14,,,1.2423
1996-12-15,,,1.2423
1996-12-16,5.95,,1.2467
1996-12-17,5.99,,1.2415
1996-12-18,6.04,,1.24
1996-12-19,5.97,,1.2343
1996-12-20,5.95,,1.2402
1996-12-21,,,1.2402
1996-12-22,,,1.2402
1996-12-23,5.97,,1.2389
1996-12-24,5.98,,1.2385
1996-12-25,,,1.2385
1996-12-26,5.98,,1.2397
1996-12-27,5.93,,1.241
1996-12-28,,,1.241
1996-12-29,,,1.241
1996-12-30,5.95,,1.2412
1996-12-31,6.04,,1.2533
1997-01-01,,,1.2533
1997-01-02,6.13,,1.2523
1997-01-03,6.11,,1.2354
1997-01-04,,,1.2354
1997-01-05,,,1.2354
1997-01-06,6.12,,1.2401
1997-01-07,6.14,,1.2398
1997-01-08,6.17,,1.2325
1997-01-09,6.1,,1.2326
1997-01-10,6.21,,1.2245
1997-01-11,,,1.2245
1997-01-12,,,1.2245
1997-01-13,6.22,,1.2234
1997-01-14,6.12,,1.2197
1997-01-15,6.12,,1.2236
1997-01-16,6.15,,1.2197
1997-01-17,6.14,,1.204
1997-01-18,,,1.204
1997-01-19,,,1.204
1997-01-20,,,1.1979
1997-01-21,6.12,,1.1947
1997-01-22,6.15,,1.186
1997-01-23,6.19,,1.1833
1997-01-24,6.21,,1.1882
1997-01-25,,,1.1882
1997-01-26,,,1.1882
1997-01-27,6.25,,1.182
1997-01-28,6.19,,1.1767
1997-01-29,6.19,,1.1781
1997-01-30,6.16,,1.1821
1997-01-31,6.08,,1.1791
1997-02-01,,,1.1791
1997-02-02,,,1.1791
1997-02-03,6.03,,1.1782
1997-02-04,6.02,,1.1756
1997-02-05,6.04,,1.1793
1997-02-06,6.05,,1.1741
1997-02-07,6.0,,1.1705
1997-02-08,,,1.1705
1997-02-09,,,1.1705
1997-02-10,6.0,,1.1716
1997-02-11,6.01,,1.1604
1997-02-12,6.04,,1.1545
1997-02-13,5.97,,1.1539
1997-02-14,5.91,,1.1503
1997-02-15,,,1.1503
1997-02-16,,,1.1503
1997-02-17,,,1.1447
1997-02-18,5.92,,1.1497
1997-02-19,5.93,,1.1417
1997-02-20,5.99,,1.1508
1997-02-21,5.98,,1.1483
1997-02-22,,,1.1483
1997-02-23,,,1.1483
1997-02-24,6.02,,1.1594
1997-02-25,6.04,,1.1605
1997-02-26,6.21,,1.1496
1997-02-27,6.23,,1.1491
1997-02-28,6.23,,1.1463
1997-03-01,,,1.1463
1997-03-02,,,1.1463
1997-03-03,6.25,,1.1431
1997-03-04,6.27,,1.1347
1997-03-05,6.27,,1.1351
1997-03-06,6.29,,1.1338
1997-03-07,6.25,,1.1339
1997-03-08,,,1.1339
1997-03-09,,,1.1339
1997-03-10,6.25,,1.1418
1997-03-11,6.25,,1.1406
1997-03-12,6.27,,1.1427
1997-03-13,6.38,,1.1393
1997-03-14,6.35,,1.1449
1997-03-15,,,1.1449
1997-03-16,,,1.1449
1997-03-17,6.38,,1.1445
1997-03-18,6.38,,1.1545
1997-03-19,6.41,,1.1516
1997-03-20,6.45,,1.1443
1997-03-21,6.46,,1.1506
1997-03-22,,,1.1506
1997-03-23,,,1.1506
1997-03-24,6.45,,1.1503
1997-03-25,6.48,,1.1493
1997-03-26,6.52,,1.1509
1997-03-27,6.61,,1.1615
1997-03-28,,,1.1573
1997-03-29,,,1.1573
1997-03-30,,,1.1573
1997-03-31,6.6,,1.1656
1997-04-01,6.58,,1.1667
1997-04-02,6.58,,1.1612
1997-04-03,6.55,,1.165
1997-04-04,6.61,,1.1553
1997-04-05,,,1.1553
1997-04-06,,,1.1553
1997-04-07,6.57,,1.1418
1997-04-08,6.61,,1.1395
1997-04-09,6.6,,1.1322
1997-04-10,6.61,,1.1357
1997-04-11,6.69,,1.1341
1997-04-12,,,1.1341
1997-04-13,,,1.1341
1997-04-14,6.7,,1.1305
1997-04-15,6.62,,1.1308
1997-04-16,6.64,,1.1295
1997-04-17,6.6,,1.1332
1997-04-18,6.57,,1.1405
1997-04-19,,,1.1405
1997-04-20,,,1.1405
1997-04-21,6.61,,1.1459
1997-04-22,6.59,,1.134
1997-04-23,6.63,,1.1375
1997-04-24,6.68,,1.1345
1997-04-25,6.7,,1.127
1997-04-26,,,1.127
1997-04-27,,,1.127
1997-04-28,6.66,,1.1257
1997-04-29,6.49,,1.1316
1997-04-30,6.42,,1.125
1997-05-01,6.41,,1.1311
1997-05-02,6.4,,1.1281
1997-05-03,,,1.1281
1997-05-04,,,1.1281
1997-05-05,6.41,,1.1248
1997-05-06,6.39,,1.13
1997-05-07,6.51,,1.1315
1997-05-08,6.47,,1.1395
1997-05-09,6.4,,1.1511
1997-05-10,,,1.1511
1997-05-11,,,1.1511
1997-05-12,6.37,,1.1393
1997-05-13,6.44,,1.1504
1997-05-14,6.41,,1.1513
1997-05-15,6.39,,1.1492
1997-05-16,6.41,,1.1523
1997-05-17,,,1.1523
1997-05-18,,,1.1523
1997-05-19,6.42,,1.142
1997-05-20,6.4,,1.1635
1997-05-21,6.4,,1.1525
1997-05-22,6.44,,1.1502
1997-05-23,6.41,,1.1505
1997-05-24,,,1.1505
1997-05-25,,,1.1505
1997-05-26,,,1.152
1997-05-27,6.47,,1.1424
1997-05-28,6.48,,1.1464
1997-05-29,6.45,,1.1461
1997-05-30,6.37,,1.1405
1997-05-31,,,1.1405
1997-06-01,,,1.1405
1997-06-02,6.36,,1.1276
1997-06-03,6.33,,1.1292
1997-06-04,6.33,,1.1291
1997-06-05,6.33,,1.1281
1997-06-06,6.25,,1.1285
1997-06-07,,,1.1285
1997-06-08,,,1.1285
1997-06-09,6.31,,1.1399
1997-06-10,6.32,,1.1316
1997-06-11,6.32,,1.1323
1997-06-12,6.21,,1.1267
1997-06-13,6.18,,1.1235
1997-06-14,,,1.1235
1997-06-15,,,1.1235
1997-06-16,6.15,,1.1287
1997-06-17,6.18,,1.1306
1997-06-18,6.17,,1.1274
1997-06-19,6.17,,1.133
1997-06-20,6.14,,1.1327
1997-06-21,,,1.1327
1997-06-22,,,1.1327
1997-06-23,6.17,,1.1413
1997-06-24,6.18,,1.1357
1997-06-25,6.19,,1.136
1997-06-26,6.24,,1.1352
1997-06-27,6.2,,1.1271
1997-06-28,,,1.1271
1997-06-29,,,1.1271
1997-06-30,6.25,,1.1262
1997-07-01,6.19,,1.1235
1997-07-02,6.17,,1.1218
1997-07-03,6.07,,1.1237
1997-07-04,,,1.1225
1997-07-05,,,1.1225
1997-07-06,,,1.1225
1997-07-07,6.04,,1.1221
1997-07-08,6.05,,1.1175
1997-07-09,6.02,,1.1175
1997-07-10,6.02,,1.1226
1997-07-11,6.01,,1.105
1997-07-12,,,1.105
1997-07-13,,,1.105
1997-07-14,6.05,,1.1006
1997-07-15,6.05,,1.1002
1997-07-16,5.99,,1.1012
1997-07-17,5.99,,1.1003
1997-07-18,6.02,,1.1004
1997-07-19,,,1.1004
1997-07-20,,,1.1004
1997-07-21,6.05,,1.099
1997-07-22,5.94,,1.0846
1997-07-23,5.95,,1.0848
1997-07-24,5.95,,1.0804
1997-07-25,5.97,,1.0761
1997-07-26,,,1.0761
1997-07-27,,,1.0761
1997-07-28,5.96,,1.0706
1997-07-29,5.88,,1.073
1997-07-30,5.85,,1.0732
1997-07-31,5.81,,1.0728
1997-08-01,5.99,,1.0603
1997-08-02,,,1.0603
1997-08-03,,,1.0603
1997-08-04,6.02,,1.058
1997-08-05,6.04,,1.05
1997-08-06,6.03,,1.0472
1997-08-07,6.05,,1.0528
1997-08-08,6.15,,1.0655
1997-08-09,,,1.0655
1997-08-10,,,1.0655
1997-08-11,6.13,,1.0562
1997-08-12,6.14,,1.0552
1997-08-13,6.09,,1.0695
1997-08-14,6.03,,1.066
1997-08-15,6.0,,1.081
1997-08-16,,,1.081
1997-08-17,,,1.081
1997-08-18,5.94,,1.0705
1997-08-19,5.97,,1.0693
1997-08-20,6.0,,1.06
1997-08-21,6.05,,1.071
1997-08-22,6.09,,1.0804
1997-08-23,,,1.0804
1997-08-24,,,1.0804
1997-08-25,6.12,,1.0792
1997-08-26,6.12,,1.0918
1997-08-27,6.13,,1.0885
1997-08-28,6.06,,1.0953
1997-08-29,6.1,,1.0873
1997-08-30,,,1.0873
1997-08-31,,,1.0873
1997-09-01,,,1.0833
1997-09-02,6.06,,1.0716
1997-09-03,6.07,,1.0774
1997-09-04,6.09,,1.0798
1997-09-05,6.09,,1.0878
1997-09-06,,,1.0878
1997-09-07,,,1.0878
1997-09-08,6.09,,1.0842
1997-09-09,6.09,,1.0821
1997-09-10,6.1,,1.0895
1997-09-11,6.11,,1.1014
1997-09-12,6.03,,1.1061
1997-09-13,,,1.1061
1997-09-14,,,1.1061
1997-09-15,6.02,,1.1109
1997-09-16,5.88,,1.1065
1997-09-17,5.88,,1.1059
1997-09-18,5.9,,1.102
1997-09-19,5.89,,1.1045
1997-09-20,,,1.1045
1997-09-21,,,1.1045
1997-09-22,5.86,,1.0963
1997-09-23,5.89,,1.095
1997-09-24,5.86,,1.1062
1997-09-25,5.93,,1.1135
1997-09-26,5.89,,1.1131
1997-09-27,,,1.1131
1997-09-28,,,1.1131
1997-09-29,5.88,,1.1115
1997-09-30,5.88,,1.112
1997-10-01,5.83,,1.1043
1997-10-02,5.8,,1.1056
1997-10-03,5.79,,1.1151
1997-10-04,,,1.1151
1997-10-05,,,1.1151
1997-10-06,5.75,,1.1143
1997-10-07,5.73,,1.1145
1997-10-08,5.85,,1.1202
1997-10-09,5.86,,1.1226
1997-10-10,5.92,,1.1186
1997-10-11,,,1.1186
1997-10-12,,,1.1186
1997-10-13,,,1.1205
1997-10-14,5.87,,1.1197
1997-10-15,5.9,,1.1229
1997-10-16,5.9,,1.1235
1997-10-17,5.98,,1.1105
1997-10-18,,,1.1105
1997-10-19,,,1.1105
1997-10-20,5.97,,1.1114
1997-10-21,5.98,,1.102
1997-10-22,5.97,,1.1043
1997-10-23,5.86,,1.1147
1997-10-24,5.86,,1.1098
1997-10-25,,,1.1098
1997-10-26,,,1.1098
1997-10-27,5.7,,1.1233
1997-10-28,5.8,,1.131
1997-10-29,5.74,,1.1405
1997-10-30,5.7,,1.1445
1997-10-31,5.7,,1.1425
1997-11-01,,,1.1425
1997-11-02,,,1.1425
1997-11-03,5.77,,1.1356
1997-11-04,5.77,,1.1448
1997-11-05,5.78,,1.1492
1997-11-06,5.76,,1.1456
1997-11-07,5.77,,1.1554
1997-11-08,,,1.1554
1997-11-09,,,1.1554
1997-11-10,5.78,,1.1575
1997-11-11,,,1.1555
1997-11-12,5.76,,1.1516
1997-11-13,5.75,,1.1453
1997-11-14,5.74,,1.144
1997-11-15,,,1.144
1997-11-16,,,1.144
1997-11-17,5.74,,1.1435
1997-11-18,5.74,,1.1445
1997-11-19,5.72,,1.143
1997-11-20,5.74,,1.14
1997-11-21,5.7,,1.14
1997-11-22,,,1.14
1997-11-23,,,1.14
1997-11-24,5.75,,1.1395
1997-11-25,5.75,,1.1316
1997-11-26,5.77,,1.124
1997-11-27,,,1.1214
1997-11-28,5.8,,1.1225
1997-11-29,,,1.1225
1997-11-30,,,1.1225
1997-12-01,5.8,,1.1153
1997-12-02,5.8,,1.1141
1997-12-03,5.77,,1.1182
1997-12-04,5.75,,1.1185
1997-12-05,5.83,,1.111
1997-12-06,,,1.111
1997-12-07,,,1.111
1997-12-08,5.87,,1.1067
1997-12-09,5.86,,1.1045
1997-12-10,5.79,,1.1072
1997-12-11,5.72,,1.123
1997-12-12,5.67,,1.1118
1997-12-13,,,1.1118
1997-12-14,,,1.1118
1997-12-15,5.7,,1.1102
1997-12-16,5.69,,1.1076
1997-12-17,5.72,,1.1123
1997-12-18,5.69,,1.1135
1997-12-19,5.67,,1.1135
1997-12-20,,,1.1135
1997-12-21,,,1.1135
1997-12-22,5.7,,1.11
1997-12-23,5.7,,1.1135
1997-12-24,5.71,,1.1146
1997-12-25,,,1.115
1997-12-26,5.72,,1.1147
1997-12-27,,,1.1147
1997-12-28,,,1.1147
1997-12-29,5.73,,1.1052
1997-12-30,5.75,,1.1051
1997-12-31,5.68,,1.0986
1998-01-01,,,1.0986
1998-01-02,5.62,,1.0955
1998-01-03,,,1.0955
1998-01-04,,,1.0955
1998-01-05,5.47,,1.083
1998-01-06,5.42,,1.0803
1998-01-07,5.45,,1.0831
1998-01-08,5.33,,1.0838
1998-01-09,5.2,,1.083
1998-01-10,,,1.083
1998-01-11,,,1.083
1998-01-12,5.21,,1.0835
1998-01-13,5.25,,1.0855
1998-01-14,5.3,,1.0838
1998-01-15,5.29,,1.0793
1998-01-16,5.35,,1.0779
1998-01-17,,,1.0779
1998-01-18,,,1.0779
1998-01-19,,,1.0767
1998-01-20,5.36,,1.0755
1998-01-21,5.34,,1.0843
1998-01-22,5.31,,1.0921
1998-01-23,5.44,,1.1078
1998-01-24,,,1.1078
1998-01-25,,,1.1078
1998-01-26,5.42,,1.0986
1998-01-27,5.5,,1.1017
1998-01-28,5.5,,1.0872
1998-01-29,5.39,,1.0794
1998-01-30,5.35,,1.0775
1998-01-31,,,1.0775
1998-02-01,,,1.0775
1998-02-02,5.38,,1.0855
1998-02-03,5.36,,1.0888
1998-02-04,5.35,,1.095
1998-02-05,5.39,,1.1027
1998-02-06,5.43,,1.0898
1998-02-07,,,1.0898
1998-02-08,,,1.0898
1998-02-09,5.46,,1.0841
1998-02-10,5.43,,1.0898
1998-02-11,5.4,,1.085
1998-02-12,5.4,,1.0915
1998-02-13,5.36,,1.0862
1998-02-14,,,1.0862
1998-02-15,,,1.0862
1998-02-16,,,1.0877
1998-02-17,5.34,,1.0827
1998-02-18,5.38,,1.0852
1998-02-19,5.4,,1.0883
1998-02-20,5.41,,1.086
1998-02-21,,,1.086
1998-02-22,,,1.086
1998-02-23,5.47,,1.0999
1998-02-24,5.6,,1.0992
1998-02-25,5.56,,1.0877
1998-02-26,5.58,,1.0889
1998-02-27,5.55,,1.0879
1998-02-28,,,1.0879
1998-03-01,,,1.0879
1998-03-02,5.61,,1.0901
1998-03-03,5.64,,1.0928
1998-03-04,5.64,,1.0879
1998-03-05,5.63,,1.0787
1998-03-06,5.59,,1.0795
1998-03-07,,,1.0795
1998-03-08,,,1.0795
1998-03-09,5.56,,1.0828
1998-03-10,5.56,,1.0825
1998-03-11,5.54,,1.0821
1998-03-12,5.49,,1.0845
1998-03-13,5.49,,1.0907
1998-03-14,,,1.0907
1998-03-15,,,1.0907
1998-03-16,5.47,,1.0901
1998-03-17,5.48,,1.0899
1998-03-18,5.51,,1.0862
1998-03-19,5.52,,1.084
1998-03-20,5.5,,1.0842
1998-03-21,,,1.0842
1998-03-22,,,1.0842
1998-03-23,5.52,,1.0887
1998-03-24,5.52,,1.0855
1998-03-25,5.59,,1.0862
1998-03-26,5.65,,1.0909
1998-03-27,5.66,,1.0875
1998-03-28,,,1.0875
1998-03-29,,,1.0875
1998-03-30,5.69,,1.076
1998-03-31,5.61,,1.0765
1998-04-01,5.58,,1.0732
1998-04-02,5.53,,1.0718
1998-04-03,5.42,,1.0742
1998-04-04,,,1.0742
1998-04-05,,,1.0742
1998-04-06,5.47,,1.0786
1998-04-07,5.48,,1.081
1998-04-08,5.51,,1.093
1998-04-09,5.52,,1.0865
1998-04-10,,,1.0877
1998-04-11,,,1.0877
1998-04-12,,,1.0877
1998-04-13,5.61,,1.0871
1998-04-14,5.58,,1.0992
1998-04-15,5.56,,1.0997
1998-04-16,5.53,,1.0987
1998-04-17,5.53,,1.0969
1998-04-18,,,1.0969
1998-04-19,,,1.0969
1998-04-20,5.57,,1.0998
1998-04-21,5.62,,1.1044
1998-04-22,5.62,,1.1018
1998-04-23,5.62,,1.0993
1998-04-24,5.62,,1.1026
1998-04-25,,,1.1026
1998-04-26,,,1.1026
1998-04-27,5.73,,1.1047
1998-04-28,5.73,,1.1013
1998-04-29,5.75,,1.1007
1998-04-30,5.62,,1.1015
1998-05-01,5.62,,1.1082
1998-05-02,,,1.1082
1998-05-03,,,1.1082
1998-05-04,5.62,,1.1101
1998-05-05,5.64,,1.115
1998-05-06,5.59,,1.1161
1998-05-07,5.6,,1.1138
1998-05-08,5.64,,1.1118
1998-05-09,,,1.1118
1998-05-10,,,1.1118
1998-05-11,5.7,,1.1073
1998-05-12,5.6,,1.108
1998-05-13,5.6,,1.105
1998-05-14,5.64,,1.1067
1998-05-15,5.64,,1.1025
1998-05-16,,,1.1025
1998-05-17,,,1.1025
1998-05-18,5.59,,1.1024
1998-05-19,5.6,,1.1042
1998-05-20,5.57,,1.1112
1998-05-21,5.63,,1.1177
1998-05-22,5.63,,1.1195
1998-05-23,,,1.1195
1998-05-24,,,1.1195
1998-05-25,,,1.1135
1998-05-26,5.59,,1.1118
1998-05-27,5.54,,1.1044
1998-05-28,5.57,,1.1065
1998-05-29,5.54,,1.1024
1998-05-30,,,1.1024
1998-05-31,,,1.1024
1998-06-01,5.51,,1.1074
1998-06-02,5.53,,1.1065
1998-06-03,5.56,,1.113
1998-06-04,5.58,,1.113
1998-06-05,5.59,,1.11
1998-06-06,,,1.11
1998-06-07,,,1.11
1998-06-08,5.59,,1.107
1998-06-09,5.6,,1.1073
1998-06-10,5.54,,1.0975
1998-06-11,5.44,,1.0894
1998-06-12,5.43,,1.0932
1998-06-13,,,1.0932
1998-06-14,,,1.0932
1998-06-15,5.41,,1.0908
1998-06-16,5.47,,1.098
1998-06-17,5.54,,1.1059
1998-06-18,5.53,,1.1029
1998-06-19,5.5,,1.1057
1998-06-20,,,1.1057
1998-06-21,,,1.1057
1998-06-22,5.5,,1.102
1998-06-23,5.51,,1.0979
1998-06-24,5.51,,1.0983
1998-06-25,5.53,,1.1009
1998-06-26,5.53,,1.0937
1998-06-27,,,1.0937
1998-06-28,,,1.0937
1998-06-29,5.52,,1.0937
1998-06-30,5.49,,1.0947
1998-07-01,5.47,,1.089
1998-07-02,5.46,,1.0879
1998-07-03,,,1.0875
1998-07-04,,,1.0875
1998-07-05,,,1.0875
1998-07-06,5.43,,1.0915
1998-07-07,5.46,,1.0892
1998-07-08,5.46,,1.0876
1998-07-09,5.42,,1.0828
1998-07-10,5.42,,1.0883
1998-07-11,,,1.0883
1998-07-12,,,1.0883
1998-07-13,5.46,,1.098
1998-07-14,5.48,,1.0959
1998-07-15,5.47,,1.0978
1998-07-16,5.49,,1.1052
1998-07-17,5.48,,1.1045
1998-07-18,,,1.1045
1998-07-19,,,1.1045
1998-07-20,5.47,,1.1074
1998-07-21,5.47,,1.1047
1998-07-22,5.48,,1.1032
1998-07-23,5.47,,1.1039
1998-07-24,5.47,,1.1091
1998-07-25,,,1.1091
1998-07-26,,,1.1091
1998-07-27,5.47,,1.1048
1998-07-28,5.47,,1.1138
1998-07-29,5.49,,1.112
1998-07-30,5.49,,1.1058
1998-07-31,5.48,,1.109
1998-08-01,,,1.109
1998-08-02,,,1.109
1998-08-03,5.44,,1.103
1998-08-04,5.42,,1.1115
1998-08-05,5.38,,1.1118
1998-08-06,5.38,,1.1106
1998-08-07,5.33,,1.1083
1998-08-08,,,1.1083
1998-08-09,,,1.1083
1998-08-10,5.35,,1.1075
1998-08-11,5.3,,1.1058
1998-08-12,5.29,,1.1099
1998-08-13,5.32,,1.1046
1998-08-14,5.3,,1.0944
1998-08-15,,,1.0944
1998-08-16,,,1.0944
1998-08-17,5.27,,1.0977
1998-08-18,5.3,,1.0939
1998-08-19,5.33,,1.0963
1998-08-20,5.3,,1.0966
1998-08-21,5.23,,1.0979
1998-08-22,,,1.0979
1998-08-23,,,1.0979
1998-08-24,5.18,,1.0988
1998-08-25,5.14,,1.0972
1998-08-26,5.09,,1.0931
1998-08-27,4.93,,1.098
1998-08-28,4.89,,1.1162
1998-08-29,,,1.1162
1998-08-30,,,1.1162
1998-08-31,4.85,,1.1297
1998-09-01,4.83,,1.1252
1998-09-02,4.88,,1.1273
1998-09-03,4.82,,1.1392
1998-09-04,4.84,,1.1376
1998-09-05,,,1.1376
1998-09-06,,,1.1376
1998-09-07,,,1.1409
1998-09-08,4.81,,1.1347
1998-09-09,4.7,,1.144
1998-09-10,4.51,,1.1662
1998-09-11,4.65,,1.1582
1998-09-12,,,1.1582
1998-09-13,,,1.1582
1998-09-14,4.65,,1.1583
1998-09-15,4.69,,1.16
1998-09-16,4.71,,1.1604
1998-09-17,4.63,,1.159
1998-09-18,4.56,,1.1622
1998-09-19,,,1.1622
1998-09-20,,,1.1622
1998-09-21,4.58,,1.1614
1998-09-22,4.62,,1.1674
1998-09-23,4.52,,1.169
1998-09-24,4.43,,1.1734
1998-09-25,4.41,,1.1713
1998-09-26,,,1.1713
1998-09-27,,,1.1713
1998-09-28,4.42,,1.1743
1998-09-29,4.41,,1.1774
1998-09-30,4.26,,1.179
1998-10-01,4.1,,1.1922
1998-10-02,4.13,,1.1952
1998-10-03,,,1.1952
1998-10-04,,,1.1952
1998-10-05,4.02,,1.2048
1998-10-06,4.1,,1.2082
1998-10-07,4.13,,1.2172
1998-10-08,4.24,,1.224
1998-10-09,4.39,,1.211
1998-10-10,,,1.211
1998-10-11,,,1.211
1998-10-12,,,1.1975
1998-10-13,4.33,,1.204
1998-10-14,4.25,,1.1994
1998-10-15,4.27,,1.2059
1998-10-16,4.04,,1.2162
1998-10-17,,,1.2162
1998-10-18,,,1.2162
1998-10-19,4.04,,1.2035
1998-10-20,4.12,,1.2018
1998-10-21,4.17,,1.1954
1998-10-22,4.18,,1.2006
1998-10-23,4.24,,1.201
1998-10-24,,,1.201
1998-10-25,,,1.201
1998-10-26,4.3,,1.187
1998-10-27,4.2,,1.1884
1998-10-28,4.15,,1.1878
1998-10-29,4.12,,1.19
1998-10-30,4.24,,1.1882
1998-10-31,,,1.1882
1998-11-01,,,1.1882
1998-11-02,4.39,,1.1865
1998-11-03,4.37,,1.1816
1998-11-04,4.53,,1.1768
1998-11-05,4.55,,1.1812
1998-11-06,4.65,,1.174
1998-11-07,,,1.174
1998-11-08,,,1.174
1998-11-09,4.63,,1.1645
1998-11-10,4.57,,1.1685
1998-11-11,,,1.1723
1998-11-12,4.52,,1.1666
1998-11-13,4.56,,1.167
1998-11-14,,,1.167
1998-11-15,,,1.167
1998-11-16,4.57,,1.1795
1998-11-17,4.58,,1.1779
1998-11-18,4.61,,1.1732
1998-11-19,4.64,,1.1665
1998-11-20,4.62,,1.1612
1998-11-21,,,1.1612
1998-11-22,,,1.1612
1998-11-23,4.61,,1.1545
1998-11-24,4.66,,1.1554
1998-11-25,4.64,,1.1545
1998-11-26,,,1.1538
1998-11-27,4.63,,1.1484
1998-11-28,,,1.1484
1998-11-29,,,1.1484
1998-11-30,4.54,,1.1597
1998-12-01,4.44,,1.1653
1998-12-02,4.34,,1.1731
1998-12-03,4.33,,1.175
1998-12-04,4.43,,1.1711
1998-12-05,,,1.1711
1998-12-06,,,1.1711
1998-12-07,4.51,,1.1679
1998-12-08,4.43,,1.176
1998-12-09,4.4,,1.1751
1998-12-10,4.37,,1.188
1998-12-11,4.42,,1.1901
1998-12-12,,,1.1901
1998-12-13,,,1.1901
1998-12-14,4.39,,1.1908
1998-12-15,4.44,,1.1827
1998-12-16,4.38,,1.1778
1998-12-17,4.39,,1.1777
1998-12-18,4.43,,1.1792
1998-12-19,,,1.1792
1998-12-20,,,1.1792
1998-12-21,4.52,,1.1756
1998-12-22,4.56,,1.1749
1998-12-23,4.71,,1.1722
1998-12-24,4.76,,1.1668
1998-12-25,,,1.1668
1998-12-26,,,1.1668
1998-12-27,,,1.1668
1998-12-28,4.71,,1.1711
1998-12-29,4.6,,1.1736
1998-12-30,4.55,,1.1676
1998-12-31,4.55,,1.1721
1999-01-01,,,1.1721
1999-01-02,,,1.1721
1999-01-03,,,1.1721
1999-01-04,4.57,3.2,1.1825
1999-01-05,4.64,3.2,1.1761
1999-01-06,4.62,3.21,1.1615
1999-01-07,4.63,3.21,1.1706
1999-01-08,4.71,3.21,1.157
1999-01-09,,,1.157
1999-01-10,,,1.157
1999-01-11,4.75,3.2,1.15
1999-01-12,4.68,3.19,1.1569
1999-01-13,4.61,3.18,1.1668
1999-01-14,4.48,3.16,1.1695
1999-01-15,4.55,3.1,1.1555
1999-01-16,,,1.1555
1999-01-17,,,1.1555
1999-01-18,,3.02,1.1615
1999-01-19,4.62,2.98,1.1606
1999-01-20,4.66,3.01,1.156
1999-01-21,4.62,3.03,1.1595
1999-01-22,4.58,3.07,1.1585
1999-01-23,,,1.1585
1999-01-24,,,1.1585
1999-01-25,4.58,3.14,1.1548
1999-01-26,4.61,3.22,1.1556
1999-01-27,4.57,3.13,1.1438
1999-01-28,4.57,3.12,1.1417
1999-01-29,4.57,3.16,1.1363
1999-01-30,,,1.1363
1999-01-31,,,1.1363
1999-02-01,4.65,3.17,1.1302
1999-02-02,4.7,3.18,1.1348
1999-02-03,4.73,3.18,1.1303
1999-02-04,4.8,3.17,1.1334
1999-02-05,4.85,3.15,1.1265
1999-02-06,,,1.1265
1999-02-07,,,1.1265
1999-02-08,4.84,3.15,1.1321
1999-02-09,4.78,3.13,1.1304
1999-02-10,4.78,3.12,1.1325
1999-02-11,4.82,3.1,1.1209
1999-02-12,4.94,3.08,1.1304
1999-02-13,,,1.1304
1999-02-14,,,1.1304
1999-02-15,,3.06,1.1222
1999-02-16,4.95,3.04,1.12
1999-02-17,4.91,3.03,1.1244
1999-02-18,4.95,3.02,1.1198
1999-02-19,4.97,3.03,1.1074
1999-02-20,,,1.1074
1999-02-21,,,1.1074
1999-02-22,4.94,3.05,1.1032
1999-02-23,5.04,3.34,1.1006
1999-02-24,5.09,3.13,1.0998
1999-02-25,5.21,3.11,1.104
1999-02-26,5.16,3.12,1.1023
1999-02-27,,,1.1023
1999-02-28,,,1.1023
1999-03-01,5.28,3.12,1.0885
1999-03-02,5.24,3.11,1.0932
1999-03-03,5.24,3.08,1.088
1999-03-04,5.27,3.06,1.0807
1999-03-05,5.21,3.04,1.0831
1999-03-06,,,1.0831
1999-03-07,,,1.0831
1999-03-08,5.18,3.03,1.088
1999-03-09,5.08,3.03,1.0885
1999-03-10,5.09,3.02,1.0942
1999-03-11,5.11,2.99,1.1028
1999-03-12,5.06,2.92,1.0907
1999-03-13,,,1.0907
1999-03-14,,,1.0907
1999-03-15,5.03,2.9,1.094
1999-03-16,5.01,2.9,1.0985
1999-03-17,5.05,2.98,1.0999
1999-03-18,5.0,2.95,1.0975
1999-03-19,5.05,2.65,1.0897
1999-03-20,,,1.0897
1999-03-21,,,1.0897
1999-03-22,5.1,2.19,1.0905
1999-03-23,5.09,2.39,1.091
1999-03-24,5.04,2.98,1.088
1999-03-25,5.07,2.99,1.083
1999-03-26,5.05,2.99,1.0766
1999-03-27,,,1.0766
1999-03-28,,,1.0766
1999-03-29,5.08,2.99,1.073
1999-03-30,5.03,2.98,1.0718
1999-03-31,5.07,2.99,1.0765
1999-04-01,5.08,2.98,1.0793
1999-04-02,5.03,2.96,1.0793
1999-04-03,,,1.0793
1999-04-04,,,1.0793
1999-04-05,5.02,2.97,1.0714
1999-04-06,4.98,2.98,1.0833
1999-04-07,5.01,3.08,1.0767
1999-04-08,4.89,3.11,1.0758
1999-04-09,4.91,2.81,1.0804
1999-04-10,,,1.0804
1999-04-11,,,1.0804
1999-04-12,4.95,2.77,1.0805
1999-04-13,4.97,2.73,1.078
1999-04-14,4.98,2.6,1.0801
1999-04-15,5.05,2.58,1.07
1999-04-16,5.08,2.55,1.0709
1999-04-17,,,1.0709
1999-04-18,,,1.0709
1999-04-19,5.04,2.51,1.0665
1999-04-20,5.03,2.47,1.0626
1999-04-21,5.03,2.47,1.0587
1999-04-22,5.09,2.47,1.0648
1999-04-23,5.09,2.93,1.06
1999-04-24,,,1.06
1999-04-25,,,1.06
1999-04-26,5.12,2.53,1.0591
1999-04-27,5.07,2.53,1.0662
1999-04-28,5.1,2.52,1.0625
1999-04-29,5.02,2.52,1.0612
1999-04-30,5.17,2.53,1.0565
1999-05-01,,,1.0565
1999-05-02,,,1.0565
1999-05-03,5.16,2.52,1.0563
1999-05-04,5.2,2.51,1.0632
1999-05-05,5.16,2.51,1.076
1999-05-06,5.26,2.51,1.0783
1999-05-07,5.27,2.51,1.0754
1999-05-08,,,1.0754
1999-05-09,,,1.0754
1999-05-10,5.24,2.51,1.0781
1999-05-11,5.27,2.51,1.0706
1999-05-12,5.27,2.51,1.0645
1999-05-13,5.19,2.51,1.0653
1999-05-14,5.38,2.51,1.0655
1999-05-15,,,1.0655
1999-05-16,,,1.0655
1999-05-17,5.4,2.52,1.066
1999-05-18,5.46,2.53,1.0678
1999-05-19,5.44,2.64,1.0661
1999-05-20,5.43,3.02,1.062
1999-05-21,5.37,2.61,1.0588
1999-05-22,,,1.0588
1999-05-23,,,1.0588
1999-05-24,5.35,2.54,1.06
1999-05-25,5.37,2.54,1.0615
1999-05-26,5.41,2.52,1.0435
1999-05-27,5.52,2.51,1.0426
1999-05-28,5.51,2.51,1.0428
1999-05-29,,,1.0428
1999-05-30,,,1.0428
1999-05-31,,2.52,1.042
1999-06-01,5.63,2.52,1.045
1999-06-02,5.64,2.53,1.0357
1999-06-03,5.62,2.54,1.0321
1999-06-04,5.64,2.54,1.0373
1999-06-05,,,1.0373
1999-06-06,,,1.0373
1999-06-07,5.64,2.54,1.03
1999-06-08,5.65,2.54,1.0463
1999-06-09,5.69,2.54,1.0465
1999-06-10,5.74,2.54,1.048
1999-06-11,5.78,2.55,1.0515
1999-06-12,,,1.0515
1999-06-13,,,1.0515
1999-06-14,5.75,2.55,1.042
1999-06-15,5.74,2.55,1.0422
1999-06-16,5.69,2.56,1.0305
1999-06-17,5.56,2.58,1.0345
1999-06-18,5.63,2.6,1.039
1999-06-19,,,1.039
1999-06-20,,,1.039
1999-06-21,5.68,2.67,1.0347
1999-06-22,5.73,2.66,1.0323
1999-06-23,5.79,2.23,1.0333
1999-06-24,5.84,2.55,1.04
1999-06-25,5.81,2.58,1.0428
1999-06-26,,,1.0428
1999-06-27,,,1.0428
1999-06-28,5.75,2.6,1.0333
1999-06-29,5.75,2.66,1.0322
1999-06-30,5.59,2.76,1.0352
1999-07-01,5.65,2.6,1.023
1999-07-02,5.65,2.58,1.0245
1999-07-03,,,1.0245
1999-07-04,,,1.0245
1999-07-05,,2.57,1.022
1999-07-06,5.73,2.56,1.0236
1999-07-07,5.74,2.54,1.0216
1999-07-08,5.66,2.54,1.0216
1999-07-09,5.68,2.54,1.0195
1999-07-10,,,1.0195
1999-07-11,,,1.0195
1999-07-12,5.56,2.54,1.0144
1999-07-13,5.57,2.55,1.016
1999-07-14,5.59,2.56,1.0201
1999-07-15,5.59,2.59,1.0187
1999-07-16,5.53,2.62,1.0199
1999-07-17,,,1.0199
1999-07-18,,,1.0199
1999-07-19,5.51,2.63,1.031
1999-07-20,5.48,2.63,1.0409
1999-07-21,5.51,2.6,1.0527
1999-07-22,5.62,2.04,1.0504
1999-07-23,5.65,1.87,1.051
1999-07-24,,,1.051
1999-07-25,,,1.051
1999-07-26,5.68,2.57,1.0654
1999-07-27,5.61,2.59,1.063
1999-07-28,5.59,2.58,1.0662
1999-07-29,5.68,2.58,1.0722
1999-07-30,5.7,2.58,1.0705
1999-07-31,,,1.0705
1999-08-01,,,1.0705
1999-08-02,5.76,2.58,1.068
1999-08-03,5.75,2.55,1.0675
1999-08-04,5.73,2.54,1.0772
1999-08-05,5.64,2.53,1.0755
1999-08-06,5.79,2.53,1.0731
1999-08-07,,,1.0731
1999-08-08,,,1.0731
1999-08-09,5.89,2.53,1.0721
1999-08-10,5.9,2.54,1.0703
1999-08-11,5.86,2.55,1.0653
1999-08-12,5.89,2.56,1.0676
1999-08-13,5.81,2.57,1.0558
1999-08-14,,,1.0558
1999-08-15,,,1.0558
1999-08-16,5.82,2.57,1.058
1999-08-17,5.75,2.55,1.0505
1999-08-18,5.74,2.16,1.0516
1999-08-19,5.74,1.85,1.0641
1999-08-20,5.72,1.94,1.0674
1999-08-21,,,1.0674
1999-08-22,,,1.0674
1999-08-23,5.73,1.86,1.0487
1999-08-24,5.71,2.55,1.0543
1999-08-25,5.61,2.56,1.042
1999-08-26,5.65,2.56,1.0456
1999-08-27,5.74,2.55,1.0463
1999-08-28,,,1.0463
1999-08-29,,,1.0463
1999-08-30,5.81,2.55,1.0483
1999-08-31,5.82,2.56,1.0562
1999-09-01,5.82,2.56,1.0581
1999-09-02,5.83,2.55,1.0686
1999-09-03,5.72,2.54,1.061
1999-09-04,,,1.061
1999-09-05,,,1.061
1999-09-06,,2.53,1.058
1999-09-07,5.78,2.52,1.0587
1999-09-08,5.77,2.52,1.0598
1999-09-09,5.81,2.51,1.054
1999-09-10,5.75,2.51,1.0359
1999-09-11,,,1.0359
1999-09-12,,,1.0359
1999-09-13,5.76,2.51,1.0423
1999-09-14,5.82,2.51,1.0355
1999-09-15,5.79,2.51,1.0406
1999-09-16,5.7,2.51,1.0385
1999-09-17,5.74,2.46,1.0422
1999-09-18,,,1.0422
1999-09-19,,,1.0422
1999-09-20,5.75,2.05,1.0353
1999-09-21,5.76,2.38,1.0491
1999-09-22,5.74,1.92,1.0438
1999-09-23,5.7,1.74,1.0503
1999-09-24,5.6,2.52,1.0437
1999-09-25,,,1.0437
1999-09-26,,,1.0437
1999-09-27,5.67,2.52,1.046
1999-09-28,5.7,2.52,1.0522
1999-09-29,5.75,2.52,1.0639
1999-09-30,5.7,2.63,1.0682
1999-10-01,5.83,2.57,1.0718
1999-10-02,,,1.0718
1999-10-03,,,1.0718
1999-10-04,5.79,2.6,1.0734
1999-10-05,5.87,2.62,1.0736
1999-10-06,5.89,2.64,1.0688
1999-10-07,5.91,2.66,1.0711
1999-10-08,5.87,2.53,1.0632
1999-10-09,,,1.0632
1999-10-10,,,1.0632
1999-10-11,,2.53,1.0631
1999-10-12,5.89,2.55,1.077
1999-10-13,5.93,2.58,1.0806
1999-10-14,5.97,2.6,1.0773
1999-10-15,5.89,2.6,1.0884
1999-10-16,,,1.0884
1999-10-17,,,1.0884
1999-10-18,5.92,2.56,1.0814
1999-10-19,5.99,2.11,1.0824
1999-10-20,6.02,2.09,1.0747
1999-10-21,6.02,1.93,1.0798
1999-10-22,6.02,1.76,1.0683
1999-10-23,,,1.0683
1999-10-24,,,1.0683
1999-10-25,6.06,2.59,1.0675
1999-10-26,6.09,2.8,1.0593
1999-10-27,6.04,2.77,1.0517
1999-10-28,5.95,2.65,1.0521
1999-10-29,5.9,2.8,1.0548
1999-10-30,,,1.0548
1999-10-31,,,1.0548
1999-11-01,5.93,2.78,1.0512
1999-11-02,5.93,2.87,1.0518
1999-11-03,5.88,2.98,1.0483
1999-11-04,5.82,2.91,1.0376
1999-11-05,5.8,2.95,1.0413
1999-11-06,,,1.0413
1999-11-07,,,1.0413
1999-11-08,5.83,2.91,1.0386
1999-11-09,5.81,2.91,1.0403
1999-11-10,5.84,2.91,1.0446
1999-11-11,,2.92,1.0408
1999-11-12,5.82,2.97,1.0317
1999-11-13,,,1.0317
1999-11-14,,,1.0317
1999-11-15,5.83,3.01,1.0329
1999-11-16,5.88,3.01,1.0295
1999-11-17,5.94,2.9,1.0409
1999-11-18,5.94,2.66,1.0295
1999-11-19,5.97,2.74,1.0304
1999-11-20,,,1.0304
1999-11-21,,,1.0304
1999-11-22,5.98,2.72,1.0317
1999-11-23,5.99,3.11,1.0281
1999-11-24,6.0,3.04,1.0186
1999-11-25,,3.05,1.0185
1999-11-26,6.03,3.04,1.0164
1999-11-27,,,1.0164
1999-11-28,,,1.0164
1999-11-29,6.1,3.04,1.0093
1999-11-30,6.05,3.15,1.0089
1999-12-01,6.11,3.07,1.0076
1999-12-02,6.1,3.05,1.0008
1999-12-03,6.03,3.04,1.0022
1999-12-04,,,1.0022
1999-12-05,,,1.0022
1999-12-06,6.04,3.04,1.0228
1999-12-07,6.01,3.07,1.0252
1999-12-08,6.02,3.04,1.0271
1999-12-09,5.99,3.02,1.0206
1999-12-10,5.95,3.0,1.0125
1999-12-11,,,1.0125
1999-12-12,,,1.0125
1999-12-13,5.99,2.97,1.0136
1999-12-14,6.1,2.97,1.0057
1999-12-15,6.12,3.02,1.0071
1999-12-16,6.18,3.04,1.0161
1999-12-17,6.17,3.04,1.0079
1999-12-18,,,1.0079
1999-12-19,,,1.0079
1999-12-20,6.23,2.98,1.013
1999-12-21,6.25,2.86,1.0094
1999-12-22,6.27,2.82,1.0094
1999-12-23,6.27,2.91,1.0159
1999-12-24,,3.07,1.0128
1999-12-25,,,1.0128
1999-12-26,,,1.0128
1999-12-27,6.26,3.07,1.0125
1999-12-28,6.28,3.05,1.0069
1999-12-29,6.25,3.04,1.0043
1999-12-30,6.23,3.75,1.008
1999-12-31,6.29,,1.007
2000-01-01,,,1.007
2000-01-02,,,1.007
2000-01-03,6.42,3.06,1.0262
2000-01-04,6.34,3.01,1.0308
2000-01-05,6.43,2.99,1.0314
2000-01-06,6.39,2.92,1.0319
2000-01-07,6.35,2.89,1.0289
2000-01-08,,,1.0289
2000-01-09,,,1.0289
2000-01-10,6.42,2.98,1.0253
2000-01-11,6.49,3.01,1.0332
2000-01-12,6.53,3.07,1.031
2000-01-13,6.45,3.04,1.0252
2000-01-14,6.49,3.03,1.0125
2000-01-15,,,1.0125
2000-01-16,,,1.0125
2000-01-17,,3.02,1.0115
2000-01-18,6.53,2.98,1.0128
2000-01-19,6.51,2.85,1.0119
2000-01-20,6.55,2.95,1.0172
2000-01-21,6.54,3.15,1.0089
2000-01-22,,,1.0089
2000-01-23,,,1.0089
2000-01-24,6.48,3.11,1.0075
2000-01-25,6.5,3.09,1.0003
2000-01-26,6.51,3.06,1.0009
2000-01-27,6.58,3.1,0.9881
2000-01-28,6.62,3.3,0.9745
2000-01-29,,,0.9745
2000-01-30,,,0.9745
2000-01-31,6.65,3.29,0.9693
2000-02-01,6.63,3.26,0.9721
2000-02-02,6.66,3.18,0.9762
2000-02-03,6.56,3.19,0.99
2000-02-04,6.64,3.26,0.9825
2000-02-05,,,0.9825
2000-02-06,,,0.9825
2000-02-07,6.72,3.25,0.9808
2000-02-08,6.74,3.25,0.9854
2000-02-09,6.75,3.24,0.9938
2000-02-10,6.74,3.24,0.985
2000-02-11,6.73,3.25,0.9864
2000-02-12,,,0.9864
2000-02-13,,,0.9864
2000-02-14,6.68,3.25,0.9785
2000-02-15,6.72,3.25,0.9812
2000-02-16,6.7,3.25,0.9866
2000-02-17,6.72,3.23,0.9877
2000-02-18,6.71,3.2,0.9862
2000-02-19,,,0.9862
2000-02-20,,,0.9862
2000-02-21,,3.2,0.9872
2000-02-22,6.62,3.22,1.0038
2000-02-23,6.63,3.48,1.0028
2000-02-24,6.54,3.41,0.9929
2000-02-25,6.48,3.34,0.9742
2000-02-26,,,0.9742
2000-02-27,,,0.9742
2000-02-28,6.5,3.37,0.9717
2000-02-29,6.58,3.47,0.9646
2000-03-01,6.54,3.37,0.9734
2000-03-02,6.58,3.33,0.9642
2000-03-03,6.56,3.28,0.9597
2000-03-04,,,0.9597
2000-03-05,,,0.9597
2000-03-06,6.62,3.29,0.9592
2000-03-07,6.55,3.31,0.9596
2000-03-08,6.54,3.35,0.9605
2000-03-09,6.52,3.47,0.9662
2000-03-10,6.58,3.52,0.9628
2000-03-11,,,0.9628
2000-03-12,,,0.9628
2000-03-13,6.54,3.54,0.9645
2000-03-14,6.5,3.53,0.968
2000-03-15,6.5,3.5,0.9672
2000-03-16,6.49,3.49,0.9713
2000-03-17,6.49,3.49,0.972
2000-03-18,,,0.972
2000-03-19,,,0.972
2000-03-20,6.5,3.48,0.973
2000-03-21,6.48,3.49,0.9639
2000-03-22,6.47,3.58,0.961
2000-03-23,6.47,3.86,0.9716
2000-03-24,6.59,3.59,0.9769
2000-03-25,,,0.9769
2000-03-26,,,0.9769
2000-03-27,6.61,3.6,0.9665
2000-03-28,6.57,3.6,0.9603
2000-03-29,6.54,3.62,0.9514
2000-03-30,6.47,3.7,0.9609
2000-03-31,6.44,3.75,0.956
2000-04-01,,,0.956
2000-04-02,,,0.956
2000-04-03,6.41,3.6,0.9548
2000-04-04,6.29,3.6,0.9602
2000-04-05,6.29,3.58,0.9621
2000-04-06,6.32,3.58,0.9577
2000-04-07,6.33,3.58,0.9547
2000-04-08,,,0.9547
2000-04-09,,,0.9547
2000-04-10,6.26,3.59,0.9624
2000-04-11,6.31,3.64,0.9589
2000-04-12,6.35,3.72,0.9586
2000-04-13,6.34,3.68,0.9523
2000-04-14,6.21,3.61,0.9619
2000-04-15,,,0.9619
2000-04-16,,,0.9619
2000-04-17,6.29,3.66,0.9522
2000-04-18,6.3,3.83,0.9457
2000-04-19,6.29,3.83,0.9403
2000-04-20,6.33,3.35,0.9377
2000-04-21,,,0.9381
2000-04-22,,,0.9381
2000-04-23,,,0.9381
2000-04-24,6.31,,0.9383
2000-04-25,6.45,3.81,0.9208
2000-04-26,6.46,3.91,0.9236
2000-04-27,6.59,3.83,0.9097
2000-04-28,6.64,3.93,0.912
2000-04-29,,,0.912
2000-04-30,,,0.912
2000-05-01,6.68,,0.9157
2000-05-02,6.68,3.9,0.9098
2000-05-03,6.71,3.91,0.8956
2000-05-04,6.74,3.96,0.8907
2000-05-05,6.81,4.03,0.8967
2000-05-06,,,0.8967
2000-05-07,,,0.8967
2000-05-08,6.86,4.01,0.8973
2000-05-09,6.82,3.99,0.9073
2000-05-10,6.79,3.98,0.9065
2000-05-11,6.78,3.93,0.9013
2000-05-12,6.86,3.9,0.9197
2000-05-13,,,0.9197
2000-05-14,,,0.9197
2000-05-15,6.82,3.94,0.9115
2000-05-16,6.84,3.98,0.9002
2000-05-17,6.84,4.08,0.8951
2000-05-18,6.88,4.02,0.8944
2000-05-19,6.8,3.79,0.8972
2000-05-20,,,0.8972
2000-05-21,,,0.8972
2000-05-22,6.75,3.49,0.9027
2000-05-23,6.77,2.9,0.9074
2000-05-24,6.76,4.06,0.903
2000-05-25,6.69,4.03,0.9125
2000-05-26,6.65,4.02,0.931
2000-05-27,,,0.931
2000-05-28,,,0.931
2000-05-29,,4.04,0.9264
2000-05-30,6.7,4.08,0.9298
2000-05-31,6.66,4.2,0.9377
2000-06-01,6.56,4.16,0.9313
2000-06-02,6.48,4.16,0.9463
2000-06-03,,,0.9463
2000-06-04,,,0.9463
2000-06-05,6.44,4.16,0.9477
2000-06-06,6.46,4.13,0.9543
2000-06-07,6.47,4.06,0.9615
2000-06-08,6.5,4.15,0.9559
2000-06-09,6.5,4.33,0.9529
2000-06-10,,,0.9529
2000-06-11,,,0.9529
2000-06-12,6.47,4.36,0.9532
2000-06-13,6.44,4.35,0.959
2000-06-14,6.38,4.31,0.9577
2000-06-15,6.39,4.26,0.9542
2000-06-16,6.32,4.24,0.9646
2000-06-17,,,0.9646
2000-06-18,,,0.9646
2000-06-19,6.34,4.21,0.9567
2000-06-20,6.37,4.22,0.9543
2000-06-21,6.45,4.38,0.9442
2000-06-22,6.45,4.16,0.9357
2000-06-23,6.49,4.51,0.9357
2000-06-24,,,0.9357
2000-06-25,,,0.9357
2000-06-26,6.43,4.44,0.9365
2000-06-27,6.43,4.43,0.9457
2000-06-28,6.38,4.38,0.9412
2000-06-29,6.32,4.33,0.9517
2000-06-30,6.31,4.75,0.9523
2000-07-01,,,0.9523
2000-07-02,,,0.9523
2000-07-03,6.24,4.33,0.9502
2000-07-04,,4.32,0.9507
2000-07-05,6.23,4.32,0.9529
2000-07-06,6.28,4.32,0.9505
2000-07-07,6.23,4.31,0.9482
2000-07-08,,,0.9482
2000-07-09,,,0.9482
2000-07-10,6.24,4.31,0.9551
2000-07-11,6.26,4.31,0.9522
2000-07-12,6.29,4.31,0.9421
2000-07-13,6.24,4.3,0.937
2000-07-14,6.35,4.31,0.9381
2000-07-15,,,0.9381
2000-07-16,,,0.9381
2000-07-17,6.4,4.31,0.9364
2000-07-18,6.39,4.32,0.924
2000-07-19,6.4,4.34,0.9242
2000-07-20,6.25,4.22,0.9328
2000-07-21,6.25,3.98,0.9368
2000-07-22,,,0.9368
2000-07-23,,,0.9368
2000-07-24,6.28,4.36,0.9335
2000-07-25,6.28,4.35,0.9382
2000-07-26,6.24,4.33,0.9431
2000-07-27,6.21,4.33,0.9317
2000-07-28,6.24,4.35,0.923
2000-07-29,,,0.923
2000-07-30,,,0.923
2000-07-31,6.24,4.45,0.9259
2000-08-01,6.2,4.33,0.9139
2000-08-02,6.18,4.33,0.913
2000-08-03,6.16,4.33,0.9066
2000-08-04,6.1,4.33,0.9078
2000-08-05,,,0.9078
2000-08-06,,,0.9078
2000-08-07,6.16,4.33,0.9073
2000-08-08,6.13,4.33,0.9019
2000-08-09,6.14,4.33,0.9012
2000-08-10,6.11,4.33,0.9078
2000-08-11,6.19,4.35,0.9022
2000-08-12,,,0.9022
2000-08-13,,,0.9022
2000-08-14,6.2,4.39,0.9055
2000-08-15,6.24,4.39,0.9125
2000-08-16,6.26,4.38,0.9158
2000-08-17,6.26,4.35,0.9162
2000-08-18,6.22,4.27,0.9063
2000-08-19,,,0.9063
2000-08-20,,,0.9063
2000-08-21,6.23,4.26,0.9018
2000-08-22,6.21,4.35,0.8969
2000-08-23,6.16,4.08,0.9009
2000-08-24,6.12,4.55,0.9017
2000-08-25,6.12,4.73,0.902
2000-08-26,,,0.902
2000-08-27,,,0.902
2000-08-28,6.15,4.76,0.8998
2000-08-29,6.21,4.74,0.8922
2000-08-30,6.17,4.7,0.8943
2000-08-31,6.09,4.7,0.8886
2000-09-01,6.01,4.6,0.8995
2000-09-02,,,0.8995
2000-09-03,,,0.8995
2000-09-04,,4.59,0.8975
2000-09-05,6.01,4.6,0.8896
2000-09-06,6.03,4.61,0.8696
2000-09-07,6.06,4.64,0.8718
2000-09-08,6.03,4.64,0.866
2000-09-09,,,0.866
2000-09-10,,,0.866
2000-09-11,6.05,4.63,0.8579
2000-09-12,6.06,4.61,0.8635
2000-09-13,6.02,4.58,0.8593
2000-09-14,6.03,4.54,0.8642
2000-09-15,6.01,4.53,0.8532
2000-09-16,,,0.8532
2000-09-17,,,0.8532
2000-09-18,5.99,4.54,0.8533
2000-09-19,5.99,4.54,0.851
2000-09-20,6.06,4.54,0.849
2000-09-21,6.07,4.4,0.8614
2000-09-22,6.04,4.12,0.8758
2000-09-23,,,0.8758
2000-09-24,,,0.8758
2000-09-25,6.05,4.66,0.8742
2000-09-26,6.01,4.72,0.8826
2000-09-27,5.94,4.7,0.8831
2000-09-28,5.96,4.7,0.879
2000-09-29,5.91,4.91,0.8837
2000-09-30,,,0.8837
2000-10-01,,,0.8837
2000-10-02,5.92,4.69,0.877
2000-10-03,5.95,4.69,0.8752
2000-10-04,5.99,4.68,0.8749
2000-10-05,5.97,4.71,0.8686
2000-10-06,5.92,4.8,0.8682
2000-10-07,,,0.8682
2000-10-08,,,0.8682
2000-10-09,,4.79,0.868
2000-10-10,5.91,4.78,0.8715
2000-10-11,5.88,4.78,0.8656
2000-10-12,5.81,4.77,0.8622
2000-10-13,5.79,4.73,0.856
2000-10-14,,,0.856
2000-10-15,,,0.856
2000-10-16,5.83,4.73,0.8498
2000-10-17,5.76,4.73,0.854
2000-10-18,5.74,4.65,0.8388
2000-10-19,5.77,4.64,0.8431
2000-10-20,5.76,4.68,0.8419
2000-10-21,,,0.8419
2000-10-22,,,0.8419
2000-10-23,5.74,4.72,0.8352
2000-10-24,5.77,4.84,0.8356
2000-10-25,5.8,4.85,0.827
2000-10-26,5.83,4.85,0.8301
2000-10-27,5.86,4.85,0.8394
2000-10-28,,,0.8394
2000-10-29,,,0.8394
2000-10-30,5.89,4.85,0.8398
2000-10-31,5.87,4.97,0.849
2000-11-01,5.82,4.87,0.8612
2000-11-02,5.81,4.86,0.8593
2000-11-03,5.9,4.85,0.8664
2000-11-04,,,0.8664
2000-11-05,,,0.8664
2000-11-06,5.93,4.85,0.8611
2000-11-07,5.92,4.84,0.8602
2000-11-08,5.92,4.83,0.8556
2000-11-09,5.87,4.82,0.866
2000-11-10,5.86,4.81,0.8602
2000-11-11,,,0.8602
2000-11-12,,,0.8602
2000-11-13,5.83,4.81,0.8592
2000-11-14,5.82,4.8,0.8579
2000-11-15,5.8,4.79,0.857
2000-11-16,5.76,4.77,0.8518
2000-11-17,5.78,4.76,0.8487
2000-11-18,,,0.8487
2000-11-19,,,0.8487
2000-11-20,5.76,4.8,0.8511
2000-11-21,5.76,4.86,0.8433
2000-11-22,5.72,4.79,0.844
2000-11-23,,4.81,0.838
2000-11-24,5.74,4.83,0.8383
2000-11-25,,,0.8383
2000-11-26,,,0.8383
2000-11-27,5.74,4.84,0.8512
2000-11-28,5.67,4.85,0.8564
2000-11-29,5.59,4.86,0.8574
2000-11-30,5.52,4.94,0.8722
2000-12-01,5.55,4.84,0.8784
2000-12-02,,,0.8784
2000-12-03,,,0.8784
2000-12-04,5.51,4.82,0.889
2000-12-05,5.43,4.8,0.8796
2000-12-06,5.34,4.78,0.8913
2000-12-07,5.35,4.81,0.8892
2000-12-08,5.41,4.83,0.886
2000-12-09,,,0.886
2000-12-10,,,0.886
2000-12-11,5.43,4.83,0.8758
2000-12-12,5.42,4.83,0.8788
2000-12-13,5.34,4.81,0.8766
2000-12-14,5.31,4.79,0.8905
2000-12-15,5.26,4.78,0.8952
2000-12-16,,,0.8952
2000-12-17,,,0.8952
2000-12-18,5.21,4.79,0.8934
2000-12-19,5.23,4.78,0.8943
2000-12-20,5.12,4.74,0.9094
2000-12-21,5.04,4.73,0.916
2000-12-22,5.02,4.85,0.924
2000-12-23,,,0.924
2000-12-24,,,0.924
2000-12-25,,,0.9251
2000-12-26,5.0,,0.9308
2000-12-27,5.04,4.86,0.9304
2000-12-28,5.12,4.88,0.9294
2000-12-29,5.06,5.16,0.9422
2000-12-30,,,0.9422
2000-12-31,,,0.9422
2001-01-01,,,0.9406
2001-01-02,4.82,4.83,0.9496
2001-01-03,4.92,4.82,0.9281
2001-01-04,4.78,4.81,0.949
2001-01-05,4.57,4.78,0.9578
2001-01-06,,,0.9578
2001-01-07,,,0.9578
2001-01-08,4.55,4.77,0.9476
2001-01-09,4.65,4.78,0.9452
2001-01-10,4.78,4.81,0.9364
2001-01-11,4.78,4.82,0.9528
2001-01-12,4.91,4.81,0.9516
2001-01-13,,,0.9516
2001-01-14,,,0.9516
2001-01-15,,4.81,0.9422
2001-01-16,4.89,4.8,0.9414
2001-01-17,4.84,4.78,0.9352
2001-01-18,4.73,4.77,0.944
2001-01-19,4.76,4.72,0.9336
2001-01-20,,,0.9336
2001-01-21,,,0.9336
2001-01-22,4.78,4.61,0.9393
2001-01-23,4.83,4.19,0.9376
2001-01-24,4.84,4.77,0.921
2001-01-25,4.8,4.78,0.9242
2001-01-26,4.81,4.78,0.9238
2001-01-27,,,0.9238
2001-01-28,,,0.9238
2001-01-29,4.8,4.79,0.9162
2001-01-30,4.75,4.78,0.9265
2001-01-31,4.67,4.82,0.9362
2001-02-01,4.59,4.77,0.9388
2001-02-02,4.71,4.77,0.936
2001-02-03,,,0.936
2001-02-04,,,0.936
2001-02-05,4.71,4.77,0.938
2001-02-06,4.76,4.76,0.9307
2001-02-07,4.74,4.76,0.9278
2001-02-08,4.77,4.76,0.9187
2001-02-09,4.7,4.76,0.9245
2001-02-10,,,0.9245
2001-02-11,,,0.9245
2001-02-12,4.71,4.75,0.931
2001-02-13,4.78,4.77,0.9206
2001-02-14,4.87,4.87,0.9181
2001-02-15,4.92,4.9,0.9044
2001-02-16,4.79,5.01,0.9128
2001-02-17,,,0.9128
2001-02-18,,,0.9128
2001-02-19,,5.45,0.9217
2001-02-20,4.77,5.57,0.9121
2001-02-21,4.75,5.72,0.9092
2001-02-22,4.72,5.7,0.9048
2001-02-23,4.63,5.08,0.9172
2001-02-24,,,0.9172
2001-02-25,,,0.9172
2001-02-26,4.54,4.83,0.9114
2001-02-27,4.51,4.86,0.9174
2001-02-28,4.48,4.99,0.923
2001-03-01,4.48,4.81,0.9294
2001-03-02,4.53,4.81,0.9345
2001-03-03,,,0.9345
2001-03-04,,,0.9345
2001-03-05,4.57,4.8,0.9294
2001-03-06,4.55,4.81,0.9341
2001-03-07,4.5,4.83,0.9294
2001-03-08,4.49,4.85,0.9322
2001-03-09,4.53,4.85,0.9327
2001-03-10,,,0.9327
2001-03-11,,,0.9327
2001-03-12,4.54,4.83,0.9285
2001-03-13,4.53,4.81,0.9144
2001-03-14,4.4,4.79,0.9107
2001-03-15,4.31,4.78,0.8982
2001-03-16,4.35,4.78,0.8972
2001-03-17,,,0.8972
2001-03-18,,,0.8972
2001-03-19,4.4,4.79,0.8987
2001-03-20,4.33,4.82,0.9092
2001-03-21,4.29,4.83,0.8958
2001-03-22,4.26,4.65,0.8881
2001-03-23,4.33,4.44,0.8894
2001-03-24,,,0.8894
2001-03-25,,,0.8894
2001-03-26,4.37,4.76,0.8954
2001-03-27,4.51,4.76,0.8932
2001-03-28,4.42,4.77,0.8853
2001-03-29,4.4,4.77,0.8826
2001-03-30,4.33,4.85,0.8788
2001-03-31,,,0.8788
2001-04-01,,,0.8788
2001-04-02,4.37,4.78,0.879
2001-04-03,4.3,4.77,0.897
2001-04-04,4.27,4.77,0.9014
2001-04-05,4.33,4.76,0.896
2001-04-06,4.22,4.75,0.904
2001-04-07,,,0.904
2001-04-08,,,0.904
2001-04-09,4.26,4.74,0.8972
2001-04-10,4.4,4.84,0.8889
2001-04-11,4.44,5.47,0.8883
2001-04-12,4.52,5.73,0.8925
2001-04-13,,,0.888
2001-04-14,,,0.888
2001-04-15,,,0.888
2001-04-16,4.65,,0.8886
2001-04-17,4.57,5.75,0.8833
2001-04-18,4.43,5.56,0.8816
2001-04-19,4.5,5.43,0.898
2001-04-20,4.5,5.5,0.9016
2001-04-21,,,0.9016
2001-04-22,,,0.9016
2001-04-23,4.38,5.23,0.8978
2001-04-24,4.39,4.79,0.8945
2001-04-25,4.45,4.8,0.897
2001-04-26,4.4,4.81,0.903
2001-04-27,4.53,4.81,0.8904
2001-04-28,,,0.8904
2001-04-29,,,0.8904
2001-04-30,4.55,4.93,0.8889
2001-05-01,4.5,,0.8933
2001-05-02,4.53,4.83,0.8934
2001-05-03,4.48,4.82,0.8896
2001-05-04,4.41,4.81,0.8924
2001-05-05,,,0.8924
2001-05-06,,,0.8924
2001-05-07,4.39,4.81,0.8904
2001-05-08,4.3,4.81,0.885
2001-05-09,4.27,4.8,0.8851
2001-05-10,4.38,4.75,0.881
2001-05-11,4.58,4.58,0.8748
2001-05-12,,,0.8748
2001-05-13,,,0.8748
2001-05-14,4.53,4.57,0.8738
2001-05-15,4.52,4.57,0.8784
2001-05-16,4.51,4.56,0.8828
2001-05-17,4.58,4.56,0.8826
2001-05-18,4.6,4.54,0.8804
2001-05-19,,,0.8804
2001-05-20,,,0.8804
2001-05-21,4.6,4.53,0.877
2001-05-22,4.58,4.49,0.8646
2001-05-23,4.53,4.86,0.8565
2001-05-24,4.59,4.59,0.8572
2001-05-25,4.58,4.59,0.8608
2001-05-26,,,0.8608
2001-05-27,,,0.8608
2001-05-28,,4.58,0.8596
2001-05-29,4.6,4.57,0.8555
2001-05-30,4.61,4.56,0.857
2001-05-31,4.49,4.6,0.8468
2001-06-01,4.49,4.54,0.848
2001-06-02,,,0.848
2001-06-03,,,0.848
2001-06-04,4.47,4.53,0.8463
2001-06-05,4.39,4.53,0.854
2001-06-06,4.38,4.52,0.8482
2001-06-07,4.41,4.52,0.85
2001-06-08,4.45,4.53,0.8469
2001-06-09,,,0.8469
2001-06-10,,,0.8469
2001-06-11,4.4,4.53,0.8432
2001-06-12,4.37,4.53,0.8522
2001-06-13,4.35,4.53,0.854
2001-06-14,4.3,4.52,0.8611
2001-06-15,4.26,4.52,0.8616
2001-06-16,,,0.8616
2001-06-17,,,0.8616
2001-06-18,4.24,4.53,0.861
2001-06-19,4.25,4.52,0.8545
2001-06-20,4.24,4.52,0.8536
2001-06-21,4.25,4.42,0.8552
2001-06-22,4.18,4.61,0.8571
2001-06-23,,,0.8571
2001-06-24,,,0.8571
2001-06-25,4.22,4.55,0.8589
2001-06-26,4.3,4.55,0.8632
2001-06-27,4.36,4.56,0.8589
2001-06-28,4.48,4.55,0.8441
2001-06-29,4.52,4.72,0.85
2001-06-30,,,0.85
2001-07-01,,,0.85
2001-07-02,4.47,4.54,0.8469
2001-07-03,4.48,4.53,0.8479
2001-07-04,,4.53,0.8461
2001-07-05,4.5,4.53,0.8362
2001-07-06,4.43,4.53,0.8472
2001-07-07,,,0.8472
2001-07-08,,,0.8472
2001-07-09,4.41,4.52,0.8498
2001-07-10,4.34,4.52,0.8549
2001-07-11,4.33,4.52,0.8586
2001-07-12,4.33,4.52,0.8534
2001-07-13,4.37,4.52,0.8543
2001-07-14,,,0.8543
2001-07-15,,,0.8543
2001-07-16,4.32,4.52,0.8534
2001-07-17,4.34,4.51,0.8588
2001-07-18,4.26,4.51,0.8726
2001-07-19,4.28,4.41,0.8714
2001-07-20,4.29,4.33,0.8709
2001-07-21,,,0.8709
2001-07-22,,,0.8709
2001-07-23,4.28,4.4,0.869
2001-07-24,4.26,4.52,0.8737
2001-07-25,4.3,4.52,0.88
2001-07-26,4.24,4.52,0.8778
2001-07-27,4.15,4.52,0.8772
2001-07-28,,,0.8772
2001-07-29,,,0.8772
2001-07-30,4.14,4.52,0.874
2001-07-31,4.06,4.58,0.8758
2001-08-01,4.09,4.51,0.881
2001-08-02,4.17,4.5,0.8834
2001-08-03,4.22,4.52,0.8842
2001-08-04,,,0.8842
2001-08-05,,,0.8842
2001-08-06,4.17,4.52,0.8816
2001-08-07,4.19,4.52,0.8771
2001-08-08,4.05,4.52,0.8802
2001-08-09,4.07,4.52,0.8923
2001-08-10,4.03,4.52,0.8931
2001-08-11,,,0.8931
2001-08-12,,,0.8931
2001-08-13,4.0,4.51,0.8964
2001-08-14,4.03,4.51,0.903
2001-08-15,4.11,4.51,0.9137
2001-08-16,4.04,4.51,0.9113
2001-08-17,3.95,4.51,0.9178
2001-08-18,,,0.9178
2001-08-19,,,0.9178
2001-08-20,4.02,4.51,0.9142
2001-08-21,3.96,4.51,0.918
2001-08-22,4.03,4.44,0.914
2001-08-23,3.99,4.5,0.915
2001-08-24,4.03,4.51,0.9128
2001-08-25,,,0.9128
2001-08-26,,,0.9128
2001-08-27,4.04,4.49,0.9114
2001-08-28,3.97,4.49,0.9114
2001-08-29,3.92,4.42,0.9096
2001-08-30,3.88,4.37,0.9165
2001-08-31,3.91,4.38,0.9114
2001-09-01,,,0.9114
2001-09-02,,,0.9114
2001-09-03,,4.3,0.9072
2001-09-04,4.1,4.3,0.8879
2001-09-05,4.07,4.29,0.8867
2001-09-06,3.93,4.29,0.8962
2001-09-07,3.82,4.28,0.9063
2001-09-08,,,0.9063
2001-09-09,,,0.9063
2001-09-10,3.82,4.28,0.8992
2001-09-11,,4.29,0.9146
2001-09-12,,4.42,0.9068
2001-09-13,3.32,4.28,0.9114
2001-09-14,3.17,4.23,0.921
2001-09-15,,,0.921
2001-09-16,,,0.921
2001-09-17,3.3,4.23,0.924
2001-09-18,3.31,3.76,0.9276
2001-09-19,3.18,3.56,0.9274
2001-09-20,3.27,3.13,0.9271
2001-09-21,3.27,3.12,0.9138
2001-09-22,,,0.9138
2001-09-23,,,0.9138
2001-09-24,3.3,3.78,0.9159
2001-09-25,3.25,3.79,0.9224
2001-09-26,3.18,3.79,0.923
2001-09-27,3.15,3.78,0.9174
2001-09-28,3.22,3.83,0.9098
2001-09-29,,,0.9098
2001-09-30,,,0.9098
2001-10-01,3.18,3.77,0.9169
2001-10-02,3.14,3.76,0.9188
2001-10-03,3.14,3.75,0.9133
2001-10-04,3.14,3.74,0.9175
2001-10-05,3.1,3.72,0.9186
2001-10-06,,,0.9186
2001-10-07,,,0.9186
2001-10-08,,3.72,0.921
2001-10-09,3.16,3.83,0.9131
2001-10-10,3.19,3.94,0.9103
2001-10-11,3.3,3.96,0.9022
2001-10-12,3.23,3.98,0.9093
2001-10-13,,,0.9093
2001-10-14,,,0.9093
2001-10-15,3.18,3.87,0.9082
2001-10-16,3.16,3.91,0.9083
2001-10-17,3.21,4.33,0.9034
2001-10-18,3.18,4.4,0.9045
2001-10-19,3.19,4.6,0.8981
2001-10-20,,,0.8981
2001-10-21,,,0.8981
2001-10-22,3.22,4.69,0.8917
2001-10-23,3.24,4.74,0.8904
2001-10-24,3.15,3.76,0.8934
2001-10-25,3.06,3.74,0.893
2001-10-26,3.06,3.77,0.8933
2001-10-27,,,0.8933
2001-10-28,,,0.8933
2001-10-29,2.99,3.76,0.9045
2001-10-30,2.92,3.76,0.9045
2001-10-31,2.87,3.84,0.8997
2001-11-01,2.91,3.77,0.9027
2001-11-02,2.93,3.76,0.9021
2001-11-03,,,0.9021
2001-11-04,,,0.9021
2001-11-05,2.91,3.76,0.8974
2001-11-06,2.76,3.85,0.895
2001-11-07,2.7,3.88,0.8981
2001-11-08,2.81,3.73,0.8927
2001-11-09,2.86,3.86,0.8939
2001-11-10,,,0.8939
2001-11-11,,,0.8939
2001-11-12,,3.83,0.8942
2001-11-13,2.96,3.68,0.8809
2001-11-14,3.11,3.37,0.8828
2001-11-15,3.41,3.3,0.8816
2001-11-16,3.55,3.29,0.884
2001-11-17,,,0.884
2001-11-18,,,0.884
2001-11-19,3.38,3.25,0.8785
2001-11-20,3.41,3.25,0.8828
2001-11-21,3.58,3.35,0.8788
2001-11-22,,3.4,0.8778
2001-11-23,3.68,3.28,0.8779
2001-11-24,,,0.8779
2001-11-25,,,0.8779
2001-11-26,3.7,3.3,0.8801
2001-11-27,3.58,3.3,0.8833
2001-11-28,3.6,3.3,0.8876
2001-11-29,3.33,3.3,0.8876
2001-11-30,3.3,3.35,0.8958
2001-12-01,,,0.8958
2001-12-02,,,0.8958
2001-12-03,3.28,3.29,0.8913
2001-12-04,3.3,3.28,0.8904
2001-12-05,3.55,3.26,0.8878
2001-12-06,3.7,3.26,0.8945
2001-12-07,3.72,3.27,0.8894
2001-12-08,,,0.8894
2001-12-09,,,0.8894
2001-12-10,3.63,3.28,0.8903
2001-12-11,3.56,3.29,0.8926
2001-12-12,3.48,3.29,0.8982
2001-12-13,3.62,3.3,0.8924
2001-12-14,3.73,3.3,0.903
2001-12-15,,,0.903
2001-12-16,,,0.903
2001-12-17,3.74,3.3,0.9018
2001-12-18,3.66,3.31,0.9029
2001-12-19,3.63,3.32,0.9004
2001-12-20,3.67,3.27,0.9005
2001-12-21,3.69,3.05,0.8883
2001-12-22,,,0.8883
2001-12-23,,,0.8883
2001-12-24,3.74,3.43,0.877
2001-12-25,,,0.8784
2001-12-26,3.8,,0.8794
2001-12-27,3.71,3.69,0.8827
2001-12-28,3.69,3.91,0.8835
2001-12-29,,,0.8835
2001-12-30,,,0.8835
2001-12-31,3.59,,0.8902
2002-01-01,,,0.8902
2002-01-02,3.75,3.35,0.9027
2002-01-03,3.71,3.45,0.8991
2002-01-04,3.72,3.45,0.8948
2002-01-05,,,0.8948
2002-01-06,,,0.8948
2002-01-07,3.61,3.38,0.8934
2002-01-08,3.6,3.35,0.8923
2002-01-09,3.57,3.34,0.891
2002-01-10,3.46,3.34,0.8912
2002-01-11,3.28,3.34,0.8923
2002-01-12,,,0.8923
2002-01-13,,,0.8923
2002-01-14,3.32,3.33,0.8941
2002-01-15,3.32,3.32,0.8832
2002-01-16,3.36,3.33,0.8823
2002-01-17,3.49,3.32,0.8808
2002-01-18,3.43,3.31,0.8842
2002-01-19,,,0.8842
2002-01-20,,,0.8842
2002-01-21,,3.3,0.8836
2002-01-22,3.48,3.03,0.886
2002-01-23,3.58,2.59,0.878
2002-01-24,3.67,3.31,0.8771
2002-01-25,3.71,3.31,0.8654
2002-01-26,,,0.8654
2002-01-27,,,0.8654
2002-01-28,3.73,3.32,0.8622
2002-01-29,3.59,3.32,0.8652
2002-01-30,3.61,3.32,0.8615
2002-01-31,3.7,3.35,0.8582
2002-02-01,3.62,3.32,0.8616
2002-02-02,,,0.8616
2002-02-03,,,0.8616
2002-02-04,3.52,3.31,0.8703
2002-02-05,3.53,3.3,0.8671
2002-02-06,3.51,3.3,0.8672
2002-02-07,3.54,3.3,0.8706
2002-02-08,3.48,3.3,0.8728
2002-02-09,,,0.8728
2002-02-10,,,0.8728
2002-02-11,3.49,3.3,0.8766
2002-02-12,3.58,3.3,0.8763
2002-02-13,3.63,3.3,0.8705
2002-02-14,3.59,3.29,0.8737
2002-02-15,3.5,3.29,0.8732
2002-02-16,,,0.8732
2002-02-17,,,0.8732
2002-02-18,,3.28,0.8706
2002-02-19,3.52,3.27,0.8763
2002-02-20,3.53,3.21,0.8695
2002-02-21,3.52,3.08,0.8697
2002-02-22,3.48,3.22,0.8752
2002-02-23,,,0.8752
2002-02-24,,,0.8752
2002-02-25,3.53,3.31,0.8689
2002-02-26,3.61,3.32,0.8636
2002-02-27,3.56,3.32,0.8656
2002-02-28,3.64,3.34,0.8689
2002-03-01,3.73,3.31,0.8645
2002-03-02,,,0.8645
2002-03-03,,,0.8645
2002-03-04,3.75,3.3,0.8692
2002-03-05,3.77,3.29,0.8719
2002-03-06,3.77,3.28,0.8765
2002-03-07,3.95,3.28,0.8819
2002-03-08,4.21,3.28,0.8738
2002-03-09,,,0.8738
2002-03-10,,,0.8738
2002-03-11,4.17,3.28,0.8753
2002-03-12,4.14,3.28,0.8759
2002-03-13,4.06,3.28,0.876
2002-03-14,4.2,3.27,0.8827
2002-03-15,4.23,3.25,0.8822
2002-03-16,,,0.8822
2002-03-17,,,0.8822
2002-03-18,4.27,3.23,0.8826
2002-03-19,4.26,3.19,0.882
2002-03-20,4.3,3.12,0.8852
2002-03-21,4.39,2.99,0.882
2002-03-22,4.4,3.26,0.8772
2002-03-23,,,0.8772
2002-03-24,,,0.8772
2002-03-25,4.38,3.33,0.8774
2002-03-26,4.27,3.34,0.8767
2002-03-27,4.28,3.33,0.8724
2002-03-28,4.31,3.39,0.8701
2002-03-29,,,0.8712
2002-03-30,,,0.8712
2002-03-31,,,0.8712
2002-04-01,4.29,,0.8805
2002-04-02,4.21,3.31,0.879
2002-04-03,4.14,3.3,0.8809
2002-04-04,4.16,3.3,0.8769
2002-04-05,4.1,3.3,0.8791
2002-04-06,,,0.8791
2002-04-07,,,0.8791
2002-04-08,4.03,3.29,0.8738
2002-04-09,4.06,3.29,0.8806
2002-04-10,4.08,3.29,0.8799
2002-04-11,4.07,3.29,0.8828
2002-04-12,4.01,3.28,0.8794
2002-04-13,,,0.8794
2002-04-14,,,0.8794
2002-04-15,3.99,3.27,0.8792
2002-04-16,4.03,3.26,0.8821
2002-04-17,3.99,3.2,0.8895
2002-04-18,3.97,3.19,0.891
2002-04-19,3.95,3.27,0.8917
2002-04-20,,,0.8917
2002-04-21,,,0.8917
2002-04-22,3.94,3.33,0.8893
2002-04-23,3.96,3.9,0.8891
2002-04-24,3.87,3.31,0.8925
2002-04-25,3.83,3.3,0.8979
2002-04-26,3.8,3.3,0.9018
2002-04-27,,,0.9018
2002-04-28,,,0.9018
2002-04-29,3.85,3.3,0.9037
2002-04-30,3.83,3.36,0.8997
2002-05-01,3.78,,0.9053
2002-05-02,3.83,3.31,0.9027
2002-05-03,3.75,3.3,0.9172
2002-05-04,,,0.9172
2002-05-05,,,0.9172
2002-05-06,3.77,3.3,0.9182
2002-05-07,3.67,3.31,0.9147
2002-05-08,3.87,3.3,0.9046
2002-05-09,3.8,3.3,0.9093
2002-05-10,3.71,3.3,0.9139
2002-05-11,,,0.9139
2002-05-12,,,0.9139
2002-05-13,3.81,3.3,0.9111
2002-05-14,3.94,3.3,0.9027
2002-05-15,3.9,3.3,0.9118
2002-05-16,3.81,3.29,0.9112
2002-05-17,3.95,3.27,0.9203
2002-05-18,,,0.9203
2002-05-19,,,0.9203
2002-05-20,3.87,3.26,0.9212
2002-05-21,3.82,3.25,0.9191
2002-05-22,3.75,3.33,0.9253
2002-05-23,3.8,3.32,0.921
2002-05-24,3.81,3.35,0.9205
2002-05-25,,,0.9205
2002-05-26,,,0.9205
2002-05-27,,3.35,0.9205
2002-05-28,3.82,3.34,0.9284
2002-05-29,3.76,3.34,0.9358
2002-05-30,3.69,3.34,0.9373
2002-05-31,3.73,3.36,0.9325
2002-06-01,,,0.9325
2002-06-02,,,0.9325
2002-06-03,3.72,3.34,0.9403
2002-06-04,3.64,3.33,0.9394
2002-06-05,3.68,3.33,0.9391
2002-06-06,3.63,3.33,0.9456
2002-06-07,3.67,3.33,0.9435
2002-06-08,,,0.9435
2002-06-09,,,0.9435
2002-06-10,3.66,3.33,0.9444
2002-06-11,3.59,3.32,0.9486
2002-06-12,3.55,3.32,0.9433
2002-06-13,3.5,3.31,0.9424
2002-06-14,3.4,3.31,0.9453
2002-06-15,,,0.9453
2002-06-16,,,0.9453
2002-06-17,3.44,3.31,0.9434
2002-06-18,3.41,3.3,0.951
2002-06-19,3.28,3.3,0.9568
2002-06-20,3.4,3.32,0.9659
2002-06-21,3.35,3.58,0.9706
2002-06-22,,,0.9706
2002-06-23,,,0.9706
2002-06-24,3.41,3.35,0.9704
2002-06-25,3.41,3.36,0.9784
2002-06-26,3.25,3.36,0.9814
2002-06-27,3.34,3.35,0.9878
2002-06-28,3.37,3.49,0.9912
2002-06-29,,,0.9912
2002-06-30,,,0.9912
2002-07-01,3.35,3.34,0.99
2002-07-02,3.24,3.33,0.9857
2002-07-03,3.25,3.32,0.9799
2002-07-04,,3.32,0.9803
2002-07-05,3.38,3.32,0.9729
2002-07-06,,,0.9729
2002-07-07,,,0.9729
2002-07-08,3.32,3.31,0.9875
2002-07-09,3.21,3.3,0.9933
2002-07-10,3.07,3.3,0.9885
2002-07-11,3.07,3.3,0.9896
2002-07-12,3.02,3.3,0.991
2002-07-13,,,0.991
2002-07-14,,,0.991
2002-07-15,3.04,3.3,1.0032
2002-07-16,3.14,3.29,1.0129
2002-07-17,3.1,3.28,1.0074
2002-07-18,3.01,3.21,1.0096
2002-07-19,2.94,3.23,1.0142
2002-07-20,,,1.0142
2002-07-21,,,1.0142
2002-07-22,2.83,3.31,1.0075
2002-07-23,2.76,3.31,0.9874
2002-07-24,2.81,3.32,0.9946
2002-07-25,2.69,3.31,1.0042
2002-07-26,2.62,3.3,0.9871
2002-07-27,,,0.9871
2002-07-28,,,0.9871
2002-07-29,2.84,3.3,0.9805
2002-07-30,2.88,3.3,0.9835
2002-07-31,2.67,3.34,0.9772
2002-08-01,2.6,3.3,0.9842
2002-08-02,2.43,3.3,0.987
2002-08-03,,,0.987
2002-08-04,,,0.987
2002-08-05,2.34,3.3,0.9813
2002-08-06,2.53,3.29,0.9665
2002-08-07,2.4,3.29,0.9743
2002-08-08,2.52,3.29,0.9666
2002-08-09,2.49,3.29,0.9698
2002-08-10,,,0.9698
2002-08-11,,,0.9698
2002-08-12,2.48,3.29,0.9785
2002-08-13,2.37,3.29,0.9825
2002-08-14,2.47,3.29,0.9779
2002-08-15,2.58,3.28,0.982
2002-08-16,2.67,3.28,0.9845
2002-08-17,,,0.9845
2002-08-18,,,0.9845
2002-08-19,2.64,3.29,0.9757
2002-08-20,2.5,3.29,0.9792
2002-08-21,2.51,3.29,0.9799
2002-08-22,2.61,3.29,0.9689
2002-08-23,2.56,3.29,0.9726
2002-08-24,,,0.9726
2002-08-25,,,0.9726
2002-08-26,2.56,3.29,0.9713
2002-08-27,2.63,3.29,0.9831
2002-08-28,2.59,3.29,0.9792
2002-08-29,2.51,3.29,0.984
2002-08-30,2.5,3.34,0.9821
2002-08-31,,,0.9821
2002-09-01,,,0.9821
2002-09-02,,3.29,0.984
2002-09-03,2.36,3.29,0.9969
2002-09-04,2.35,3.29,0.9913
2002-09-05,2.29,3.29,0.9921
2002-09-06,2.42,3.28,0.9815
2002-09-07,,,0.9815
2002-09-08,,,0.9815
2002-09-09,2.46,3.28,0.9791
2002-09-10,2.44,3.29,0.9753
2002-09-11,2.51,3.29,0.9758
2002-09-12,2.44,3.29,0.9818
2002-09-13,2.38,3.29,0.9711
2002-09-14,,,0.9711
2002-09-15,,,0.9711
2002-09-16,2.38,3.29,0.9687
2002-09-17,2.36,3.29,0.9729
2002-09-18,2.35,3.29,0.9772
2002-09-19,2.24,3.29,0.9867
2002-09-20,2.25,3.36,0.9812
2002-09-21,,,0.9812
2002-09-22,,,0.9812
2002-09-23,2.21,3.63,0.9767
2002-09-24,2.2,3.31,0.9802
2002-09-25,2.28,3.31,0.9771
2002-09-26,2.27,3.31,0.9776
2002-09-27,2.13,3.31,0.9806
2002-09-28,,,0.9806
2002-09-29,,,0.9806
2002-09-30,2.02,3.42,0.9874
2002-10-01,2.11,3.3,0.9831
2002-10-02,2.07,3.3,0.9866
2002-10-03,2.08,3.29,0.9874
2002-10-04,2.09,3.29,0.9789
2002-10-05,,,0.9789
2002-10-06,,,0.9789
2002-10-07,2.07,3.29,0.9833
2002-10-08,2.1,3.29,0.9788
2002-10-09,2.03,3.29,0.99
2002-10-10,2.06,3.29,0.9851
2002-10-11,2.17,3.29,0.9869
2002-10-12,,,0.9869
2002-10-13,,,0.9869
2002-10-14,,3.29,0.9867
2002-10-15,2.42,3.29,0.9813
2002-10-16,2.38,3.29,0.9814
2002-10-17,2.47,3.29,0.9707
2002-10-18,2.45,3.29,0.9715
2002-10-19,,,0.9715
2002-10-20,,,0.9715
2002-10-21,2.58,3.35,0.9739
2002-10-22,2.57,3.37,0.9776
2002-10-23,2.55,3.32,0.9762
2002-10-24,2.45,3.29,0.9775
2002-10-25,2.35,3.29,0.976
2002-10-26,,,0.976
2002-10-27,,,0.976
2002-10-28,2.26,3.29,0.9844
2002-10-29,2.15,3.29,0.9829
2002-10-30,2.12,3.29,0.9825
2002-10-31,2.05,3.34,0.9901
2002-11-01,2.14,3.3,0.9967
2002-11-02,,,0.9967
2002-11-03,,,0.9967
2002-11-04,2.19,3.29,0.9976
2002-11-05,2.21,3.29,0.9996
2002-11-06,2.26,3.28,1.0026
2002-11-07,2.2,3.25,1.009
2002-11-08,2.21,3.29,1.0127
2002-11-09,,,1.0127
2002-11-10,,,1.0127
2002-11-11,,3.29,1.0105
2002-11-12,2.14,3.29,1.0121
2002-11-13,2.11,3.29,1.0077
2002-11-14,2.28,3.29,1.0041
2002-11-15,2.3,3.29,1.0091
2002-11-16,,,1.0091
2002-11-17,,,1.0091
2002-11-18,2.3,3.29,1.0083
2002-11-19,2.3,3.29,1.003
2002-11-20,2.39,3.29,1.0011
2002-11-21,2.46,3.3,1.0019
2002-11-22,2.52,3.49,0.9971
2002-11-23,,,0.9971
2002-11-24,,,0.9971
2002-11-25,2.51,3.3,0.9915
2002-11-26,2.38,3.3,0.9934
2002-11-27,2.58,3.3,0.9903
2002-11-28,,3.3,0.9941
2002-11-29,2.51,3.38,0.9943
2002-11-30,,,0.9943
2002-12-01,,,0.9943
2002-12-02,2.51,3.36,0.9967
2002-12-03,2.53,3.32,0.996
2002-12-04,2.45,3.01,1.0003
2002-12-05,2.39,2.94,1.0005
2002-12-06,2.31,2.9,1.0098
2002-12-07,,,1.0098
2002-12-08,,,1.0098
2002-12-09,2.28,2.89,1.0104
2002-12-10,2.3,2.89,1.0083
2002-12-11,2.24,2.88,1.0082
2002-12-12,2.25,2.88,1.0185
2002-12-13,2.27,2.89,1.023
2002-12-14,,,1.023
2002-12-15,,,1.023
2002-12-16,2.35,2.89,1.022
2002-12-17,2.3,2.97,1.0285
2002-12-18,2.21,2.97,1.0263
2002-12-19,2.13,3.35,1.0271
2002-12-20,2.15,3.5,1.0267
2002-12-21,,,1.0267
2002-12-22,,,1.0267
2002-12-23,2.17,3.7,1.0262
2002-12-24,2.1,3.05,1.0298
2002-12-25,,,1.0321
2002-12-26,2.08,,1.0378
2002-12-27,1.97,3.03,1.0436
2002-12-28,,,1.0436
2002-12-29,,,1.0436
2002-12-30,1.95,3.03,1.0486
2002-12-31,1.99,3.44,1.0496
2003-01-01,,,1.049
2003-01-02,2.22,2.9,1.0359
2003-01-03,2.2,2.89,1.0419
2003-01-04,,,1.0419
2003-01-05,,,1.0419
2003-01-06,2.26,2.88,1.0468
2003-01-07,2.19,2.86,1.0412
2003-01-08,2.14,2.84,1.0496
2003-01-09,2.33,2.83,1.0485
2003-01-10,2.26,2.82,1.0574
2003-01-11,,,1.0574
2003-01-12,,,1.0574
2003-01-13,2.27,2.82,1.054
2003-01-14,2.21,2.82,1.0551
2003-01-15,2.21,2.82,1.0548
2003-01-16,2.21,2.82,1.0615
2003-01-17,2.15,2.81,1.0666
2003-01-18,,,1.0666
2003-01-19,,,1.0666
2003-01-20,,2.81,1.068
2003-01-21,2.11,2.81,1.0724
2003-01-22,2.09,2.57,1.0729
2003-01-23,2.12,2.12,1.0757
2003-01-24,2.08,2.81,1.0819
2003-01-25,,,1.0819
2003-01-26,,,1.0819
2003-01-27,2.13,2.81,1.0855
2003-01-28,2.13,2.81,1.0818
2003-01-29,2.21,2.8,1.0832
2003-01-30,2.15,2.8,1.082
2003-01-31,2.16,2.86,1.077
2003-02-01,,,1.077
2003-02-02,,,1.077
2003-02-03,2.17,2.8,1.0778
2003-02-04,2.12,2.8,1.088
2003-02-05,2.18,2.79,1.0784
2003-02-06,2.13,2.79,1.0842
2003-02-07,2.08,2.78,1.0824
2003-02-08,,,1.0824
2003-02-09,,,1.0824
2003-02-10,2.13,2.78,1.0735
2003-02-11,2.1,2.78,1.0731
2003-02-12,2.05,2.78,1.0721
2003-02-13,1.99,2.78,1.0822
2003-02-14,2.05,2.78,1.0794
2003-02-15,,,1.0794
2003-02-16,,,1.0794
2003-02-17,,2.78,1.0731
2003-02-18,2.08,2.79,1.069
2003-02-19,2.03,2.79,1.0743
2003-02-20,2.0,2.77,1.0815
2003-02-21,2.04,2.39,1.0764
2003-02-22,,,1.0764
2003-02-23,,,1.0764
2003-02-24,2.0,2.78,1.0792
2003-02-25,1.98,2.77,1.0755
2003-02-26,1.96,2.77,1.0782
2003-02-27,1.96,2.75,1.0751
2003-02-28,1.91,2.82,1.0796
2003-03-01,,,1.0796
2003-03-02,,,1.0796
2003-03-03,1.89,2.97,1.0895
2003-03-04,1.85,3.36,1.0889
2003-03-05,1.82,3.11,1.0955
2003-03-06,1.85,2.97,1.0965
2003-03-07,1.77,3.17,1.1006
2003-03-08,,,1.1006
2003-03-09,,,1.1006
2003-03-10,1.73,3.19,1.1053
2003-03-11,1.76,2.84,1.1042
2003-03-12,1.82,2.65,1.1004
2003-03-13,1.98,2.61,1.0792
2003-03-14,1.95,2.61,1.0745
2003-03-15,,,1.0745
2003-03-16,,,1.0745
2003-03-17,2.03,2.6,1.0627
2003-03-18,2.12,2.59,1.0633
2003-03-19,2.14,2.51,1.0555
2003-03-20,2.18,2.37,1.062
2003-03-21,2.25,2.72,1.0531
2003-03-22,,,1.0531
2003-03-23,,,1.0531
2003-03-24,2.14,2.56,1.0635
2003-03-25,2.12,2.56,1.0647
2003-03-26,2.11,2.56,1.0685
2003-03-27,2.05,2.56,1.069
2003-03-28,1.99,2.56,1.0782
2003-03-29,,,1.0782
2003-03-30,,,1.0782
2003-03-31,1.93,2.66,1.0901
2003-04-01,1.92,2.55,1.0897
2003-04-02,2.03,2.54,1.0767
2003-04-03,1.99,2.54,1.0736
2003-04-04,2.0,2.54,1.0732
2003-04-05,,,1.0732
2003-04-06,,,1.0732
2003-04-07,2.1,2.54,1.0673
2003-04-08,2.03,2.54,1.0718
2003-04-09,1.99,2.54,1.0773
2003-04-10,2.03,2.54,1.0788
2003-04-11,2.09,2.54,1.0756
2003-04-12,,,1.0756
2003-04-13,,,1.0756
2003-04-14,2.17,2.54,1.0773
2003-04-15,2.12,2.54,1.0804
2003-04-16,2.1,2.55,1.091
2003-04-17,2.15,2.64,1.0883
2003-04-18,,,1.0879
2003-04-19,,,1.0879
2003-04-20,,,1.0879
2003-04-21,2.16,,1.0859
2003-04-22,2.14,2.65,1.0975
2003-04-23,2.14,2.58,1.0955
2003-04-24,2.05,2.55,1.1036
2003-04-25,2.0,2.55,1.1037
2003-04-26,,,1.1037
2003-04-27,,,1.1037
2003-04-28,2.02,2.55,1.0988
2003-04-29,2.06,2.55,1.1076
2003-04-30,1.95,2.64,1.1181
2003-05-01,1.93,,1.1238
2003-05-02,2.0,2.55,1.1231
2003-05-03,,,1.1231
2003-05-04,,,1.1231
2003-05-05,1.98,2.55,1.1292
2003-05-06,1.87,2.55,1.1439
2003-05-07,1.83,2.55,1.1352
2003-05-08,1.82,2.54,1.1485
2003-05-09,1.81,2.55,1.1489
2003-05-10,,,1.1489
2003-05-11,,,1.1489
2003-05-12,1.81,2.55,1.1565
2003-05-13,1.82,2.55,1.1536
2003-05-14,1.72,2.55,1.1473
2003-05-15,1.78,2.56,1.138
2003-05-16,1.69,2.56,1.1598
2003-05-17,,,1.1598
2003-05-18,,,1.1598
2003-05-19,1.66,2.56,1.1648
2003-05-20,1.62,2.59,1.1713
2003-05-21,1.67,2.73,1.1641
2003-05-22,1.65,2.57,1.1695
2003-05-23,1.65,2.21,1.1842
2003-05-24,,,1.1842
2003-05-25,,,1.1842
2003-05-26,,2.56,1.1858
2003-05-27,1.63,2.58,1.1816
2003-05-28,1.62,2.59,1.1755
2003-05-29,1.56,2.6,1.1908
2003-05-30,1.58,2.65,1.1783
2003-05-31,,,1.1783
2003-06-01,,,1.1783
2003-06-02,1.61,2.65,1.1769
2003-06-03,1.51,2.68,1.1736
2003-06-04,1.46,2.37,1.1638
2003-06-05,1.52,2.19,1.1842
2003-06-06,1.53,2.15,1.1698
2003-06-07,,,1.1698
2003-06-08,,,1.1698
2003-06-09,1.45,2.14,1.1713
2003-06-10,1.38,2.13,1.1668
2003-06-11,1.42,2.14,1.1754
2003-06-12,1.38,2.14,1.1762
2003-06-13,1.34,2.14,1.1871
2003-06-14,,,1.1871
2003-06-15,,,1.1871
2003-06-16,1.44,2.14,1.182
2003-06-17,1.53,2.13,1.1779
2003-06-18,1.59,2.13,1.168
2003-06-19,1.5,2.2,1.172
2003-06-20,1.55,2.16,1.1603
2003-06-21,,,1.1603
2003-06-22,,,1.1603
2003-06-23,1.47,2.11,1.1548
2003-06-24,1.44,2.12,1.1514
2003-06-25,1.57,2.12,1.1531
2003-06-26,1.73,2.12,1.1416
2003-06-27,1.72,2.14,1.142
2003-06-28,,,1.142
2003-06-29,,,1.142
2003-06-30,1.66,2.38,1.1521
2003-07-01,1.66,2.12,1.1565
2003-07-02,1.65,2.12,1.153
2003-07-03,1.69,2.12,1.1495
2003-07-04,,2.12,1.1492
2003-07-05,,,1.1492
2003-07-06,,,1.1492
2003-07-07,1.76,2.11,1.1314
2003-07-08,1.79,2.1,1.1314
2003-07-09,1.77,2.1,1.1349
2003-07-10,1.72,2.1,1.1381
2003-07-11,1.67,2.09,1.1278
2003-07-12,,,1.1278
2003-07-13,,,1.1278
2003-07-14,1.74,2.09,1.1282
2003-07-15,1.89,2.09,1.1177
2003-07-16,1.94,2.09,1.1221
2003-07-17,1.93,2.09,1.1214
2003-07-18,1.98,2.08,1.1267
2003-07-19,,,1.1267
2003-07-20,,,1.1267
2003-07-21,2.11,2.08,1.1347
2003-07-22,2.1,2.09,1.1328
2003-07-23,2.04,1.83,1.1481
2003-07-24,2.05,2.06,1.147
2003-07-25,2.06,2.05,1.151
2003-07-26,,,1.151
2003-07-27,,,1.151
2003-07-28,2.17,2.04,1.1487
2003-07-29,2.26,2.05,1.1439
2003-07-30,2.21,2.07,1.1352
2003-07-31,2.33,2.11,1.1231
2003-08-01,2.38,2.08,1.1271
2003-08-02,,,1.1271
2003-08-03,,,1.1271
2003-08-04,2.24,2.07,1.1353
2003-08-05,2.44,2.07,1.1387
2003-08-06,2.36,2.06,1.1333
2003-08-07,2.3,2.06,1.1373
2003-08-08,2.27,2.06,1.1304
2003-08-09,,,1.1304
2003-08-10,,,1.1304
2003-08-11,2.35,2.06,1.136
2003-08-12,2.29,2.06,1.1276
2003-08-13,2.47,2.06,1.1315
2003-08-14,2.47,2.06,1.1271
2003-08-15,2.47,2.07,1.1261
2003-08-16,,,1.1261
2003-08-17,,,1.1261
2003-08-18,2.46,2.07,1.1145
2003-08-19,2.37,2.07,1.1141
2003-08-20,2.43,2.09,1.1119
2003-08-21,2.56,2.15,1.0925
2003-08-22,2.54,2.45,1.0885
2003-08-23,,,1.0885
2003-08-24,,,1.0885
2003-08-25,2.59,2.1,1.0846
2003-08-26,2.55,2.1,1.0859
2003-08-27,2.61,2.09,1.0871
2003-08-28,2.48,2.09,1.0881
2003-08-29,2.51,2.14,1.098
2003-08-30,,,1.098
2003-08-31,,,1.098
2003-09-01,,2.09,1.0961
2003-09-02,2.62,2.09,1.0805
2003-09-03,2.62,2.09,1.084
2003-09-04,2.51,2.08,1.0937
2003-09-05,2.28,2.08,1.1107
2003-09-06,,,1.1107
2003-09-07,,,1.1107
2003-09-08,2.33,2.08,1.1069
2003-09-09,2.29,2.08,1.1226
2003-09-10,2.19,2.08,1.1202
2003-09-11,2.27,2.08,1.1201
2003-09-12,2.19,2.08,1.1289
2003-09-13,,,1.1289
2003-09-14,,,1.1289
2003-09-15,2.17,2.08,1.1283
2003-09-16,2.16,2.08,1.117
2003-09-17,2.13,2.07,1.1281
2003-09-18,2.16,2.04,1.1246
2003-09-19,2.2,1.93,1.1379
2003-09-20,,,1.1379
2003-09-21,,,1.1379
2003-09-22,2.21,1.74,1.146
2003-09-23,2.2,1.34,1.1432
2003-09-24,2.15,2.07,1.1486
2003-09-25,2.14,2.06,1.1471
2003-09-26,2.06,2.06,1.1476
2003-09-27,,,1.1476
2003-09-28,,,1.1476
2003-09-29,2.07,2.06,1.1617
2003-09-30,1.95,2.1,1.1655
2003-10-01,1.93,2.06,1.1726
2003-10-02,1.96,2.06,1.1686
2003-10-03,2.17,2.06,1.1577
2003-10-04,,,1.1577
2003-10-05,,,1.1577
2003-10-06,2.11,2.06,1.1709
2003-10-07,2.19,2.06,1.1771
2003-10-08,2.17,2.06,1.1816
2003-10-09,2.2,2.06,1.1743
2003-10-10,2.18,2.06,1.1794
2003-10-11,,,1.1794
2003-10-12,,,1.1794
2003-10-13,,2.06,1.1713
2003-10-14,2.25,2.05,1.1731
2003-10-15,2.32,2.05,1.1614
2003-10-16,2.47,2.05,1.1597
2003-10-17,2.41,2.01,1.1676
2003-10-18,,,1.1676
2003-10-19,,,1.1676
2003-10-20,2.42,1.91,1.1626
2003-10-21,2.41,1.99,1.1669
2003-10-22,2.33,1.96,1.1806
2003-10-23,2.37,1.44,1.1796
2003-10-24,2.26,2.05,1.1781
2003-10-25,,,1.1781
2003-10-26,,,1.1781
2003-10-27,2.35,2.05,1.1735
2003-10-28,2.23,2.05,1.1674
2003-10-29,2.32,2.05,1.1662
2003-10-30,2.39,2.06,1.1624
2003-10-31,2.36,2.08,1.1583
2003-11-01,,,1.1583
2003-11-02,,,1.1583
2003-11-03,2.44,2.05,1.1461
2003-11-04,2.4,2.05,1.1492
2003-11-05,2.46,2.05,1.1436
2003-11-06,2.55,2.05,1.1412
2003-11-07,2.6,2.05,1.1517
2003-11-08,,,1.1517
2003-11-09,,,1.1517
2003-11-10,2.63,2.05,1.1468
2003-11-11,,2.04,1.1512
2003-11-12,2.59,2.04,1.1628
2003-11-13,2.45,2.02,1.1731
2003-11-14,2.36,1.92,1.1782
2003-11-15,,,1.1782
2003-11-16,,,1.1782
2003-11-17,2.31,2.0,1.1746
2003-11-18,2.32,1.99,1.1962
2003-11-19,2.42,1.79,1.1889
2003-11-20,2.35,1.54,1.1908
2003-11-21,2.35,1.46,1.1922
2003-11-22,,,1.1922
2003-11-23,,,1.1922
2003-11-24,2.44,2.04,1.177
2003-11-25,2.4,2.06,1.1795
2003-11-26,2.48,2.08,1.1927
2003-11-27,,2.09,1.1914
2003-11-28,2.56,2.09,1.1996
2003-11-29,,,1.1996
2003-11-30,,,1.1996
2003-12-01,2.64,2.05,1.1968
2003-12-02,2.6,2.05,1.2104
2003-12-03,2.63,2.04,1.2118
2003-12-04,2.61,2.04,1.2081
2003-12-05,2.42,2.04,1.2186
2003-12-06,,,1.2186
2003-12-07,,,1.2186
2003-12-08,2.48,2.03,1.2225
2003-12-09,2.51,2.03,1.2246
2003-12-10,2.48,2.04,1.2212
2003-12-11,2.37,2.04,1.222
2003-12-12,2.4,2.05,1.2274
2003-12-13,,,1.2274
2003-12-14,,,1.2274
2003-12-15,2.41,2.04,1.2311
2003-12-16,2.37,2.03,1.233
2003-12-17,2.37,1.88,1.2395
2003-12-18,2.38,1.71,1.2418
2003-12-19,2.35,1.62,1.2379
2003-12-20,,,1.2379
2003-12-21,,,1.2379
2003-12-22,2.37,1.89,1.2401
2003-12-23,2.47,2.46,1.2403
2003-12-24,2.36,2.28,1.2442
2003-12-25,,,1.2442
2003-12-26,2.33,,1.242
2003-12-27,,,1.242
2003-12-28,,,1.242
2003-12-29,2.37,2.33,1.2489
2003-12-30,2.39,2.22,1.2542
2003-12-31,2.37,2.32,1.2586
2004-01-01,,,1.2586
2004-01-02,2.47,2.06,1.2592
2004-01-03,,,1.2592
2004-01-04,,,1.2592
2004-01-05,2.51,2.05,1.2675
2004-01-06,2.38,2.04,1.2728
2004-01-07,2.36,2.04,1.2623
2004-01-08,2.37,2.04,1.2773
2004-01-09,2.17,2.04,1.2816
2004-01-10,,,1.2816
2004-01-11,,,1.2816
2004-01-12,2.18,2.04,1.2736
2004-01-13,2.12,2.04,1.2769
2004-01-14,2.13,2.02,1.2645
2004-01-15,2.16,1.94,1.2588
2004-01-16,2.19,1.95,1.2391
2004-01-17,,,1.2391
2004-01-18,,,1.2391
2004-01-19,,1.99,1.2358
2004-01-20,2.21,2.0,1.2597
2004-01-21,2.2,2.04,1.2637
2004-01-22,2.14,1.98,1.2727
2004-01-23,2.22,1.92,1.2581
2004-01-24,,,1.2581
2004-01-25,,,1.2581
2004-01-26,2.27,2.05,1.2468
2004-01-27,2.21,2.05,1.2641
2004-01-28,2.39,2.05,1.2429
2004-01-29,2.39,2.05,1.2406
2004-01-30,2.35,2.06,1.2464
2004-01-31,,,1.2464
2004-02-01,,,1.2464
2004-02-02,2.36,2.04,1.2438
2004-02-03,2.3,2.03,1.2541
2004-02-04,2.32,2.03,1.2537
2004-02-05,2.4,2.03,1.2553
2004-02-06,2.29,2.02,1.2705
2004-02-07,,,1.2705
2004-02-08,,,1.2705
2004-02-09,2.26,2.02,1.2694
2004-02-10,2.33,2.02,1.2681
2004-02-11,2.23,2.02,1.2843
2004-02-12,2.26,2.02,1.2812
2004-02-13,2.19,2.02,1.2731
2004-02-14,,,1.2731
2004-02-15,,,1.2731
2004-02-16,,2.02,1.2765
2004-02-17,2.2,2.02,1.2853
2004-02-18,2.22,2.02,1.2706
2004-02-19,2.2,2.02,1.2733
2004-02-20,2.25,2.04,1.2538
2004-02-21,,,1.2538
2004-02-22,,,1.2538
2004-02-23,2.21,2.05,1.2574
2004-02-24,2.2,2.05,1.268
2004-02-25,2.16,2.05,1.2492
2004-02-26,2.18,2.05,1.2438
2004-02-27,2.13,2.06,1.2489
2004-02-28,,,1.2489
2004-02-29,,,1.2489
2004-03-01,2.15,2.04,1.246
2004-03-02,2.21,2.03,1.2212
2004-03-03,2.23,1.99,1.2191
2004-03-04,2.21,1.88,1.219
2004-03-05,2.02,1.84,1.2359
2004-03-06,,,1.2359
2004-03-07,,,1.2359
2004-03-08,1.95,1.9,1.2395
2004-03-09,1.92,1.99,1.2311
2004-03-10,1.94,2.02,1.2221
2004-03-11,1.95,2.02,1.2341
2004-03-12,1.95,2.02,1.2221
2004-03-13,,,1.2221
2004-03-14,,,1.2221
2004-03-15,1.97,2.02,1.2262
2004-03-16,1.89,2.01,1.2269
2004-03-17,1.92,2.01,1.2226
2004-03-18,1.96,2.0,1.2386
2004-03-19,1.97,2.0,1.2277
2004-03-20,,,1.2277
2004-03-21,,,1.2277
2004-03-22,1.93,2.01,1.2345
2004-03-23,1.92,2.03,1.2346
2004-03-24,1.91,2.05,1.2119
2004-03-25,1.91,2.05,1.2114
2004-03-26,2.0,2.05,1.2119
2004-03-27,,,1.2119
2004-03-28,,,1.2119
2004-03-29,2.05,2.06,1.2157
2004-03-30,2.05,2.05,1.2168
2004-03-31,1.99,2.06,1.2314
2004-04-01,2.06,2.02,1.2362
2004-04-02,2.33,2.02,1.2132
2004-04-03,,,1.2132
2004-04-04,,,1.2132
2004-04-05,2.4,2.26,1.1999
2004-04-06,2.35,2.75,1.2136
2004-04-07,2.36,2.04,1.2168
2004-04-08,2.37,2.04,1.2081
2004-04-09,,,1.2088
2004-04-10,,,1.2088
2004-04-11,,,1.2088
2004-04-12,2.41,,1.208
2004-04-13,2.52,2.04,1.1936
2004-04-14,2.6,2.03,1.1954
2004-04-15,2.59,2.03,1.1976
2004-04-16,2.53,2.03,1.1997
2004-04-17,,,1.1997
2004-04-18,,,1.1997
2004-04-19,2.58,2.02,1.2001
2004-04-20,2.62,2.02,1.1847
2004-04-21,2.71,2.02,1.1832
2004-04-22,2.64,2.02,1.1905
2004-04-23,2.78,2.02,1.1846
2004-04-24,,,1.1846
2004-04-25,,,1.1846
2004-04-26,2.78,2.03,1.1859
2004-04-27,2.74,2.03,1.192
2004-04-28,2.82,2.04,1.1846
2004-04-29,2.88,2.04,1.1963
2004-04-30,2.86,2.06,1.1983
2004-05-01,,,1.1983
2004-05-02,,,1.1983
2004-05-03,2.86,2.04,1.1938
2004-05-04,2.88,2.04,1.2102
2004-05-05,2.91,2.04,1.2157
2004-05-06,2.94,2.03,1.2072
2004-05-07,3.19,1.83,1.1891
2004-05-08,,,1.1891
2004-05-09,,,1.1891
2004-05-10,3.18,1.84,1.1827
2004-05-11,3.19,2.07,1.1863
2004-05-12,3.19,2.03,1.1898
2004-05-13,3.24,2.03,1.1806
2004-05-14,3.16,2.03,1.1888
2004-05-15,,,1.1888
2004-05-16,,,1.1888
2004-05-17,3.07,2.03,1.2019
2004-05-18,3.13,2.03,1.195
2004-05-19,3.18,2.02,1.2019
2004-05-20,3.12,2.02,1.1961
2004-05-21,3.18,2.03,1.1981
2004-05-22,,,1.1981
2004-05-23,,,1.1981
2004-05-24,3.17,2.03,1.2006
2004-05-25,3.16,2.03,1.2099
2004-05-26,3.08,2.03,1.2115
2004-05-27,3.02,2.03,1.2266
2004-05-28,3.1,2.04,1.2222
2004-05-29,,,1.2222
2004-05-30,,,1.2222
2004-05-31,,2.05,1.2194
2004-06-01,3.14,2.04,1.2237
2004-06-02,3.19,2.04,1.2204
2004-06-03,3.17,2.09,1.2216
2004-06-04,3.25,2.12,1.2284
2004-06-05,,,1.2284
2004-06-06,,,1.2284
2004-06-07,3.22,1.98,1.2322
2004-06-08,3.24,1.72,1.2257
2004-06-09,3.31,2.03,1.2032
2004-06-10,3.32,2.03,1.2112
2004-06-11,,2.03,1.2007
2004-06-12,,,1.2007
2004-06-13,,,1.2007
2004-06-14,3.45,2.03,1.2054
2004-06-15,3.26,2.03,1.216
2004-06-16,3.31,2.03,1.2006
2004-06-17,3.28,2.03,1.2044
2004-06-18,3.28,2.03,1.2131
2004-06-19,,,1.2131
2004-06-20,,,1.2131
2004-06-21,3.26,2.03,1.2109
2004-06-22,3.28,2.03,1.2115
2004-06-23,3.25,2.03,1.209
2004-06-24,3.21,2.03,1.2181
2004-06-25,3.2,2.04,1.2174
2004-06-26,,,1.2174
2004-06-27,,,1.2174
2004-06-28,3.32,2.04,1.2183
2004-06-29,3.28,2.05,1.208
2004-06-30,3.16,2.13,1.2183
2004-07-01,3.08,2.04,1.2153
2004-07-02,2.96,2.04,1.2315
2004-07-03,,,1.2315
2004-07-04,,,1.2315
2004-07-05,,2.11,1.2283
2004-07-06,2.99,2.53,1.2286
2004-07-07,2.99,2.04,1.2364
2004-07-08,2.97,2.04,1.2391
2004-07-09,2.96,2.04,1.2412
2004-07-10,,,1.2412
2004-07-11,,,1.2412
2004-07-12,2.96,2.04,1.2408
2004-07-13,3.0,2.04,1.2334
2004-07-14,3.02,2.04,1.2383
2004-07-15,3.04,2.04,1.2354
2004-07-16,2.93,2.04,1.2451
2004-07-17,,,1.2451
2004-07-18,,,1.2451
2004-07-19,2.94,2.04,1.2441
2004-07-20,3.06,2.04,1.2326
2004-07-21,3.1,2.04,1.2275
2004-07-22,3.09,2.04,1.2252
2004-07-23,3.08,2.04,1.209
2004-07-24,,,1.209
2004-07-25,,,1.209
2004-07-26,3.13,2.04,1.2144
2004-07-27,3.23,2.04,1.2054
2004-07-28,3.19,2.04,1.2053
2004-07-29,3.16,2.05,1.2038
2004-07-30,3.09,2.08,1.2021
2004-07-31,,,1.2021
2004-08-01,,,1.2021
2004-08-02,3.06,2.05,1.2021
2004-08-03,3.05,2.05,1.2047
2004-08-04,3.05,2.05,1.2048
2004-08-05,3.04,2.03,1.2054
2004-08-06,2.79,1.93,1.2277
2004-08-07,,,1.2277
2004-08-08,,,1.2277
2004-08-09,2.86,2.0,1.2266
2004-08-10,2.94,2.16,1.2226
2004-08-11,2.91,2.04,1.222
2004-08-12,2.89,2.04,1.2247
2004-08-13,2.85,2.04,1.2372
2004-08-14,,,1.2372
2004-08-15,,,1.2372
2004-08-16,2.87,2.04,1.2353
2004-08-17,2.81,2.04,1.2349
2004-08-18,2.82,2.04,1.2333
2004-08-19,2.8,2.04,1.2367
2004-08-20,2.83,2.04,1.2316
2004-08-21,,,1.2316
2004-08-22,,,1.2316
2004-08-23,2.87,2.04,1.2137
2004-08-24,2.87,2.04,1.2081
2004-08-25,2.88,2.04,1.2085
2004-08-26,2.85,2.04,1.2103
2004-08-27,2.85,2.04,1.2009
2004-08-28,,,1.2009
2004-08-29,,,1.2009
2004-08-30,2.82,2.04,1.205
2004-08-31,2.75,2.06,1.218
2004-09-01,2.74,2.04,1.2191
2004-09-02,2.8,2.02,1.2166
2004-09-03,2.94,2.01,1.2057
2004-09-04,,,1.2057
2004-09-05,,,1.2057
2004-09-06,,2.16,1.2063
2004-09-07,2.91,2.17,1.2102
2004-09-08,2.83,2.05,1.2182
2004-09-09,2.85,2.04,1.223
2004-09-10,2.84,2.04,1.2259
2004-09-11,,,1.2259
2004-09-12,,,1.2259
2004-09-13,2.83,2.04,1.2257
2004-09-14,2.81,2.04,1.2244
2004-09-15,2.84,2.04,1.215
2004-09-16,2.75,2.04,1.2183
2004-09-17,2.83,2.04,1.2186
2004-09-18,,,1.2186
2004-09-19,,,1.2186
2004-09-20,2.75,2.04,1.217
2004-09-21,2.79,2.04,1.2328
2004-09-22,2.78,2.04,1.2262
2004-09-23,2.83,2.04,1.2264
2004-09-24,2.88,2.04,1.227
2004-09-25,,,1.227
2004-09-26,,,1.227
2004-09-27,2.84,2.04,1.2297
2004-09-28,2.8,2.04,1.2323
2004-09-29,2.89,2.04,1.2329
2004-09-30,2.89,2.09,1.2428
2004-10-01,2.92,2.05,1.2414
2004-10-02,,,1.2414
2004-10-03,,,1.2414
2004-10-04,2.93,2.05,1.2284
2004-10-05,2.93,2.1,1.2308
2004-10-06,2.99,2.13,1.2282
2004-10-07,3.01,2.12,1.2284
2004-10-08,2.88,2.33,1.2409
2004-10-09,,,1.2409
2004-10-10,,,1.2409
2004-10-11,,2.77,1.2383
2004-10-12,2.84,2.05,1.2306
2004-10-13,2.8,2.05,1.2338
2004-10-14,2.76,2.05,1.2381
2004-10-15,2.8,2.06,1.2466
2004-10-16,,,1.2466
2004-10-17,,,1.2466
2004-10-18,2.82,2.06,1.2489
2004-10-19,2.84,2.06,1.2515
2004-10-20,2.78,2.05,1.2577
2004-10-21,2.83,2.05,1.261
2004-10-22,2.79,2.05,1.2681
2004-10-23,,,1.2681
2004-10-24,,,1.2681
2004-10-25,2.78,2.05,1.2803
2004-10-26,2.8,2.05,1.2744
2004-10-27,2.89,2.06,1.2698
2004-10-28,2.86,2.06,1.274
2004-10-29,2.82,2.09,1.2792
2004-10-30,,,1.2792
2004-10-31,,,1.2792
2004-11-01,2.89,2.06,1.2749
2004-11-02,2.86,2.06,1.2736
2004-11-03,2.85,2.13,1.2819
2004-11-04,2.89,2.24,1.2867
2004-11-05,3.04,2.12,1.2973
2004-11-06,,,1.2973
2004-11-07,,,1.2973
2004-11-08,3.08,2.02,1.2909
2004-11-09,3.05,2.06,1.2897
2004-11-10,3.07,2.07,1.2888
2004-11-11,,2.07,1.2903
2004-11-12,3.1,2.08,1.2965
2004-11-13,,,1.2965
2004-11-14,,,1.2965
2004-11-15,3.12,2.08,1.2952
2004-11-16,3.14,2.08,1.2954
2004-11-17,3.07,2.08,1.3033
2004-11-18,3.08,2.07,1.2942
2004-11-19,3.17,2.07,1.3032
2004-11-20,,,1.3032
2004-11-21,,,1.3032
2004-11-22,3.18,2.08,1.3038
2004-11-23,3.2,2.08,1.3083
2004-11-24,3.23,2.08,1.3184
2004-11-25,,2.08,1.327
2004-11-26,3.25,2.08,1.3285
2004-11-27,,,1.3285
2004-11-28,,,1.3285
2004-11-29,3.31,2.08,1.3267
2004-11-30,3.29,2.1,1.3284
2004-12-01,3.28,2.05,1.3337
2004-12-02,3.3,1.89,1.3264
2004-12-03,3.19,1.82,1.3454
2004-12-04,,,1.3454
2004-12-05,,,1.3454
2004-12-06,3.17,1.83,1.3403
2004-12-07,3.19,1.98,1.3424
2004-12-08,3.12,2.07,1.335
2004-12-09,3.15,2.08,1.3308
2004-12-10,3.15,2.09,1.3211
2004-12-11,,,1.3211
2004-12-12,,,1.3211
2004-12-13,3.18,2.1,1.3312
2004-12-14,3.17,2.1,1.3289
2004-12-15,3.14,2.09,1.3397
2004-12-16,3.21,2.08,1.3252
2004-12-17,3.22,2.08,1.3315
2004-12-18,,,1.3315
2004-12-19,,,1.3315
2004-12-20,3.23,2.08,1.3393
2004-12-21,3.22,2.09,1.3361
2004-12-22,3.21,2.08,1.3387
2004-12-23,3.21,2.08,1.3503
2004-12-24,,2.08,1.3533
2004-12-25,,,1.3533
2004-12-26,,,1.3533
2004-12-27,3.26,2.08,1.3615
2004-12-28,3.27,2.08,1.361
2004-12-29,3.32,2.08,1.3609
2004-12-30,3.27,2.11,1.363
2004-12-31,3.25,2.21,1.3561
2005-01-01,,,1.3561
2005-01-02,,,1.3561
2005-01-03,3.28,2.09,1.3464
2005-01-04,3.38,2.09,1.3269
2005-01-05,3.39,2.08,1.3271
2005-01-06,3.36,2.08,1.3182
2005-01-07,3.4,2.08,1.3056
2005-01-08,,,1.3056
2005-01-09,,,1.3056
2005-01-10,3.41,2.09,1.3099
2005-01-11,3.41,2.09,1.3117
2005-01-12,3.38,2.08,1.3249
2005-01-13,3.36,1.98,1.3212
2005-01-14,3.41,1.97,1.3095
2005-01-15,,,1.3095
2005-01-16,,,1.3095
2005-01-17,,2.12,1.305
2005-01-18,3.42,2.14,1.3015
2005-01-19,3.42,2.08,1.3007
2005-01-20,3.38,2.08,1.2954
2005-01-21,3.33,2.08,1.3006
2005-01-22,,,1.3006
2005-01-23,,,1.3006
2005-01-24,3.36,2.08,1.3042
2005-01-25,3.39,2.08,1.2971
2005-01-26,3.43,2.08,1.307
2005-01-27,3.45,2.08,1.3037
2005-01-28,3.41,2.08,1.3042
2005-01-29,,,1.3042
2005-01-30,,,1.3042
2005-01-31,3.43,2.09,1.3047
2005-02-01,3.43,2.07,1.3041
2005-02-02,3.47,2.01,1.3031
2005-02-03,3.51,2.05,1.2976
2005-02-04,3.44,2.04,1.2862
2005-02-05,,,1.2862
2005-02-06,,,1.2862
2005-02-07,3.46,2.03,1.275
2005-02-08,3.47,2.07,1.2762
2005-02-09,3.38,2.07,1.281
2005-02-10,3.43,2.07,1.2874
2005-02-11,3.48,2.07,1.285
2005-02-12,,,1.285
2005-02-13,,,1.285
2005-02-14,3.51,2.07,1.2971
2005-02-15,3.51,2.07,1.3018
2005-02-16,3.56,2.06,1.3026
2005-02-17,3.55,2.06,1.3071
2005-02-18,3.62,2.06,1.3069
2005-02-19,,,1.3069
2005-02-20,,,1.3069
2005-02-21,,2.06,1.3057
2005-02-22,3.62,2.06,1.3254
2005-02-23,3.63,2.06,1.3209
2005-02-24,3.67,2.06,1.319
2005-02-25,3.68,2.06,1.3241
2005-02-26,,,1.3241
2005-02-27,,,1.3241
2005-02-28,3.75,2.07,1.3216
2005-03-01,3.76,2.06,1.3183
2005-03-02,3.75,2.06,1.3134
2005-03-03,3.76,2.05,1.3106
2005-03-04,3.73,2.02,1.3242
2005-03-05,,,1.3242
2005-03-06,,,1.3242
2005-03-07,3.76,1.98,1.3214
2005-03-08,3.79,2.01,1.335
2005-03-09,3.87,2.06,1.3389
2005-03-10,3.87,2.06,1.3406
2005-03-11,3.94,2.06,1.3468
2005-03-12,,,1.3468
2005-03-13,,,1.3468
2005-03-14,3.95,2.06,1.3364
2005-03-15,3.96,2.06,1.3309
2005-03-16,3.92,2.06,1.3416
2005-03-17,3.89,2.06,1.3376
2005-03-18,3.91,2.06,1.3318
2005-03-19,,,1.3318
2005-03-20,,,1.3318
2005-03-21,3.93,2.06,1.3165
2005-03-22,4.06,2.07,1.3082
2005-03-23,4.05,2.07,1.2987
2005-03-24,4.06,2.07,1.2942
2005-03-25,,,1.2951
2005-03-26,,,1.2951
2005-03-27,,,1.2951
2005-03-28,4.09,,1.2894
2005-03-29,4.05,2.07,1.2922
2005-03-30,4.03,2.07,1.2913
2005-03-31,3.96,2.12,1.2962
2005-04-01,3.9,2.07,1.2906
2005-04-02,,,1.2906
2005-04-03,,,1.2906
2005-04-04,3.9,2.07,1.2851
2005-04-05,3.91,2.07,1.2853
2005-04-06,3.86,2.07,1.2869
2005-04-07,3.89,2.07,1.2849
2005-04-08,3.94,2.06,1.2931
2005-04-09,,,1.2931
2005-04-10,,,1.2931
2005-04-11,3.91,2.09,1.2969
2005-04-12,3.85,2.18,1.2917
2005-04-13,3.83,2.07,1.2918
2005-04-14,3.76,2.07,1.2801
2005-04-15,3.68,2.07,1.2898
2005-04-16,,,1.2898
2005-04-17,,,1.2898
2005-04-18,3.69,2.07,1.3025
2005-04-19,3.64,2.07,1.3056
2005-04-20,3.65,2.06,1.3085
2005-04-21,3.77,2.06,1.3046
2005-04-22,3.73,2.06,1.306
2005-04-23,,,1.306
2005-04-24,,,1.306
2005-04-25,3.75,2.07,1.2989
2005-04-26,3.77,2.07,1.2991
2005-04-27,3.75,2.07,1.2923
2005-04-28,3.67,2.08,1.2901
2005-04-29,3.73,2.09,1.2873
2005-04-30,,,1.2873
2005-05-01,,,1.2873
2005-05-02,3.71,2.07,1.2851
2005-05-03,3.73,2.07,1.2872
2005-05-04,3.7,2.08,1.2952
2005-05-05,3.65,2.09,1.2954
2005-05-06,3.8,2.06,1.2835
2005-05-07,,,1.2835
2005-05-08,,,1.2835
2005-05-09,3.83,2.05,1.2863
2005-05-10,3.79,1.99,1.2877
2005-05-11,3.78,2.07,1.2805
2005-05-12,3.75,2.07,1.2675
2005-05-13,3.71,2.07,1.2608
2005-05-14,,,1.2608
2005-05-15,,,1.2608
2005-05-16,3.71,2.07,1.2631
2005-05-17,3.71,2.07,1.2608
2005-05-18,3.67,2.07,1.2674
2005-05-19,3.73,2.07,1.2635
2005-05-20,3.77,2.07,1.2549
2005-05-21,,,1.2549
2005-05-22,,,1.2549
2005-05-23,3.73,2.07,1.2566
2005-05-24,3.68,2.08,1.2576
2005-05-25,3.68,2.08,1.2601
2005-05-26,3.72,2.08,1.2512
2005-05-27,3.72,2.08,1.2577
2005-05-28,,,1.2577
2005-05-29,,,1.2577
2005-05-30,,2.08,1.2473
2005-05-31,3.65,2.1,1.2307
2005-06-01,3.55,2.08,1.2204
2005-06-02,3.56,2.07,1.2274
2005-06-03,3.63,2.04,1.2225
2005-06-04,,,1.2225
2005-06-05,,,1.2225
2005-06-06,3.64,1.98,1.2258
2005-06-07,3.62,1.78,1.2281
2005-06-08,3.65,2.08,1.2232
2005-06-09,3.68,2.08,1.2225
2005-06-10,3.75,2.08,1.2131
2005-06-11,,,1.2131
2005-06-12,,,1.2131
2005-06-13,3.77,2.08,1.2111
2005-06-14,3.78,2.08,1.2028
2005-06-15,3.79,2.07,1.2124
2005-06-16,3.76,2.07,1.2106
2005-06-17,3.76,2.07,1.228
2005-06-18,,,1.228
2005-06-19,,,1.228
2005-06-20,3.78,2.07,1.2154
2005-06-21,3.75,2.07,1.2174
2005-06-22,3.65,2.07,1.2128
2005-06-23,3.66,2.07,1.203
2005-06-24,3.63,2.08,1.2093
2005-06-25,,,1.2093
2005-06-26,,,1.2093
2005-06-27,3.62,2.09,1.217
2005-06-28,3.68,2.09,1.2064
2005-06-29,3.69,2.1,1.2069
2005-06-30,3.67,2.17,1.2092
2005-07-01,3.77,2.08,1.1936
2005-07-02,,,1.1936
2005-07-03,,,1.1936
2005-07-04,,2.08,1.1896
2005-07-05,3.82,2.08,1.1916
2005-07-06,3.8,2.08,1.1932
2005-07-07,3.75,2.11,1.1949
2005-07-08,3.82,2.03,1.197
2005-07-09,,,1.197
2005-07-10,,,1.197
2005-07-11,3.85,1.97,1.2073
2005-07-12,3.88,2.06,1.2239
2005-07-13,3.89,2.08,1.208
2005-07-14,3.91,2.08,1.2081
2005-07-15,3.92,2.08,1.2042
2005-07-16,,,1.2042
2005-07-17,,,1.2042
2005-07-18,3.94,2.08,1.2049
2005-07-19,3.93,2.08,1.2029
2005-07-20,3.93,2.07,1.2149
2005-07-21,4.01,2.07,1.2163
2005-07-22,3.97,2.07,1.2065
2005-07-23,,,1.2065
2005-07-24,,,1.2065
2005-07-25,3.99,2.08,1.2068
2005-07-26,4.0,2.08,1.2023
2005-07-27,4.04,2.08,1.2061
2005-07-28,4.0,2.08,1.2124
2005-07-29,4.06,2.11,1.2134
2005-07-30,,,1.2134
2005-07-31,,,1.2134
2005-08-01,4.09,2.08,1.2174
2005-08-02,4.1,2.08,1.2195
2005-08-03,4.07,2.08,1.2331
2005-08-04,4.09,2.09,1.2385
2005-08-05,4.16,2.09,1.2371
2005-08-06,,,1.2371
2005-08-07,,,1.2371
2005-08-08,4.22,2.07,1.2346
2005-08-09,4.19,1.63,1.2376
2005-08-10,4.18,2.08,1.2387
2005-08-11,4.14,2.08,1.2469
2005-08-12,4.08,2.08,1.2435
2005-08-13,,,1.2435
2005-08-14,,,1.2435
2005-08-15,4.11,2.08,1.2367
2005-08-16,4.06,2.08,1.2353
2005-08-17,4.1,2.08,1.2274
2005-08-18,4.04,2.08,1.2175
2005-08-19,4.05,2.08,1.2151
2005-08-20,,,1.2151
2005-08-21,,,1.2151
2005-08-22,4.06,2.08,1.2222
2005-08-23,4.03,2.08,1.2229
2005-08-24,4.03,2.08,1.227
2005-08-25,4.03,2.08,1.2296
2005-08-26,4.07,2.08,1.2278
2005-08-27,,,1.2278
2005-08-28,,,1.2278
2005-08-29,4.07,2.08,1.2223
2005-08-30,4.01,2.07,1.2217
2005-08-31,3.83,2.09,1.234
2005-09-01,3.8,2.08,1.2493
2005-09-02,3.79,2.09,1.2529
2005-09-03,,,1.2529
2005-09-04,,,1.2529
2005-09-05,,2.17,1.2542
2005-09-06,3.83,2.18,1.2463
2005-09-07,3.89,2.08,1.241
2005-09-08,3.89,2.08,1.2394
2005-09-09,3.9,2.08,1.241
2005-09-10,,,1.241
2005-09-11,,,1.241
2005-09-12,3.93,2.08,1.2274
2005-09-13,3.88,2.08,1.2268
2005-09-14,3.91,2.08,1.2281
2005-09-15,3.93,2.08,1.2221
2005-09-16,4.0,2.08,1.2237
2005-09-17,,,1.2237
2005-09-18,,,1.2237
2005-09-19,3.95,2.08,1.2134
2005-09-20,4.01,2.08,1.2116
2005-09-21,3.96,2.08,1.2223
2005-09-22,3.95,2.08,1.2147
2005-09-23,4.03,2.08,1.2041
2005-09-24,,,1.2041
2005-09-25,,,1.2041
2005-09-26,4.08,2.08,1.207
2005-09-27,4.09,2.09,1.2016
2005-09-28,4.09,2.09,1.2043
2005-09-29,4.13,2.1,1.2033
2005-09-30,4.18,2.15,1.2025
2005-10-01,,,1.2025
2005-10-02,,,1.2025
2005-10-03,4.23,2.09,1.1917
2005-10-04,4.22,2.09,1.1918
2005-10-05,4.2,2.1,1.2006
2005-10-06,4.21,2.1,1.2181
2005-10-07,4.19,2.02,1.2127
2005-10-08,,,1.2127
2005-10-09,,,1.2127
2005-10-10,,1.96,1.2066
2005-10-11,4.23,1.93,1.199
2005-10-12,4.27,2.08,1.2026
2005-10-13,4.27,2.08,1.2025
2005-10-14,4.3,2.08,1.2072
2005-10-15,,,1.2072
2005-10-16,,,1.2072
2005-10-17,4.31,2.08,1.2016
2005-10-18,4.3,2.08,1.1965
2005-10-19,4.28,2.08,1.1995
2005-10-20,4.29,2.08,1.2018
2005-10-21,4.23,2.08,1.1951
2005-10-22,,,1.1951
2005-10-23,,,1.1951
2005-10-24,4.28,2.08,1.1977
2005-10-25,4.36,2.08,1.211
2005-10-26,4.42,2.08,1.2057
2005-10-27,4.39,2.08,1.2138
2005-10-28,4.42,2.07,1.2067
2005-10-29,,,1.2067
2005-10-30,,,1.2067
2005-10-31,4.41,2.09,1.1982
2005-11-01,4.44,2.07,1.2032
2005-11-02,4.46,2.07,1.2073
2005-11-03,4.5,2.07,1.1941
2005-11-04,4.5,2.09,1.1811
2005-11-05,,,1.1811
2005-11-06,,,1.1811
2005-11-07,4.5,2.09,1.1788
2005-11-08,4.47,1.87,1.1779
2005-11-09,4.53,2.08,1.1768
2005-11-10,4.48,2.08,1.1689
2005-11-11,,2.08,1.1727
2005-11-12,,,1.1727
2005-11-13,,,1.1727
2005-11-14,4.52,2.08,1.1692
2005-11-15,4.5,2.08,1.1719
2005-11-16,4.43,2.08,1.167
2005-11-17,4.39,2.08,1.1741
2005-11-18,4.41,2.08,1.1772
2005-11-19,,,1.1772
2005-11-20,,,1.1772
2005-11-21,4.39,2.11,1.1724
2005-11-22,4.33,2.16,1.1819
2005-11-23,4.36,2.19,1.181
2005-11-24,,2.16,1.1779
2005-11-25,4.33,2.11,1.1721
2005-11-26,,,1.1721
2005-11-27,,,1.1721
2005-11-28,4.32,2.11,1.1846
2005-11-29,4.4,2.09,1.1765
2005-11-30,4.41,2.06,1.1789
2005-12-01,4.44,2.04,1.1738
2005-12-02,4.43,1.8,1.1714
2005-12-03,,,1.1714
2005-12-04,,,1.1714
2005-12-05,4.48,1.85,1.1791
2005-12-06,4.41,2.32,1.178
2005-12-07,4.42,2.32,1.171
2005-12-08,4.36,2.32,1.1815
2005-12-09,4.43,2.32,1.1812
2005-12-10,,,1.1812
2005-12-11,,,1.1812
2005-12-12,4.45,2.32,1.1953
2005-12-13,4.43,2.32,1.1934
2005-12-14,4.36,2.32,1.1992
2005-12-15,4.37,2.32,1.1969
2005-12-16,4.35,2.33,1.2012
2005-12-17,,,1.2012
2005-12-18,,,1.2012
2005-12-19,4.37,2.33,1.2
2005-12-20,4.41,2.33,1.1863
2005-12-21,4.43,2.34,1.1833
2005-12-22,4.38,2.4,1.1872
2005-12-23,4.34,2.35,1.1872
2005-12-24,,,1.1872
2005-12-25,,,1.1872
2005-12-26,,,1.1845
2005-12-27,4.31,2.35,1.1828
2005-12-28,4.34,2.35,1.1836
2005-12-29,4.35,2.34,1.184
2005-12-30,4.37,2.42,1.1846
2005-12-31,,,1.1846
2006-01-01,,,1.1846
2006-01-02,,2.35,1.1819
2006-01-03,4.3,2.34,1.2013
2006-01-04,4.28,2.34,1.2107
2006-01-05,4.29,2.34,1.2095
2006-01-06,4.32,2.34,1.215
2006-01-07,,,1.215
2006-01-08,,,1.215
2006-01-09,4.32,2.34,1.2079
2006-01-10,4.36,2.34,1.2058
2006-01-11,4.39,2.34,1.2138
2006-01-12,4.35,2.32,1.2032
2006-01-13,4.29,2.21,1.2143
2006-01-14,,,1.2143
2006-01-15,,,1.2143
2006-01-16,,2.31,1.2112
2006-01-17,4.28,2.3,1.2115
2006-01-18,4.29,2.33,1.2117
2006-01-19,4.32,2.33,1.2089
2006-01-20,4.32,2.33,1.2132
2006-01-21,,,1.2132
2006-01-22,,,1.2132
2006-01-23,4.31,2.33,1.2295
2006-01-24,4.33,2.33,1.2267
2006-01-25,4.41,2.33,1.2241
2006-01-26,4.45,2.33,1.2203
2006-01-27,4.46,2.33,1.2091
2006-01-28,,,1.2091
2006-01-29,,,1.2091
2006-01-30,4.47,2.33,1.209
2006-01-31,4.49,2.34,1.2147
2006-02-01,4.54,2.33,1.2056
2006-02-02,4.54,2.34,1.2085
2006-02-03,4.54,2.4,1.2024
2006-02-04,,,1.2024
2006-02-05,,,1.2024
2006-02-06,4.57,2.38,1.1971
2006-02-07,4.57,2.34,1.1983
2006-02-08,4.61,2.34,1.1957
2006-02-09,4.62,2.34,1.1984
2006-02-10,4.67,2.34,1.1904
2006-02-11,,,1.1904
2006-02-12,,,1.1904
2006-02-13,4.66,2.34,1.19
2006-02-14,4.68,2.34,1.1913
2006-02-15,4.68,2.34,1.1891
2006-02-16,4.67,2.34,1.1901
2006-02-17,4.64,2.34,1.1939
2006-02-18,,,1.1939
2006-02-19,,,1.1939
2006-02-20,,2.34,1.1935
2006-02-21,4.68,2.34,1.1907
2006-02-22,4.66,2.34,1.1909
2006-02-23,4.7,2.35,1.1918
2006-02-24,4.7,2.35,1.1876
2006-02-25,,,1.1876
2006-02-26,,,1.1876
2006-02-27,4.71,2.36,1.1845
2006-02-28,4.67,2.4,1.1928
2006-03-01,4.68,2.37,1.1921
2006-03-02,4.72,2.38,1.2032
2006-03-03,4.75,2.35,1.2043
2006-03-04,,,1.2043
2006-03-05,,,1.2043
2006-03-06,4.77,2.29,1.2007
2006-03-07,4.79,2.08,1.1886
2006-03-08,4.77,2.58,1.1927
2006-03-09,4.77,2.58,1.1904
2006-03-10,4.8,2.58,1.1905
2006-03-11,,,1.1905
2006-03-12,,,1.1905
2006-03-13,4.81,2.58,1.196
2006-03-14,4.72,2.58,1.2014
2006-03-15,4.72,2.58,1.2066
2006-03-16,4.62,2.58,1.217
2006-03-17,4.64,2.58,1.2189
2006-03-18,,,1.2189
2006-03-19,,,1.2189
2006-03-20,4.62,2.58,1.2159
2006-03-21,4.71,2.58,1.2112
2006-03-22,4.72,2.58,1.2077
2006-03-23,4.74,2.58,1.1967
2006-03-24,4.67,2.58,1.2031
2006-03-25,,,1.2031
2006-03-26,,,1.2031
2006-03-27,4.69,2.58,1.2015
2006-03-28,4.79,2.58,1.1999
2006-03-29,4.81,2.58,1.2022
2006-03-30,4.84,2.59,1.2165
2006-03-31,4.83,2.62,1.2117
2006-04-01,,,1.2117
2006-04-02,,,1.2117
2006-04-03,4.85,2.59,1.213
2006-04-04,4.83,2.59,1.2258
2006-04-05,4.79,2.61,1.229
2006-04-06,4.83,2.67,1.2217
2006-04-07,4.89,2.69,1.2091
2006-04-08,,,1.2091
2006-04-09,,,1.2091
2006-04-10,4.89,2.71,1.2112
2006-04-11,4.86,2.63,1.2139
2006-04-12,4.9,2.6,1.2102
2006-04-13,4.96,2.61,1.2106
2006-04-14,,,1.2109
2006-04-15,,,1.2109
2006-04-16,,,1.2109
2006-04-17,4.91,,1.2255
2006-04-18,4.86,2.61,1.2362
2006-04-19,4.87,2.61,1.2377
2006-04-20,4.89,2.62,1.2314
2006-04-21,4.89,2.62,1.234
2006-04-22,,,1.234
2006-04-23,,,1.234
2006-04-24,4.88,2.62,1.2382
2006-04-25,4.94,2.63,1.2426
2006-04-26,4.99,2.63,1.2447
2006-04-27,4.92,2.62,1.2527
2006-04-28,4.87,2.65,1.2632
2006-04-29,,,1.2632
2006-04-30,,,1.2632
2006-05-01,4.95,,1.2565
2006-05-02,4.94,2.62,1.2609
2006-05-03,4.96,2.59,1.263
2006-05-04,4.99,2.49,1.2695
2006-05-05,4.96,2.39,1.2726
2006-05-06,,,1.2726
2006-05-07,,,1.2726
2006-05-08,4.99,2.43,1.2702
2006-05-09,4.98,2.52,1.2762
2006-05-10,5.0,2.6,1.278
2006-05-11,5.01,2.61,1.2836
2006-05-12,5.03,2.61,1.2926
2006-05-13,,,1.2926
2006-05-14,,,1.2926
2006-05-15,5.01,2.61,1.2798
2006-05-16,4.97,2.6,1.286
2006-05-17,5.0,2.6,1.2725
2006-05-18,4.94,2.6,1.2854
2006-05-19,4.95,2.6,1.2775
2006-05-20,,,1.2775
2006-05-21,,,1.2775
2006-05-22,4.94,2.6,1.2857
2006-05-23,4.97,2.6,1.2779
2006-05-24,4.92,2.6,1.2755
2006-05-25,4.97,2.6,1.2824
2006-05-26,4.94,2.6,1.2737
2006-05-27,,,1.2737
2006-05-28,,,1.2737
2006-05-29,,2.6,1.2747
2006-05-30,4.99,2.6,1.2873
2006-05-31,5.03,2.62,1.2814
2006-06-01,5.02,2.6,1.2815
2006-06-02,4.91,2.59,1.2914
2006-06-03,,,1.2914
2006-06-04,,,1.2914
2006-06-05,4.95,2.57,1.2904
2006-06-06,4.96,2.55,1.2821
2006-06-07,4.99,2.47,1.28
2006-06-08,4.97,2.47,1.265
2006-06-09,4.96,2.48,1.2638
2006-06-10,,,1.2638
2006-06-11,,,1.2638
2006-06-12,4.97,2.5,1.2579
2006-06-13,4.96,2.52,1.2544
2006-06-14,5.06,2.5,1.2604
2006-06-15,5.1,2.84,1.263
2006-06-16,5.13,2.84,1.2641
2006-06-17,,,1.2641
2006-06-18,,,1.2641
2006-06-19,5.15,2.84,1.2573
2006-06-20,5.16,2.84,1.2583
2006-06-21,5.16,2.84,1.2664
2006-06-22,5.21,2.83,1.2568
2006-06-23,5.23,2.83,1.2504
2006-06-24,,,1.2504
2006-06-25,,,1.2504
2006-06-26,5.25,2.83,1.2587
2006-06-27,5.22,2.84,1.2574
2006-06-28,5.26,2.84,1.2548
2006-06-29,5.19,2.84,1.2666
2006-06-30,5.13,2.89,1.279
2006-07-01,,,1.279
2006-07-02,,,1.279
2006-07-03,5.14,2.83,1.2792
2006-07-04,,2.82,1.2789
2006-07-05,5.21,2.81,1.2722
2006-07-06,5.17,2.8,1.2777
2006-07-07,5.13,2.78,1.2807
2006-07-08,,,1.2807
2006-07-09,,,1.2807
2006-07-10,5.13,2.78,1.2739
2006-07-11,5.11,2.76,1.2765
2006-07-12,5.12,2.83,1.2701
2006-07-13,5.07,2.83,1.2691
2006-07-14,5.05,2.83,1.265
2006-07-15,,,1.265
2006-07-16,,,1.265
2006-07-17,5.07,2.83,1.2519
2006-07-18,5.13,2.83,1.2506
2006-07-19,5.06,2.83,1.2592
2006-07-20,5.01,2.83,1.2627
2006-07-21,5.02,2.83,1.2694
2006-07-22,,,1.2694
2006-07-23,,,1.2694
2006-07-24,5.03,2.83,1.2634
2006-07-25,5.05,2.83,1.2579
2006-07-26,5.02,2.82,1.2714
2006-07-27,5.01,2.81,1.2697
2006-07-28,4.94,2.78,1.2756
2006-07-29,,,1.2756
2006-07-30,,,1.2756
2006-07-31,4.93,2.8,1.2766
2006-08-01,4.91,2.78,1.282
2006-08-02,4.9,2.77,1.279
2006-08-03,4.92,2.75,1.2802
2006-08-04,4.86,2.7,1.2872
2006-08-05,,,1.2872
2006-08-06,,,1.2872
2006-08-07,4.89,2.68,1.2815
2006-08-08,4.86,2.73,1.282
2006-08-09,4.88,3.07,1.2862
2006-08-10,4.89,3.07,1.2792
2006-08-11,4.93,3.07,1.2721
2006-08-12,,,1.2721
2006-08-13,,,1.2721
2006-08-14,4.98,3.07,1.2722
2006-08-15,4.91,3.07,1.2784
2006-08-16,4.83,3.07,1.2843
2006-08-17,4.84,3.07,1.2826
2006-08-18,4.82,3.07,1.2823
2006-08-19,,,1.2823
2006-08-20,,,1.2823
2006-08-21,4.79,3.07,1.2884
2006-08-22,4.79,3.06,1.2805
2006-08-23,4.81,3.05,1.2786
2006-08-24,4.8,3.03,1.2762
2006-08-25,4.79,3.01,1.2752
2006-08-26,,,1.2752
2006-08-27,,,1.2752
2006-08-28,4.8,3.01,1.2784
2006-08-29,4.79,3.01,1.2828
2006-08-30,4.76,3.02,1.2836
2006-08-31,4.71,3.04,1.2804
2006-09-01,4.7,3.01,1.2839
2006-09-02,,,1.2839
2006-09-03,,,1.2839
2006-09-04,,2.98,1.286
2006-09-05,4.73,3.04,1.2817
2006-09-06,4.76,3.06,1.2804
2006-09-07,4.76,3.06,1.2732
2006-09-08,4.73,3.06,1.2672
2006-09-09,,,1.2672
2006-09-10,,,1.2672
2006-09-11,4.77,3.06,1.2699
2006-09-12,4.74,3.06,1.2682
2006-09-13,4.72,3.05,1.2697
2006-09-14,4.77,3.05,1.2722
2006-09-15,4.79,3.05,1.2662
2006-09-16,,,1.2662
2006-09-17,,,1.2662
2006-09-18,4.8,3.05,1.2703
2006-09-19,4.72,3.04,1.267
2006-09-20,4.73,3.04,1.2688
2006-09-21,4.61,3.02,1.278
2006-09-22,4.58,3.01,1.2783
2006-09-23,,,1.2783
2006-09-24,,,1.2783
2006-09-25,4.54,3.01,1.2744
2006-09-26,4.59,3.02,1.2682
2006-09-27,4.59,3.04,1.2701
2006-09-28,4.6,3.05,1.2694
2006-09-29,4.62,3.1,1.2676
2006-09-30,,,1.2676
2006-10-01,,,1.2676
2006-10-02,4.59,3.06,1.2737
2006-10-03,4.59,3.1,1.2723
2006-10-04,4.53,3.19,1.2714
2006-10-05,4.58,3.24,1.2691
2006-10-06,4.67,3.25,1.2598
2006-10-07,,,1.2598
2006-10-08,,,1.2598
2006-10-09,,3.19,1.2593
2006-10-10,4.75,3.09,1.2533
2006-10-11,4.78,3.31,1.2523
2006-10-12,4.78,3.31,1.2558
2006-10-13,4.79,3.31,1.2513
2006-10-14,,,1.2513
2006-10-15,,,1.2513
2006-10-16,4.78,3.32,1.2532
2006-10-17,4.77,3.32,1.2536
2006-10-18,4.77,3.32,1.2532
2006-10-19,4.79,3.33,1.2623
2006-10-20,4.8,3.33,1.2615
2006-10-21,,,1.2615
2006-10-22,,,1.2615
2006-10-23,4.84,3.33,1.2548
2006-10-24,4.84,3.34,1.2553
2006-10-25,4.79,3.34,1.2604
2006-10-26,4.74,3.35,1.2686
2006-10-27,4.68,3.35,1.2739
2006-10-28,,,1.2739
2006-10-29,,,1.2739
2006-10-30,4.68,3.36,1.2715
2006-10-31,4.62,3.38,1.2764
2006-11-01,4.56,3.33,1.2754
2006-11-02,4.6,3.36,1.2777
2006-11-03,4.74,3.35,1.2717
2006-11-04,,,1.2717
2006-11-05,,,1.2717
2006-11-06,4.74,3.33,1.2732
2006-11-07,4.69,3.32,1.2782
2006-11-08,4.65,3.33,1.2758
2006-11-09,4.66,3.33,1.2838
2006-11-10,4.63,3.33,1.2839
2006-11-11,,,1.2839
2006-11-12,,,1.2839
2006-11-13,4.66,3.33,1.2807
2006-11-14,4.63,3.33,1.2809
2006-11-15,4.69,3.33,1.2829
2006-11-16,4.75,3.32,1.2796
2006-11-17,4.67,3.32,1.2824
2006-11-18,,,1.2824
2006-11-19,,,1.2824
2006-11-20,4.66,3.32,1.2816
2006-11-21,4.65,3.32,1.2847
2006-11-22,4.63,3.32,1.2941
2006-11-23,,3.32,1.2948
2006-11-24,4.62,3.32,1.3095
2006-11-25,,,1.3095
2006-11-26,,,1.3095
2006-11-27,4.6,3.32,1.3132
2006-11-28,4.57,3.32,1.3193
2006-11-29,4.58,3.32,1.3151
2006-11-30,4.52,3.34,1.3239
2006-12-01,4.43,3.32,1.3338
2006-12-02,,,1.3338
2006-12-03,,,1.3338
2006-12-04,4.43,3.32,1.3339
2006-12-05,4.43,3.32,1.3317
2006-12-06,4.48,3.31,1.3278
2006-12-07,4.48,3.28,1.3283
2006-12-08,4.57,3.29,1.32
2006-12-09,,,1.32
2006-12-10,,,1.32
2006-12-11,4.55,3.35,1.3249
2006-12-12,4.49,3.36,1.3283
2006-12-13,4.6,3.57,1.3207
2006-12-14,4.63,3.58,1.3152
2006-12-15,4.62,3.59,1.3079
2006-12-16,,,1.3079
2006-12-17,,,1.3079
2006-12-18,4.62,3.6,1.3098
2006-12-19,4.62,3.61,1.3196
2006-12-20,4.62,3.63,1.3174
2006-12-21,4.57,3.67,1.318
2006-12-22,4.64,3.67,1.3129
2006-12-23,,,1.3129
2006-12-24,,,1.3129
2006-12-25,,,1.3129
2006-12-26,4.63,,1.3102
2006-12-27,4.69,3.69,1.3127
2006-12-28,4.72,3.67,1.3147
2006-12-29,4.74,3.69,1.3194
2006-12-30,,,1.3194
2006-12-31,,,1.3194
2007-01-01,,,1.3194
2007-01-02,4.71,3.6,1.3276
2007-01-03,4.69,3.6,1.3162
2007-01-04,4.63,3.6,1.3091
2007-01-05,4.68,3.59,1.3002
2007-01-06,,,1.3002
2007-01-07,,,1.3002
2007-01-08,4.7,3.58,1.3028
2007-01-09,4.7,3.56,1.2993
2007-01-10,4.72,3.53,1.2938
2007-01-11,4.78,3.52,1.2895
2007-01-12,4.81,3.5,1.2922
2007-01-13,,,1.2922
2007-01-14,,,1.2922
2007-01-15,,3.52,1.2933
2007-01-16,4.79,3.5,1.2917
2007-01-17,4.83,3.57,1.2939
2007-01-18,4.8,3.57,1.296
2007-01-19,4.83,3.57,1.2955
2007-01-20,,,1.2955
2007-01-21,,,1.2955
2007-01-22,4.82,3.57,1.2942
2007-01-23,4.85,3.57,1.302
2007-01-24,4.85,3.57,1.2963
2007-01-25,4.9,3.57,1.2927
2007-01-26,4.91,3.57,1.2917
2007-01-27,,,1.2917
2007-01-28,,,1.2917
2007-01-29,4.93,3.57,1.2959
2007-01-30,4.9,3.57,1.2963
2007-01-31,4.85,3.59,1.3022
2007-02-01,4.88,3.57,1.3022
2007-02-02,4.87,3.56,1.296
2007-02-03,,,1.296
2007-02-04,,,1.296
2007-02-05,4.84,3.56,1.2929
2007-02-06,4.8,3.55,1.2984
2007-02-07,4.77,3.53,1.3015
2007-02-08,4.77,3.53,1.3038
2007-02-09,4.82,3.54,1.3006
2007-02-10,,,1.3006
2007-02-11,,,1.3006
2007-02-12,4.84,3.55,1.296
2007-02-13,4.85,3.71,1.3034
2007-02-14,4.77,3.57,1.3133
2007-02-15,4.73,3.57,1.3136
2007-02-16,4.73,3.57,1.3138
2007-02-17,,,1.3138
2007-02-18,,,1.3138
2007-02-19,,3.57,1.315
2007-02-20,4.71,3.57,1.3136
2007-02-21,4.74,3.57,1.3142
2007-02-22,4.77,3.57,1.3126
2007-02-23,4.71,3.57,1.3165
2007-02-24,,,1.3165
2007-02-25,,,1.3165
2007-02-26,4.67,3.57,1.319
2007-02-27,4.5,3.56,1.3239
2007-02-28,4.55,3.6,1.3224
2007-03-01,4.54,3.57,1.3174
2007-03-02,4.48,3.57,1.319
2007-03-03,,,1.319
2007-03-04,,,1.319
2007-03-05,4.47,3.56,1.3081
2007-03-06,4.52,3.56,1.3125
2007-03-07,4.48,3.55,1.3178
2007-03-08,4.49,3.54,1.3133
2007-03-09,4.58,3.52,1.3115
2007-03-10,,,1.3115
2007-03-11,,,1.3115
2007-03-12,4.55,3.52,1.3189
2007-03-13,4.45,3.11,1.3192
2007-03-14,4.47,3.82,1.3216
2007-03-15,4.5,3.82,1.3237
2007-03-16,4.51,3.82,1.3315
2007-03-17,,,1.3315
2007-03-18,,,1.3315
2007-03-19,4.54,3.82,1.3307
2007-03-20,4.51,3.82,1.3317
2007-03-21,4.44,3.81,1.3387
2007-03-22,4.51,3.81,1.3326
2007-03-23,4.54,3.81,1.3282
2007-03-24,,,1.3282
2007-03-25,,,1.3282
2007-03-26,4.5,3.81,1.333
2007-03-27,4.51,3.81,1.3357
2007-03-28,4.49,3.82,1.3312
2007-03-29,4.52,3.83,1.333
2007-03-30,4.54,3.9,1.3352
2007-03-31,,,1.3352
2007-04-01,,,1.3352
2007-04-02,4.53,3.83,1.3366
2007-04-03,4.57,3.84,1.3328
2007-04-04,4.55,3.84,1.337
2007-04-05,4.57,3.86,1.3428
2007-04-06,4.68,,1.3378
2007-04-07,,,1.3378
2007-04-08,,,1.3378
2007-04-09,4.67,,1.3354
2007-04-10,4.64,3.83,1.3431
2007-04-11,4.66,3.83,1.3433
2007-04-12,4.66,3.82,1.3486
2007-04-13,4.71,3.73,1.3527
2007-04-14,,,1.3527
2007-04-15,,,1.3527
2007-04-16,4.68,3.69,1.3528
2007-04-17,4.61,3.79,1.3572
2007-04-18,4.57,3.83,1.3609
2007-04-19,4.58,3.83,1.3617
2007-04-20,4.58,3.83,1.3589
2007-04-21,,,1.3589
2007-04-22,,,1.3589
2007-04-23,4.55,3.83,1.3576
2007-04-24,4.52,3.83,1.3639
2007-04-25,4.55,3.83,1.3643
2007-04-26,4.6,3.83,1.359
2007-04-27,4.61,3.83,1.3649
2007-04-28,,,1.3649
2007-04-29,,,1.3649
2007-04-30,4.54,3.87,1.3641
2007-05-01,4.56,,1.3604
2007-05-02,4.57,3.84,1.3582
2007-05-03,4.62,3.84,1.3549
2007-05-04,4.59,3.83,1.359
2007-05-05,,,1.359
2007-05-06,,,1.359
2007-05-07,4.58,3.83,1.3594
2007-05-08,4.58,3.81,1.3543
2007-05-09,4.64,3.7,1.3526
2007-05-10,4.6,3.67,1.3476
2007-05-11,4.62,3.68,1.3523
2007-05-12,,,1.3523
2007-05-13,,,1.3523
2007-05-14,4.65,3.39,1.354
2007-05-15,4.66,3.83,1.3591
2007-05-16,4.66,3.83,1.3514
2007-05-17,4.71,3.83,1.3496
2007-05-18,4.75,3.83,1.3506
2007-05-19,,,1.3506
2007-05-20,,,1.3506
2007-05-21,4.74,3.83,1.3462
2007-05-22,4.77,3.83,1.3448
2007-05-23,4.79,3.83,1.3454
2007-05-24,4.8,3.83,1.343
2007-05-25,4.81,3.83,1.3443
2007-05-26,,,1.3443
2007-05-27,,,1.3443
2007-05-28,,3.83,1.3447
2007-05-29,4.83,3.83,1.3447
2007-05-30,4.85,3.82,1.3427
2007-05-31,4.88,3.85,1.3451
2007-06-01,4.94,3.8,1.3448
2007-06-02,,,1.3448
2007-06-03,,,1.3448
2007-06-04,4.92,3.76,1.3492
2007-06-05,4.97,3.73,1.3518
2007-06-06,4.94,3.68,1.3497
2007-06-07,5.03,3.69,1.3424
2007-06-08,5.03,3.82,1.3371
2007-06-09,,,1.3371
2007-06-10,,,1.3371
2007-06-11,5.03,3.81,1.3357
2007-06-12,5.13,3.79,1.3301
2007-06-13,5.1,4.08,1.3308
2007-06-14,5.13,4.08,1.3307
2007-06-15,5.07,4.07,1.3386
2007-06-16,,,1.3386
2007-06-17,,,1.3386
2007-06-18,5.05,4.07,1.3412
2007-06-19,4.98,4.07,1.3423
2007-06-20,5.01,4.06,1.3401
2007-06-21,5.01,4.06,1.3386
2007-06-22,4.97,4.06,1.3464
2007-06-23,,,1.3464
2007-06-24,,,1.3464
2007-06-25,4.92,4.07,1.3463
2007-06-26,4.95,4.07,1.3458
2007-06-27,4.93,4.08,1.3451
2007-06-28,4.98,4.08,1.3445
2007-06-29,4.89,4.14,1.3533
2007-06-30,,,1.3533
2007-07-01,,,1.3533
2007-07-02,4.86,4.07,1.363
2007-07-03,4.9,4.04,1.3607
2007-07-04,,4.01,1.3611
2007-07-05,5.0,4.05,1.3592
2007-07-06,5.02,4.06,1.3623
2007-07-07,,,1.3623
2007-07-08,,,1.3623
2007-07-09,5.0,4.06,1.3628
2007-07-10,4.87,4.07,1.3771
2007-07-11,4.9,4.07,1.3744
2007-07-12,4.97,4.07,1.3788
2007-07-13,4.95,4.07,1.3786
2007-07-14,,,1.3786
2007-07-15,,,1.3786
2007-07-16,4.89,4.07,1.3773
2007-07-17,4.92,4.07,1.3782
2007-07-18,4.86,4.07,1.3804
2007-07-19,4.88,4.07,1.3797
2007-07-20,4.78,4.07,1.3825
2007-07-21,,,1.3825
2007-07-22,,,1.3825
2007-07-23,4.81,4.07,1.3809
2007-07-24,4.76,4.07,1.3825
2007-07-25,4.74,4.07,1.3724
2007-07-26,4.54,4.07,1.3741
2007-07-27,4.53,4.06,1.3632
2007-07-28,,,1.3632
2007-07-29,,,1.3632
2007-07-30,4.57,4.05,1.3695
2007-07-31,4.55,4.08,1.3676
2007-08-01,4.53,4.05,1.3674
2007-08-02,4.57,4.04,1.3699
2007-08-03,4.45,4.05,1.3781
2007-08-04,,,1.3781
2007-08-05,,,1.3781
2007-08-06,4.45,4.07,1.3793
2007-08-07,4.55,4.23,1.3741
2007-08-08,4.64,4.09,1.3794
2007-08-09,4.51,4.22,1.3676
2007-08-10,4.51,4.14,1.3695
2007-08-11,,,1.3695
2007-08-12,,,1.3695
2007-08-13,4.49,4.1,1.3606
2007-08-14,4.42,4.05,1.3534
2007-08-15,4.31,4.01,1.342
2007-08-16,4.15,4.0,1.3426
2007-08-17,4.25,4.0,1.3475
2007-08-18,,,1.3475
2007-08-19,,,1.3475
2007-08-20,4.19,4.02,1.3474
2007-08-21,4.12,4.02,1.3461
2007-08-22,4.19,4.03,1.3548
2007-08-23,4.24,4.03,1.3565
2007-08-24,4.31,3.93,1.3674
2007-08-25,,,1.3674
2007-08-26,,,1.3674
2007-08-27,4.28,3.82,1.364
2007-08-28,4.14,3.72,1.36
2007-08-29,4.19,4.05,1.3673
2007-08-30,4.14,4.13,1.363
2007-08-31,4.16,4.29,1.3627
2007-09-01,,,1.3627
2007-09-02,,,1.3627
2007-09-03,,4.272,1.3621
2007-09-04,4.16,4.458,1.3603
2007-09-05,4.05,4.588,1.3647
2007-09-06,4.09,4.05,1.3689
2007-09-07,3.92,3.816,1.3768
2007-09-08,,,1.3768
2007-09-09,,,1.3768
2007-09-10,3.89,3.538,1.3804
2007-09-11,3.97,3.865,1.3835
2007-09-12,3.99,4.113,1.3904
2007-09-13,4.11,3.956,1.3863
2007-09-14,4.07,3.662,1.3874
2007-09-15,,,1.3874
2007-09-16,,,1.3874
2007-09-17,4.11,3.573,1.3859
2007-09-18,4.04,3.618,1.3982
2007-09-19,4.06,4.095,1.3965
2007-09-20,4.19,4.007,1.4067
2007-09-21,4.15,4.041,1.4089
2007-09-22,,,1.4089
2007-09-23,,,1.4089
2007-09-24,4.14,4.109,1.4076
2007-09-25,4.09,4.218,1.4147
2007-09-26,4.07,4.293,1.4129
2007-09-27,4.02,4.137,1.4145
2007-09-28,4.03,4.162,1.4264
2007-09-29,,,1.4264
2007-09-30,,,1.4264
2007-10-01,4.05,3.858,1.4231
2007-10-02,4.01,3.829,1.4147
2007-10-03,4.07,3.845,1.409
2007-10-04,4.06,3.811,1.4133
2007-10-05,4.16,3.673,1.4133
2007-10-06,,,1.4133
2007-10-07,,,1.4133
2007-10-08,,3.621,1.4053
2007-10-09,4.21,3.945,1.4104
2007-10-10,4.21,3.946,1.414
2007-10-11,4.18,3.818,1.4199
2007-10-12,4.27,3.83,1.4175
2007-10-13,,,1.4175
2007-10-14,,,1.4175
2007-10-15,4.25,3.99,1.421
2007-10-16,4.17,4.008,1.4172
2007-10-17,4.04,4.029,1.4213
2007-10-18,3.98,4.039,1.4286
2007-10-19,3.85,4.03,1.4299
2007-10-20,,,1.4299
2007-10-21,,,1.4299
2007-10-22,3.88,4.033,1.4174
2007-10-23,3.86,4.038,1.4259
2007-10-24,3.79,4.033,1.4262
2007-10-25,3.78,4.033,1.4329
2007-10-26,3.79,4.033,1.4392
2007-10-27,,,1.4392
2007-10-28,,,1.4392
2007-10-29,3.84,4.039,1.4419
2007-10-30,3.85,4.041,1.4437
2007-10-31,3.94,4.131,1.447
2007-11-01,3.8,4.067,1.4424
2007-11-02,3.68,4.061,1.4499
2007-11-03,,,1.4499
2007-11-04,,,1.4499
2007-11-05,3.71,4.054,1.4474
2007-11-06,3.73,4.041,1.4563
2007-11-07,3.6,4.041,1.4628
2007-11-08,3.46,4.035,1.4672
2007-11-09,3.44,3.944,1.4676
2007-11-10,,,1.4676
2007-11-11,,,1.4676
2007-11-12,,3.837,1.453
2007-11-13,3.52,3.755,1.4618
2007-11-14,3.53,4.039,1.4648
2007-11-15,3.35,4.047,1.4613
2007-11-16,3.3,4.056,1.4659
2007-11-17,,,1.4659
2007-11-18,,,1.4659
2007-11-19,3.16,4.057,1.4664
2007-11-20,3.15,4.073,1.4837
2007-11-21,3.03,4.083,1.4846
2007-11-22,,4.099,1.4846
2007-11-23,3.1,4.108,1.4836
2007-11-24,,,1.4836
2007-11-25,,,1.4836
2007-11-26,2.93,4.078,1.4862
2007-11-27,3.04,4.039,1.4825
2007-11-28,3.21,3.965,1.4832
2007-11-29,3.11,3.97,1.4747
2007-11-30,3.09,4.038,1.4631
2007-12-01,,,1.4631
2007-12-02,,,1.4631
2007-12-03,2.93,3.964,1.4667
2007-12-04,2.92,3.914,1.4764
2007-12-05,2.91,3.793,1.4615
2007-12-06,3.03,3.735,1.4638
2007-12-07,3.15,3.789,1.4655
2007-12-08,,,1.4655
2007-12-09,,,1.4655
2007-12-10,3.19,3.857,1.4719
2007-12-11,2.99,4.038,1.4656
2007-12-12,3.12,4.043,1.471
2007-12-13,3.22,4.026,1.4616
2007-12-14,3.32,3.852,1.4428
2007-12-15,,,1.4428
2007-12-16,,,1.4428
2007-12-17,3.25,3.912,1.4411
2007-12-18,3.2,3.874,1.4408
2007-12-19,3.13,3.87,1.4371
2007-12-20,3.09,3.933,1.4319
2007-12-21,3.2,3.882,1.4377
2007-12-22,,,1.4377
2007-12-23,,,1.4377
2007-12-24,3.25,3.849,1.4393
2007-12-25,,,1.4397
2007-12-26,3.32,,1.4482
2007-12-27,3.23,3.837,1.4608
2007-12-28,3.13,3.618,1.4722
2007-12-29,,,1.4722
2007-12-30,,,1.4722
2007-12-31,3.07,3.916,1.4593
2008-01-01,,,1.4593
2008-01-02,2.89,3.782,1.472
2008-01-03,2.85,3.909,1.4744
2008-01-04,2.75,4.087,1.4741
2008-01-05,,,1.4741
2008-01-06,,,1.4741
2008-01-07,2.76,4.107,1.4686
2008-01-08,2.76,4.119,1.4709
2008-01-09,2.69,4.174,1.4659
2008-01-10,2.74,4.053,1.4805
2008-01-11,2.61,3.883,1.4774
2008-01-12,,,1.4774
2008-01-13,,,1.4774
2008-01-14,2.61,3.881,1.4863
2008-01-15,2.55,4.078,1.4776
2008-01-16,2.55,4.041,1.4652
2008-01-17,2.46,4.018,1.4642
2008-01-18,2.39,3.968,1.4617
2008-01-19,,,1.4617
2008-01-20,,,1.4617
2008-01-21,,3.984,1.4428
2008-01-22,2.12,3.989,1.467
2008-01-23,2.12,3.994,1.463
2008-01-24,2.3,4.003,1.4754
2008-01-25,2.28,4.015,1.4681
2008-01-26,,,1.4681
2008-01-27,,,1.4681
2008-01-28,2.27,4.018,1.4787
2008-01-29,2.33,4.055,1.4768
2008-01-30,2.44,4.135,1.4853
2008-01-31,2.27,4.187,1.4848
2008-02-01,2.22,4.114,1.48
2008-02-02,,,1.48
2008-02-03,,,1.48
2008-02-04,2.23,4.082,1.4829
2008-02-05,2.08,4.034,1.4648
2008-02-06,2.11,4.024,1.462
2008-02-07,2.21,4.018,1.4494
2008-02-08,2.1,4.0,1.4505
2008-02-09,,,1.4505
2008-02-10,,,1.4505
2008-02-11,2.1,3.999,1.4518
2008-02-12,2.13,4.103,1.4576
2008-02-13,2.11,4.035,1.4571
2008-02-14,2.18,4.03,1.4639
2008-02-15,2.15,4.008,1.468
2008-02-16,,,1.468
2008-02-17,,,1.468
2008-02-18,,4.013,1.4652
2008-02-19,2.31,4.014,1.4728
2008-02-20,2.43,4.016,1.4711
2008-02-21,2.23,4.015,1.4818
2008-02-22,2.24,4.008,1.4826
2008-02-23,,,1.4826
2008-02-24,,,1.4826
2008-02-25,2.39,4.01,1.4828
2008-02-26,2.32,4.008,1.5011
2008-02-27,2.25,4.006,1.5118
2008-02-28,2.1,4.007,1.5193
2008-02-29,1.87,4.041,1.5177
2008-03-01,,,1.5177
2008-03-02,,,1.5177
2008-03-03,1.84,4.009,1.5197
2008-03-04,1.86,4.01,1.5199
2008-03-05,1.91,4.013,1.5274
2008-03-06,1.77,4.019,1.539
2008-03-07,1.75,4.047,1.5356
2008-03-08,,,1.5356
2008-03-09,,,1.5356
2008-03-10,1.67,4.128,1.5361
2008-03-11,1.93,4.229,1.5341
2008-03-12,1.81,4.04,1.5529
2008-03-13,1.84,4.029,1.5607
2008-03-14,1.65,4.026,1.5672
2008-03-15,,,1.5672
2008-03-16,,,1.5672
2008-03-17,1.52,4.046,1.5714
2008-03-18,1.74,4.083,1.564
2008-03-19,1.68,4.188,1.5642
2008-03-20,1.71,4.133,1.5445
2008-03-21,,,1.5432
2008-03-22,,,1.5432
2008-03-23,,,1.5432
2008-03-24,1.99,,1.5408
2008-03-25,1.93,4.193,1.5629
2008-03-26,1.86,4.187,1.5832
2008-03-27,1.88,4.125,1.581
2008-03-28,1.8,4.065,1.5805
2008-03-29,,,1.5805
2008-03-30,,,1.5805
2008-03-31,1.79,4.159,1.576
2008-04-01,1.94,4.025,1.5623
2008-04-02,2.05,4.035,1.5686
2008-04-03,2.08,4.006,1.5683
2008-04-04,1.98,3.942,1.5736
2008-04-05,,,1.5736
2008-04-06,,,1.5736
2008-04-07,2.1,3.913,1.5704
2008-04-08,2.06,3.895,1.5702
2008-04-09,1.95,4.023,1.5835
2008-04-10,2.02,4.014,1.5743
2008-04-11,1.94,3.973,1.5811
2008-04-12,,,1.5811
2008-04-13,,,1.5811
2008-04-14,1.97,3.988,1.5832
2008-04-15,2.05,3.783,1.5786
2008-04-16,2.2,4.005,1.5942
2008-04-17,2.31,3.989,1.5893
2008-04-18,2.35,3.921,1.5817
2008-04-19,,,1.5817
2008-04-20,,,1.5817
2008-04-21,2.37,3.877,1.5909
2008-04-22,2.43,3.892,1.5995
2008-04-23,2.45,3.977,1.5883
2008-04-24,2.61,4.027,1.568
2008-04-25,2.64,4.056,1.5628
2008-04-26,,,1.5628
2008-04-27,,,1.5628
2008-04-28,2.58,4.069,1.5653
2008-04-29,2.55,4.09,1.5564
2008-04-30,2.49,4.21,1.5619
2008-05-01,2.53,,1.5466
2008-05-02,2.64,4.082,1.5423
2008-05-03,,,1.5423
2008-05-04,,,1.5423
2008-05-05,2.62,4.065,1.5496
2008-05-06,2.62,4.062,1.5529
2008-05-07,2.56,4.048,1.5395
2008-05-08,2.47,3.979,1.5402
2008-05-09,2.5,3.793,1.548
2008-05-10,,,1.548
2008-05-11,,,1.548
2008-05-12,2.54,3.73,1.5539
2008-05-13,2.7,4.004,1.5466
2008-05-14,2.78,4.036,1.5476
2008-05-15,2.7,4.02,1.5443
2008-05-16,2.71,3.999,1.5575
2008-05-17,,,1.5575
2008-05-18,,,1.5575
2008-05-19,2.67,3.994,1.5518
2008-05-20,2.58,3.982,1.5652
2008-05-21,2.68,3.987,1.5794
2008-05-22,2.83,3.996,1.5722
2008-05-23,2.73,4.024,1.576
2008-05-24,,,1.576
2008-05-25,,,1.576
2008-05-26,,4.043,1.5772
2008-05-27,2.82,4.062,1.5677
2008-05-28,2.93,4.076,1.5646
2008-05-29,2.94,4.107,1.5509
2008-05-30,2.93,4.114,1.5552
2008-05-31,,,1.5552
2008-06-01,,,1.5552
2008-06-02,2.82,4.044,1.554
2008-06-03,2.75,4.037,1.5432
2008-06-04,2.78,4.001,1.5425
2008-06-05,2.84,3.98,1.5581
2008-06-06,2.73,3.963,1.5777
2008-06-07,,,1.5777
2008-06-08,,,1.5777
2008-06-09,3.03,3.975,1.5641
2008-06-10,3.2,4.179,1.5456
2008-06-11,3.16,4.04,1.5554
2008-06-12,3.35,4.036,1.5448
2008-06-13,3.38,4.022,1.538
2008-06-14,,,1.538
2008-06-15,,,1.538
2008-06-16,3.33,4.027,1.5466
2008-06-17,3.25,4.022,1.5505
2008-06-18,3.19,4.014,1.5526
2008-06-19,3.28,4.003,1.55
2008-06-20,3.17,3.988,1.5608
2008-06-21,,,1.5608
2008-06-22,,,1.5608
2008-06-23,3.27,3.997,1.5514
2008-06-24,3.14,3.993,1.5568
2008-06-25,3.11,3.957,1.5665
2008-06-26,2.97,3.892,1.5748
2008-06-27,2.92,3.706,1.579
2008-06-28,,,1.579
2008-06-29,,,1.579
2008-06-30,2.91,4.265,1.5753
2008-07-01,2.9,3.916,1.5792
2008-07-02,2.87,3.925,1.5888
2008-07-03,2.82,3.938,1.5696
2008-07-04,,3.941,1.5704
2008-07-05,,,1.5704
2008-07-06,,,1.5704
2008-07-07,2.78,3.913,1.5722
2008-07-08,2.78,3.792,1.5665
2008-07-09,2.71,4.285,1.5736
2008-07-10,2.72,4.28,1.5783
2008-07-11,2.88,4.273,1.5935
2008-07-12,,,1.5935
2008-07-13,,,1.5935
2008-07-14,2.79,4.277,1.5902
2008-07-15,2.7,4.277,1.5911
2008-07-16,2.75,4.285,1.582
2008-07-17,2.89,4.282,1.5854
2008-07-18,2.97,4.281,1.5845
2008-07-19,,,1.5845
2008-07-20,,,1.5845
2008-07-21,2.97,4.286,1.5925
2008-07-22,3.05,4.293,1.5791
2008-07-23,3.1,4.296,1.5684
2008-07-24,2.92,4.297,1.5676
2008-07-25,3.01,4.292,1.5708
2008-07-26,,,1.5708
2008-07-27,,,1.5708
2008-07-28,2.9,4.297,1.5738
2008-07-29,2.95,4.286,1.5583
2008-07-30,2.93,4.296,1.5577
2008-07-31,2.81,4.381,1.5597
2008-08-01,2.79,4.289,1.5563
2008-08-02,,,1.5563
2008-08-03,,,1.5563
2008-08-04,2.81,4.3,1.5571
2008-08-05,2.83,4.309,1.5449
2008-08-06,2.85,4.313,1.5414
2008-08-07,2.72,4.316,1.5323
2008-08-08,2.8,4.295,1.5007
2008-08-09,,,1.5007
2008-08-10,,,1.5007
2008-08-11,2.84,4.295,1.4892
2008-08-12,2.73,4.318,1.4913
2008-08-13,2.77,4.303,1.492
2008-08-14,2.72,4.309,1.48
2008-08-15,2.67,4.292,1.4688
2008-08-16,,,1.4688
2008-08-17,,,1.4688
2008-08-18,2.62,4.302,1.4678
2008-08-19,2.61,4.285,1.4781
2008-08-20,2.54,4.277,1.4743
2008-08-21,2.62,4.273,1.4896
2008-08-22,2.7,4.274,1.4792
2008-08-23,,,1.4792
2008-08-24,,,1.4792
2008-08-25,2.62,4.284,1.4753
2008-08-26,2.64,4.289,1.4644
2008-08-27,2.58,4.298,1.4715
2008-08-28,2.62,4.301,1.4692
2008-08-29,2.6,4.355,1.4673
2008-08-30,,,1.4673
2008-08-31,,,1.4673
2008-09-01,,4.296,1.4586
2008-09-02,2.51,4.3,1.4517
2008-09-03,2.48,4.308,1.4492
2008-09-04,2.41,4.309,1.4241
2008-09-05,2.44,4.309,1.4266
2008-09-06,,,1.4266
2008-09-07,,,1.4266
2008-09-08,2.49,4.3,1.4118
2008-09-09,2.43,3.916,1.4104
2008-09-10,2.42,4.303,1.3963
2008-09-11,2.38,4.306,1.4015
2008-09-12,2.45,4.298,1.4223
2008-09-13,,,1.4223
2008-09-14,,,1.4223
2008-09-15,2.01,4.465,1.4273
2008-09-16,2.12,4.216,1.4096
2008-09-17,1.91,4.421,1.4323
2008-09-18,2.05,4.374,1.4323
2008-09-19,2.42,4.378,1.446
2008-09-20,,,1.446
2008-09-21,,,1.446
2008-09-22,2.41,4.38,1.4798
2008-09-23,2.4,4.469,1.4671
2008-09-24,2.26,4.257,1.4613
2008-09-25,2.42,4.285,1.4616
2008-09-26,2.38,4.028,1.4613
2008-09-27,,,1.4613
2008-09-28,,,1.4613
2008-09-29,1.96,3.922,1.4418
2008-09-30,2.28,4.173,1.4115
2008-10-01,2.12,4.193,1.4007
2008-10-02,1.91,4.203,1.3798
2008-10-03,1.86,4.14,1.3773
2008-10-04,,,1.3773
2008-10-05,,,1.3773
2008-10-06,1.69,4.388,1.3482
2008-10-07,1.69,4.601,1.3616
2008-10-08,1.88,4.51,1.3631
2008-10-09,1.93,3.971,1.3596
2008-10-10,1.87,3.846,1.3412
2008-10-11,,,1.3412
2008-10-12,,,1.3412
2008-10-13,,3.757,1.3596
2008-10-14,2.06,3.696,1.3617
2008-10-15,1.91,3.697,1.3459
2008-10-16,1.9,3.635,1.3479
2008-10-17,1.9,3.615,1.3408
2008-10-18,,,1.3408
2008-10-19,,,1.3408
2008-10-20,2.0,3.597,1.3329
2008-10-21,1.86,3.572,1.3053
2008-10-22,1.79,3.569,1.2823
2008-10-23,1.76,3.567,1.2965
2008-10-24,1.8,3.566,1.2623
2008-10-25,,,1.2623
2008-10-26,,,1.2623
2008-10-27,1.83,3.525,1.246
2008-10-28,1.85,3.537,1.2816
2008-10-29,1.79,3.535,1.295
2008-10-30,1.82,3.548,1.2874
2008-10-31,1.8,3.587,1.273
2008-11-01,,,1.273
2008-11-02,,,1.273
2008-11-03,1.69,3.48,1.2584
2008-11-04,1.59,3.454,1.2993
2008-11-05,1.64,3.442,1.2926
2008-11-06,1.63,3.423,1.2676
2008-11-07,1.71,3.432,1.2716
2008-11-08,,,1.2716
2008-11-09,,,1.2716
2008-11-10,1.78,3.453,1.2748
2008-11-11,,3.66,1.2509
2008-11-12,1.6,3.138,1.2457
2008-11-13,1.62,3.078,1.2785
2008-11-14,1.53,3.031,1.2603
2008-11-15,,,1.2603
2008-11-16,,,1.2603
2008-11-17,1.53,2.999,1.2632
2008-11-18,1.44,2.957,1.2636
2008-11-19,1.36,2.922,1.2499
2008-11-20,1.2,2.913,1.2452
2008-11-21,1.35,2.904,1.2586
2008-11-22,,,1.2586
2008-11-23,,,1.2586
2008-11-24,1.53,2.937,1.2946
2008-11-25,1.41,2.931,1.3057
2008-11-26,1.38,2.934,1.2876
2008-11-27,,2.948,1.2895
2008-11-28,1.27,2.968,1.269
2008-11-29,,,1.269
2008-11-30,,,1.269
2008-12-01,1.16,2.934,1.2616
2008-12-02,1.12,2.911,1.2725
2008-12-03,1.07,2.919,1.2712
2008-12-04,1.02,2.896,1.277
2008-12-05,1.19,2.894,1.2721
2008-12-06,,,1.2721
2008-12-07,,,1.2721
2008-12-08,1.27,2.867,1.2937
2008-12-09,1.15,2.941,1.2924
2008-12-10,1.21,2.347,1.302
2008-12-11,1.11,2.322,1.3346
2008-12-12,1.05,2.306,1.3368
2008-12-13,,,1.3368
2008-12-14,,,1.3368
2008-12-15,1.02,2.293,1.37
2008-12-16,0.88,2.303,1.4048
2008-12-17,0.98,2.249,1.4402
2008-12-18,0.92,2.237,1.4265
2008-12-19,1.02,2.234,1.3905
2008-12-20,,,1.3905
2008-12-21,,,1.3905
2008-12-22,1.12,2.235,1.394
2008-12-23,1.13,2.251,1.3924
2008-12-24,1.14,2.225,1.4008
2008-12-25,,,1.4008
2008-12-26,1.08,,1.4023
2008-12-27,,,1.4023
2008-12-28,,,1.4023
2008-12-29,0.96,2.234,1.3959
2008-12-30,0.94,2.265,1.4109
2008-12-31,1.0,2.352,1.3971
2009-01-01,,,1.3971
2009-01-02,1.14,2.221,1.3921
2009-01-03,,,1.3921
2009-01-04,,,1.3921
2009-01-05,1.08,2.212,1.363
2009-01-06,1.1,2.177,1.3496
2009-01-07,1.15,2.181,1.3657
2009-01-08,1.16,2.159,1.3704
2009-01-09,1.11,2.15,1.347
2009-01-10,,,1.347
2009-01-11,,,1.347
2009-01-12,1.09,2.144,1.3365
2009-01-13,1.07,2.123,1.318
2009-01-14,1.03,2.115,1.3159
2009-01-15,1.01,2.117,1.3136
2009-01-16,1.05,2.11,1.3265
2009-01-17,,,1.3265
2009-01-18,,,1.3265
2009-01-19,,2.12,1.3063
2009-01-20,1.06,2.147,1.2858
2009-01-21,1.12,1.498,1.3062
2009-01-22,1.11,1.248,1.3017
2009-01-23,1.16,1.204,1.2961
2009-01-24,,,1.2961
2009-01-25,,,1.2961
2009-01-26,1.21,1.228,1.3204
2009-01-27,1.15,1.193,1.3183
2009-01-28,1.22,1.209,1.3151
2009-01-29,1.34,1.228,1.2937
2009-01-30,1.32,1.273,1.281
2009-01-31,,,1.281
2009-02-01,,,1.281
2009-02-02,1.27,1.211,1.2813
2009-02-03,1.37,1.219,1.3016
2009-02-04,1.42,1.201,1.2833
2009-02-05,1.4,1.186,1.2785
2009-02-06,1.44,1.191,1.2943
2009-02-07,,,1.2943
2009-02-08,,,1.2943
2009-02-09,1.5,1.187,1.2999
2009-02-10,1.31,1.291,1.2905
2009-02-11,1.32,1.245,1.2884
2009-02-12,1.28,1.229,1.2893
2009-02-13,1.37,1.235,1.2862
2009-02-14,,,1.2862
2009-02-15,,,1.2862
2009-02-16,,1.243,1.2795
2009-02-17,1.22,1.281,1.2577
2009-02-18,1.33,1.281,1.2554
2009-02-19,1.38,1.281,1.2687
2009-02-20,1.3,1.295,1.2826
2009-02-21,,,1.2826
2009-02-22,,,1.2826
2009-02-23,1.34,1.302,1.2708
2009-02-24,1.37,1.289,1.2869
2009-02-25,1.49,1.295,1.272
2009-02-26,1.5,1.306,1.2733
2009-02-27,1.4,1.374,1.267
2009-02-28,,,1.267
2009-03-01,,,1.267
2009-03-02,1.28,1.28,1.2556
2009-03-03,1.31,1.284,1.2542
2009-03-04,1.4,1.283,1.2648
2009-03-05,1.3,1.277,1.254
2009-03-06,1.34,1.261,1.2651
2009-03-07,,,1.2651
2009-03-08,,,1.2651
2009-03-09,1.38,1.243,1.2588
2009-03-10,1.46,1.335,1.2703
2009-03-11,1.45,0.845,1.2821
2009-03-12,1.42,0.851,1.2887
2009-03-13,1.36,0.855,1.2931
2009-03-14,,,1.2931
2009-03-15,,,1.2931
2009-03-16,1.39,0.865,1.297
2009-03-17,1.45,0.885,1.3037
2009-03-18,1.14,0.888,1.349
2009-03-19,1.21,0.901,1.3653
2009-03-20,1.23,0.92,1.3583
2009-03-21,,,1.3583
2009-03-22,,,1.3583
2009-03-23,1.25,0.937,1.3621
2009-03-24,1.24,0.931,1.3491
2009-03-25,1.35,0.971,1.3579
2009-03-26,1.29,0.979,1.3532
2009-03-27,1.27,0.972,1.3284
2009-03-28,,,1.3284
2009-03-29,,,1.3284
2009-03-30,1.2,0.964,1.3201
2009-03-31,1.15,1.636,1.3241
2009-04-01,1.16,0.96,1.3232
2009-04-02,1.25,0.891,1.3464
2009-04-03,1.36,0.826,1.3481
2009-04-04,,,1.3481
2009-04-05,,,1.3481
2009-04-06,1.37,0.786,1.34
2009-04-07,1.33,1.006,1.3266
2009-04-08,1.34,0.858,1.3265
2009-04-09,1.36,0.958,1.3157
2009-04-10,,,1.3187
2009-04-11,,,1.3187
2009-04-12,,,1.3187
2009-04-13,1.27,,1.3367
2009-04-14,1.21,0.891,1.3262
2009-04-15,1.22,0.92,1.3211
2009-04-16,1.27,0.974,1.3179
2009-04-17,1.36,0.964,1.3043
2009-04-18,,,1.3043
2009-04-19,,,1.3043
2009-04-20,1.27,0.978,1.2924
2009-04-21,1.32,1.0,1.2947
2009-04-22,1.36,0.954,1.3002
2009-04-23,1.34,0.853,1.3133
2009-04-24,1.38,0.699,1.3236
2009-04-25,,,1.3236
2009-04-26,,,1.3236
2009-04-27,1.31,0.638,1.3017
2009-04-28,1.39,0.583,1.3135
2009-04-29,1.4,0.511,1.3252
2009-04-30,1.38,0.588,1.3223
2009-05-01,1.39,,1.3269
2009-05-02,,,1.3269
2009-05-03,,,1.3269
2009-05-04,1.4,0.5,1.3416
2009-05-05,1.46,0.523,1.3309
2009-05-06,1.43,0.532,1.3311
2009-05-07,1.46,0.519,1.3386
2009-05-08,1.44,0.512,1.3634
2009-05-09,,,1.3634
2009-05-10,,,1.3634
2009-05-11,1.34,0.486,1.3577
2009-05-12,1.34,0.851,1.3644
2009-05-13,1.31,0.729,1.3589
2009-05-14,1.3,0.717,1.3633
2009-05-15,1.3,0.728,1.3495
2009-05-16,,,1.3495
2009-05-17,,,1.3495
2009-05-18,1.36,0.769,1.3555
2009-05-19,1.37,0.838,1.3627
2009-05-20,1.31,0.922,1.3764
2009-05-21,1.36,0.924,1.3902
2009-05-22,1.39,1.082,1.3997
2009-05-23,,,1.3997
2009-05-24,,,1.3997
2009-05-25,,1.122,1.4014
2009-05-26,1.45,1.146,1.3988
2009-05-27,1.5,1.01,1.3834
2009-05-28,1.52,0.901,1.3931
2009-05-29,1.42,0.831,1.416
2009-05-30,,,1.416
2009-05-31,,,1.416
2009-06-01,1.52,0.687,1.4151
2009-06-02,1.52,0.607,1.4306
2009-06-03,1.47,0.58,1.4144
2009-06-04,1.54,0.581,1.4175
2009-06-05,1.88,0.55,1.3968
2009-06-06,,,1.3968
2009-06-07,,,1.3968
2009-06-08,2.0,0.502,1.3897
2009-06-09,1.93,0.737,1.4074
2009-06-10,2.0,0.797,1.3966
2009-06-11,1.97,0.788,1.4094
2009-06-12,1.91,0.837,1.4015
2009-06-13,,,1.4015
2009-06-14,,,1.4015
2009-06-15,1.84,0.847,1.3783
2009-06-16,1.79,0.856,1.3834
2009-06-17,1.76,0.852,1.3941
2009-06-18,1.88,0.843,1.3904
2009-06-19,1.84,0.793,1.3939
2009-06-20,,,1.3939
2009-06-21,,,1.3939
2009-06-22,1.77,0.76,1.3855
2009-06-23,1.74,0.752,1.4073
2009-06-24,1.79,1.386,1.3929
2009-06-25,1.66,0.432,1.3994
2009-06-26,1.63,0.388,1.4054
2009-06-27,,,1.4054
2009-06-28,,,1.4054
2009-06-29,1.63,0.381,1.4071
2009-06-30,1.64,0.401,1.4035
2009-07-01,1.57,0.344,1.4151
2009-07-02,1.52,0.36,1.395
2009-07-03,,0.328,1.3981
2009-07-04,,,1.3981
2009-07-05,,,1.3981
2009-07-06,1.48,0.332,1.3972
2009-07-07,1.52,0.476,1.392
2009-07-08,1.42,0.362,1.3873
2009-07-09,1.46,0.36,1.4023
2009-07-10,1.4,0.34,1.3934
2009-07-11,,,1.3934
2009-07-12,,,1.3934
2009-07-13,1.41,0.353,1.3987
2009-07-14,1.48,0.363,1.3971
2009-07-15,1.6,0.345,1.4101
2009-07-16,1.54,0.358,1.414
2009-07-17,1.58,0.356,1.4102
2009-07-18,,,1.4102
2009-07-19,,,1.4102
2009-07-20,1.54,0.354,1.4227
2009-07-21,1.47,0.365,1.4212
2009-07-22,1.5,0.366,1.4205
2009-07-23,1.62,0.355,1.4151
2009-07-24,1.59,0.346,1.4203
2009-07-25,,,1.4203
2009-07-26,,,1.4203
2009-07-27,1.63,0.345,1.4242
2009-07-28,1.66,0.349,1.417
2009-07-29,1.72,0.349,1.4032
2009-07-30,1.73,0.36,1.4065
2009-07-31,1.62,0.358,1.4256
2009-08-01,,,1.4256
2009-08-02,,,1.4256
2009-08-03,1.72,0.346,1.4417
2009-08-04,1.75,0.351,1.4397
2009-08-05,1.78,0.343,1.4412
2009-08-06,1.77,0.334,1.4355
2009-08-07,1.87,0.341,1.418
2009-08-08,,,1.418
2009-08-09,,,1.418
2009-08-10,1.79,0.332,1.4144
2009-08-11,1.78,0.473,1.4147
2009-08-12,1.76,0.339,1.4201
2009-08-13,1.66,0.342,1.4278
2009-08-14,1.61,0.338,1.4202
2009-08-15,,,1.4202
2009-08-16,,,1.4202
2009-08-17,1.54,0.348,1.4071
2009-08-18,1.57,0.345,1.4131
2009-08-19,1.52,0.343,1.4233
2009-08-20,1.53,0.333,1.4246
2009-08-21,1.65,0.34,1.4326
2009-08-22,,,1.4326
2009-08-23,,,1.4326
2009-08-24,1.57,0.347,1.4296
2009-08-25,1.56,0.346,1.4298
2009-08-26,1.57,0.341,1.424
2009-08-27,1.58,0.342,1.4348
2009-08-28,1.55,0.334,1.4301
2009-08-29,,,1.4301
2009-08-30,,,1.4301
2009-08-31,1.49,0.339,1.433
2009-09-01,1.44,0.334,1.4218
2009-09-02,1.39,0.334,1.426
2009-09-03,1.42,0.329,1.4257
2009-09-04,1.46,0.333,1.4297
2009-09-05,,,1.4297
2009-09-06,,,1.4297
2009-09-07,,0.338,1.4337
2009-09-08,1.49,0.535,1.4493
2009-09-09,1.48,0.332,1.4564
2009-09-10,1.42,0.338,1.458
2009-09-11,1.42,0.34,1.457
2009-09-12,,,1.457
2009-09-13,,,1.457
2009-09-14,1.46,0.35,1.4627
2009-09-15,1.49,0.355,1.4661
2009-09-16,1.55,0.369,1.4707
2009-09-17,1.51,0.359,1.4742
2009-09-18,1.57,0.366,1.4709
2009-09-19,,,1.4709
2009-09-20,,,1.4709
2009-09-21,1.56,0.35,1.4676
2009-09-22,1.54,0.355,1.4789
2009-09-23,1.49,0.344,1.4693
2009-09-24,1.45,0.347,1.466
2009-09-25,1.49,0.342,1.469
2009-09-26,,,1.469
2009-09-27,,,1.469
2009-09-28,1.47,0.353,1.4613
2009-09-29,1.48,0.354,1.4583
2009-09-30,1.45,0.533,1.4636
2009-10-01,1.36,0.34,1.4541
2009-10-02,1.38,0.361,1.4575
2009-10-03,,,1.4575
2009-10-04,,,1.4575
2009-10-05,1.38,0.354,1.4648
2009-10-06,1.43,0.37,1.4722
2009-10-07,1.35,0.336,1.4687
2009-10-08,1.4,0.33,1.4792
2009-10-09,1.5,0.333,1.4728
2009-10-10,,,1.4728
2009-10-11,,,1.4728
2009-10-12,,0.335,1.4776
2009-10-13,1.42,0.57,1.4852
2009-10-14,1.47,0.367,1.4933
2009-10-15,1.5,0.34,1.4936
2009-10-16,1.49,0.343,1.4902
2009-10-17,,,1.4902
2009-10-18,,,1.4902
2009-10-19,1.5,0.35,1.4965
2009-10-20,1.44,0.352,1.4937
2009-10-21,1.51,0.347,1.5006
2009-10-22,1.5,0.347,1.5027
2009-10-23,1.57,0.343,1.5006
2009-10-24,,,1.5006
2009-10-25,,,1.5006
2009-10-26,1.61,0.34,1.4864
2009-10-27,1.51,0.339,1.4807
2009-10-28,1.47,0.349,1.4715
2009-10-29,1.52,0.348,1.4839
2009-10-30,1.43,0.397,1.4715
2009-10-31,,,1.4715
2009-11-01,,,1.4715
2009-11-02,1.44,0.328,1.4772
2009-11-03,1.46,0.324,1.4716
2009-11-04,1.46,0.331,1.4877
2009-11-05,1.44,0.333,1.4872
2009-11-06,1.4,0.326,1.4846
2009-11-07,,,1.4846
2009-11-08,,,1.4846
2009-11-09,1.4,0.331,1.4995
2009-11-10,1.39,0.69,1.4984
2009-11-11,,0.339,1.4984
2009-11-12,1.36,0.343,1.4844
2009-11-13,1.34,0.356,1.4903
2009-11-14,,,1.4903
2009-11-15,,,1.4903
2009-11-16,1.28,0.347,1.4966
2009-11-17,1.28,0.344,1.486
2009-11-18,1.27,0.35,1.496
2009-11-19,1.24,0.35,1.4915
2009-11-20,1.25,0.35,1.486
2009-11-21,,,1.486
2009-11-22,,,1.486
2009-11-23,1.28,0.35,1.496
2009-11-24,1.22,0.346,1.4962
2009-11-25,1.23,0.349,1.5135
2009-11-26,,0.355,1.5006
2009-11-27,1.15,0.342,1.4986
2009-11-28,,,1.4986
2009-11-29,,,1.4986
2009-11-30,1.12,0.426,1.5006
2009-12-01,1.14,0.344,1.5074
2009-12-02,1.19,0.349,1.5046
2009-12-03,1.23,0.336,1.5052
2009-12-04,1.34,0.339,1.4855
2009-12-05,,,1.4855
2009-12-06,,,1.4855
2009-12-07,1.26,0.642,1.4827
2009-12-08,1.21,0.351,1.4702
2009-12-09,1.23,0.352,1.4737
2009-12-10,1.26,0.351,1.4731
2009-12-11,1.3,0.353,1.4616
2009-12-12,,,1.4616
2009-12-13,,,1.4616
2009-12-14,1.35,0.352,1.4649
2009-12-15,1.38,0.352,1.4536
2009-12-16,1.36,0.347,1.4529
2009-12-17,1.27,0.343,1.4348
2009-12-18,1.32,0.343,1.4335
2009-12-19,,,1.4335
2009-12-20,,,1.4335
2009-12-21,1.42,0.332,1.4273
2009-12-22,1.48,0.323,1.4253
2009-12-23,1.51,0.299,1.4328
2009-12-24,1.56,0.302,1.4369
2009-12-25,,,1.4369
2009-12-26,,,1.4369
2009-12-27,,,1.4369
2009-12-28,1.63,0.334,1.4372
2009-12-29,1.64,0.326,1.435
2009-12-30,1.65,0.321,1.4336
2009-12-31,1.7,0.41,1.4329
2010-01-01,,,1.4329
2010-01-02,,,1.4329
2010-01-03,,,1.4329
2010-01-04,1.66,0.341,1.4412
2010-01-05,1.57,0.325,1.4361
2010-01-06,1.6,0.322,1.4399
2010-01-07,1.62,0.351,1.4304
2010-01-08,1.56,0.347,1.4398
2010-01-09,,,1.4398
2010-01-10,,,1.4398
2010-01-11,1.55,0.336,1.4512
2010-01-12,1.5,0.333,1.449
2010-01-13,1.54,0.325,1.4499
2010-01-14,1.49,0.318,1.4497
2010-01-15,1.44,0.316,1.4385
2010-01-16,,,1.4385
2010-01-17,,,1.4385
2010-01-18,,0.328,1.4385
2010-01-19,1.48,0.585,1.4288
2010-01-20,1.46,0.335,1.4106
2010-01-21,1.41,0.327,1.4084
2010-01-22,1.39,0.322,1.4134
2010-01-23,,,1.4134
2010-01-24,,,1.4134
2010-01-25,1.4,0.339,1.4147
2010-01-26,1.4,0.331,1.4077
2010-01-27,1.46,0.335,1.4033
2010-01-28,1.44,0.338,1.396
2010-01-29,1.38,0.326,1.3861
2010-01-30,,,1.3861
2010-01-31,,,1.3861
2010-02-01,1.41,0.32,1.3932
2010-02-02,1.41,0.33,1.3966
2010-02-03,1.44,0.323,1.3891
2010-02-04,1.34,0.318,1.3727
2010-02-05,1.28,0.312,1.3677
2010-02-06,,,1.3677
2010-02-07,,,1.3677
2010-02-08,1.3,0.315,1.3656
2010-02-09,1.37,0.642,1.3794
2010-02-10,1.44,0.32,1.3734
2010-02-11,1.43,0.318,1.3689
2010-02-12,1.38,0.318,1.363
2010-02-13,,,1.363
2010-02-14,,,1.363
2010-02-15,,0.319,1.3598
2010-02-16,1.36,0.32,1.3758
2010-02-17,1.42,0.322,1.3599
2010-02-18,1.47,0.329,1.349
2010-02-19,1.51,0.33,1.3611
2010-02-20,,,1.3611
2010-02-21,,,1.3611
2010-02-22,1.48,0.335,1.36
2010-02-23,1.42,0.338,1.3513
2010-02-24,1.42,0.341,1.3538
2010-02-25,1.38,0.343,1.3539
2010-02-26,1.36,0.319,1.3631
2010-02-27,,,1.3631
2010-02-28,,,1.3631
2010-03-01,1.34,0.314,1.3568
2010-03-02,1.33,0.319,1.3607
2010-03-03,1.34,0.319,1.3694
2010-03-04,1.38,0.324,1.3579
2010-03-05,1.43,0.316,1.3624
2010-03-06,,,1.3624
2010-03-07,,,1.3624
2010-03-08,1.43,0.312,1.3627
2010-03-09,1.43,0.643,1.3601
2010-03-10,1.45,0.326,1.3655
2010-03-11,1.5,0.346,1.3676
2010-03-12,1.5,0.337,1.3767
2010-03-13,,,1.3767
2010-03-14,,,1.3767
2010-03-15,1.49,0.333,1.3672
2010-03-16,1.47,0.321,1.3762
2010-03-17,1.47,0.328,1.3736
2010-03-18,1.52,0.332,1.3607
2010-03-19,1.56,0.338,1.3528
2010-03-20,,,1.3528
2010-03-21,,,1.3528
2010-03-22,1.54,0.342,1.3557
2010-03-23,1.55,0.348,1.349
2010-03-24,1.67,0.33,1.3327
2010-03-25,1.69,0.343,1.3271
2010-03-26,1.64,0.334,1.3408
2010-03-27,,,1.3408
2010-03-28,,,1.3408
2010-03-29,1.65,0.342,1.3474
2010-03-30,1.65,0.348,1.3418
2010-03-31,1.6,0.401,1.3506
2010-04-01,1.63,0.325,1.3583
2010-04-02,1.7,,1.3502
2010-04-03,,,1.3502
2010-04-04,,,1.3502
2010-04-05,1.77,,1.3481
2010-04-06,1.74,0.319,1.3393
2010-04-07,1.66,0.329,1.3338
2010-04-08,1.68,0.332,1.3357
2010-04-09,1.68,0.325,1.3499
2010-04-10,,,1.3499
2010-04-11,,,1.3499
2010-04-12,1.65,0.342,1.3586
2010-04-13,1.65,0.658,1.3615
2010-04-14,1.65,0.337,1.365
2010-04-15,1.62,0.338,1.3579
2010-04-16,1.56,0.334,1.3501
2010-04-17,,,1.3501
2010-04-18,,,1.3501
2010-04-19,1.59,0.339,1.3489
2010-04-20,1.62,0.343,1.3441
2010-04-21,1.6,0.343,1.3386
2010-04-22,1.64,0.339,1.3286
2010-04-23,1.68,0.338,1.3384
2010-04-24,,,1.3384
2010-04-25,,,1.3384
2010-04-26,1.67,0.345,1.3392
2010-04-27,1.55,0.346,1.3159
2010-04-28,1.61,0.347,1.3205
2010-04-29,1.58,0.349,1.3242
2010-04-30,1.51,0.337,1.3293
2010-05-01,,,1.3293
2010-05-02,,,1.3293
2010-05-03,1.56,0.339,1.3187
2010-05-04,1.49,0.34,1.2972
2010-05-05,1.43,0.344,1.2818
2010-05-06,1.27,0.335,1.2627
2010-05-07,1.32,0.321,1.2748
2010-05-08,,,1.2748
2010-05-09,,,1.2748
2010-05-10,1.4,0.341,1.2787
2010-05-11,1.37,0.645,1.2632
2010-05-12,1.4,0.307,1.2629
2010-05-13,1.37,0.307,1.2521
2010-05-14,1.28,0.339,1.2357
2010-05-15,,,1.2357
2010-05-16,,,1.2357
2010-05-17,1.3,0.325,1.2399
2010-05-18,1.23,0.327,1.2173
2010-05-19,1.26,0.329,1.2423
2010-05-20,1.2,0.342,1.2468
2010-05-21,1.19,0.303,1.2571
2010-05-22,,,1.2571
2010-05-23,,,1.2571
2010-05-24,1.21,0.303,1.2345
2010-05-25,1.21,0.337,1.2371
2010-05-26,1.28,0.339,1.216
2010-05-27,1.35,0.331,1.2356
2010-05-28,1.26,0.338,1.2271
2010-05-29,,,1.2271
2010-05-30,,,1.2271
2010-05-31,,0.33,1.2308
2010-06-01,1.26,0.329,1.2211
2010-06-02,1.3,0.3,1.2249
2010-06-03,1.31,0.295,1.2161
2010-06-04,1.17,0.322,1.1964
2010-06-05,,,1.1964
2010-06-06,,,1.1964
2010-06-07,1.17,0.324,1.1917
2010-06-08,1.21,0.318,1.1963
2010-06-09,1.19,0.332,1.1984
2010-06-10,1.27,0.334,1.2108
2010-06-11,1.21,0.326,1.211
2010-06-12,,,1.211
2010-06-13,,,1.211
2010-06-14,1.23,0.318,1.2213
2010-06-15,1.26,0.665,1.2323
2010-06-16,1.22,0.341,1.23
2010-06-17,1.18,0.354,1.238
2010-06-18,1.2,0.368,1.2389
2010-06-19,,,1.2389
2010-06-20,,,1.2389
2010-06-21,1.21,0.347,1.2323
2010-06-22,1.15,0.35,1.2268
2010-06-23,1.11,0.328,1.2308
2010-06-24,1.1,0.329,1.2328
2010-06-25,1.07,0.321,1.2368
2010-06-26,,,1.2368
2010-06-27,,,1.2368
2010-06-28,1.03,0.326,1.2281
2010-06-29,0.99,0.325,1.2188
2010-06-30,1.0,0.542,1.2232
2010-07-01,1.01,0.48,1.2518
2010-07-02,1.04,0.437,1.2564
2010-07-03,,,1.2564
2010-07-04,,,1.2564
2010-07-05,,0.405,1.2537
2010-07-06,1.0,0.424,1.2624
2010-07-07,1.01,0.414,1.263
2010-07-08,1.01,0.398,1.2693
2010-07-09,1.03,0.394,1.264
2010-07-10,,,1.264
2010-07-11,,,1.264
2010-07-12,1.06,0.393,1.2588
2010-07-13,1.09,0.75,1.2727
2010-07-14,1.02,0.444,1.2742
2010-07-15,0.98,0.488,1.293
2010-07-16,0.94,0.556,1.293
2010-07-17,,,1.293
2010-07-18,,,1.293
2010-07-19,0.95,0.555,1.2947
2010-07-20,0.94,0.554,1.2891
2010-07-21,0.91,0.528,1.2753
2010-07-22,0.92,0.524,1.2886
2010-07-23,0.94,0.5,1.2911
2010-07-24,,,1.2911
2010-07-25,,,1.2911
2010-07-26,0.97,0.497,1.2987
2010-07-27,1.02,0.49,1.3
2010-07-28,0.95,0.478,1.2987
2010-07-29,0.92,0.453,1.3079
2010-07-30,0.84,0.423,1.3049
2010-07-31,,,1.3049
2010-08-01,,,1.3049
2010-08-02,0.85,0.399,1.3175
2010-08-03,0.8,0.377,1.3226
2010-08-04,0.86,0.365,1.3154
2010-08-05,0.81,0.363,1.3184
2010-08-06,0.78,0.349,1.328
2010-08-07,,,1.328
2010-08-08,,,1.328
2010-08-09,0.81,0.344,1.3224
2010-08-10,0.78,0.769,1.3174
2010-08-11,0.78,0.477,1.2844
2010-08-12,0.81,0.464,1.2828
2010-08-13,0.81,0.449,1.2756
2010-08-14,,,1.2756
2010-08-15,,,1.2756
2010-08-16,0.76,0.448,1.2821
2010-08-17,0.78,0.443,1.2879
2010-08-18,0.77,0.44,1.2852
2010-08-19,0.74,0.43,1.2815
2010-08-20,0.78,0.428,1.271
2010-08-21,,,1.271
2010-08-22,,,1.271
2010-08-23,0.76,0.423,1.2646
2010-08-24,0.72,0.41,1.2631
2010-08-25,0.77,0.411,1.2663
2010-08-26,0.77,0.408,1.2716
2010-08-27,0.83,0.39,1.2761
2010-08-28,,,1.2761
2010-08-29,,,1.2761
2010-08-30,0.75,0.384,1.2663
2010-08-31,0.72,0.392,1.2688
2010-09-01,0.75,0.37,1.2802
2010-09-02,0.76,0.364,1.2825
2010-09-03,0.81,0.36,1.2895
2010-09-04,,,1.2895
2010-09-05,,,1.2895
2010-09-06,,0.377,1.2875
2010-09-07,0.77,0.695,1.2683
2010-09-08,0.8,0.423,1.2723
2010-09-09,0.87,0.419,1.2697
2010-09-10,0.88,0.415,1.2675
2010-09-11,,,1.2675
2010-09-12,,,1.2675
2010-09-13,0.82,0.422,1.2877
2010-09-14,0.77,0.438,1.2987
2010-09-15,0.77,0.455,1.3012
2010-09-16,0.77,0.455,1.3073
2010-09-17,0.75,0.448,1.3054
2010-09-18,,,1.3054
2010-09-19,,,1.3054
2010-09-20,0.73,0.446,1.3062
2010-09-21,0.68,0.44,1.325
2010-09-22,0.68,0.438,1.3399
2010-09-23,0.67,0.439,1.3313
2010-09-24,0.69,0.434,1.3489
2010-09-25,,,1.3489
2010-09-26,,,1.3489
2010-09-27,0.66,0.43,1.3441
2010-09-28,0.64,0.425,1.3585
2010-09-29,0.67,0.408,1.3621
2010-09-30,0.64,0.878,1.3628
2010-10-01,0.63,0.721,1.379
2010-10-02,,,1.379
2010-10-03,,,1.379
2010-10-04,0.62,0.67,1.3674
2010-10-05,0.6,0.516,1.3834
2010-10-06,0.57,0.438,1.3925
2010-10-07,0.54,0.402,1.3913
2010-10-08,0.54,0.396,1.3944
2010-10-09,,,1.3944
2010-10-10,,,1.3944
2010-10-11,,0.39,1.3881
2010-10-12,0.59,0.762,1.3915
2010-10-13,0.57,0.726,1.396
2010-10-14,0.6,0.742,1.4082
2010-10-15,0.59,0.745,1.3975
2010-10-16,,,1.3975
2010-10-17,,,1.3975
2010-10-18,0.55,0.778,1.3948
2010-10-19,0.54,0.81,1.3741
2010-10-20,0.52,0.843,1.3957
2010-10-21,0.52,0.862,1.3925
2010-10-22,0.54,0.849,1.3953
2010-10-23,,,1.3953
2010-10-24,,,1.3953
2010-10-25,0.55,0.859,1.3954
2010-10-26,0.59,0.86,1.3861
2010-10-27,0.64,0.849,1.3773
2010-10-28,0.56,0.785,1.3928
2010-10-29,0.51,0.724,1.3946
2010-10-30,,,1.3946
2010-10-31,,,1.3946
2010-11-01,0.5,0.683,1.3897
2010-11-02,0.51,0.664,1.4031
2010-11-03,0.49,0.579,1.4123
2010-11-04,0.45,0.456,1.4212
2010-11-05,0.51,0.365,1.4031
2010-11-06,,,1.4031
2010-11-07,,,1.4031
2010-11-08,0.59,0.371,1.3912
2010-11-09,0.66,0.729,1.3763
2010-11-10,0.63,0.805,1.3778
2010-11-11,,0.798,1.3661
2010-11-12,0.73,0.791,1.369
2010-11-13,,,1.369
2010-11-14,,,1.369
2010-11-15,0.81,0.764,1.3578
2010-11-16,0.79,0.745,1.3483
2010-11-17,0.77,0.707,1.3529
2010-11-18,0.77,0.632,1.3643
2010-11-19,0.78,0.545,1.3672
2010-11-20,,,1.3672
2010-11-21,,,1.3672
2010-11-22,0.72,0.521,1.3623
2010-11-23,0.69,0.514,1.3379
2010-11-24,0.81,0.482,1.3336
2010-11-25,,0.474,1.3345
2010-11-26,0.78,0.446,1.324
2010-11-27,,,1.324
2010-11-28,,,1.324
2010-11-29,0.77,0.428,1.3106
2010-11-30,0.72,0.539,1.2981
2010-12-01,0.84,0.468,1.3125
2010-12-02,0.86,0.462,1.3215
2010-12-03,0.8,0.414,1.3413
2010-12-04,,,1.3413
2010-12-05,,,1.3413
2010-12-06,0.73,0.386,1.3308
2010-12-07,0.87,0.738,1.3265
2010-12-08,0.97,0.721,1.3263
2010-12-09,0.99,0.646,1.3236
2010-12-10,1.03,0.627,1.3226
2010-12-11,,,1.3226
2010-12-12,,,1.3226
2010-12-13,0.98,0.588,1.3386
2010-12-14,1.06,0.566,1.3379
2010-12-15,1.08,0.508,1.322
2010-12-16,1.05,0.453,1.3239
2010-12-17,0.99,0.432,1.3188
2010-12-18,,,1.3188
2010-12-19,,,1.3188
2010-12-20,1.01,0.398,1.3119
2010-12-21,1.02,0.391,1.3099
2010-12-22,1.05,0.379,1.3102
2010-12-23,1.1,0.356,1.3109
2010-12-24,,0.396,1.3112
2010-12-25,,,1.3112
2010-12-26,,,1.3112
2010-12-27,1.11,0.441,1.3162
2010-12-28,1.17,0.447,1.3109
2010-12-29,1.05,0.43,1.3217
2010-12-30,1.07,0.393,1.329
2010-12-31,1.02,0.817,1.3386
2011-01-01,,,1.3386
2011-01-02,,,1.3386
2011-01-03,1.03,0.421,1.3349
2011-01-04,1.04,0.422,1.331
2011-01-05,1.16,0.397,1.3149
2011-01-06,1.11,0.379,1.3002
2011-01-07,1.02,0.38,1.2909
2011-01-08,,,1.2909
2011-01-09,,,1.2909
2011-01-10,0.99,0.389,1.2945
2011-01-11,1.03,0.376,1.2971
2011-01-12,1.03,0.376,1.3128
2011-01-13,1.0,0.375,1.3347
2011-01-14,1.0,0.361,1.3386
2011-01-15,,,1.3386
2011-01-16,,,1.3386
2011-01-17,,0.367,1.3274
2011-01-18,1.0,0.814,1.3386
2011-01-19,0.98,0.705,1.3456
2011-01-20,1.07,0.713,1.3464
2011-01-21,1.05,0.824,1.3621
2011-01-22,,,1.3621
2011-01-23,,,1.3621
2011-01-24,1.05,0.916,1.364
2011-01-25,1.0,1.035,1.3681
2011-01-26,1.05,1.172,1.3698
2011-01-27,1.0,1.063,1.3729
2011-01-28,0.96,1.04,1.3611
2011-01-29,,,1.3611
2011-01-30,,,1.3611
2011-01-31,0.98,1.313,1.3691
2011-02-01,1.04,1.318,1.3825
2011-02-02,1.12,0.792,1.3805
2011-02-03,1.19,0.526,1.3625
2011-02-04,1.25,0.365,1.3583
2011-02-05,,,1.3583
2011-02-06,,,1.3583
2011-02-07,1.28,0.347,1.3578
2011-02-08,1.4,0.677,1.3629
2011-02-09,1.34,1.093,1.3725
2011-02-10,1.4,1.023,1.3593
2011-02-11,1.4,0.924,1.355
2011-02-12,,,1.355
2011-02-13,,,1.355
2011-02-14,1.41,0.827,1.3489
2011-02-15,1.39,0.749,1.3487
2011-02-16,1.4,0.7,1.356
2011-02-17,1.33,0.625,1.3606
2011-02-18,1.32,0.504,1.3693
2011-02-19,,,1.3693
2011-02-20,,,1.3693
2011-02-21,,0.497,1.3675
2011-02-22,1.22,0.531,1.3655
2011-02-23,1.25,0.661,1.375
2011-02-24,1.24,0.666,1.3802
2011-02-25,1.22,0.628,1.3749
2011-02-26,,,1.3749
2011-02-27,,,1.3749
2011-02-28,1.18,0.689,1.3809
2011-03-01,1.15,0.602,1.3777
2011-03-02,1.18,0.472,1.3864
2011-03-03,1.32,0.376,1.396
2011-03-04,1.2,0.381,1.3987
2011-03-05,,,1.3987
2011-03-06,,,1.3987
2011-03-07,1.22,0.447,1.3969
2011-03-08,1.27,0.807,1.3902
2011-03-09,1.21,0.84,1.3905
2011-03-10,1.13,0.799,1.38
2011-03-11,1.12,0.747,1.3902
2011-03-12,,,1.3902
2011-03-13,,,1.3902
2011-03-14,1.07,0.73,1.3994
2011-03-15,1.08,0.718,1.3972
2011-03-16,0.98,0.706,1.3913
2011-03-17,1.02,0.7,1.4017
2011-03-18,1.05,0.71,1.4182
2011-03-19,,,1.4182
2011-03-20,,,1.4182
2011-03-21,1.12,0.695,1.4215
2011-03-22,1.14,0.692,1.4189
2011-03-23,1.13,0.695,1.4101
2011-03-24,1.19,0.672,1.418
2011-03-25,1.26,0.635,1.4085
2011-03-26,,,1.4085
2011-03-27,,,1.4085
2011-03-28,1.29,0.622,1.4082
2011-03-29,1.31,0.612,1.4109
2011-03-30,1.28,0.59,1.4126
2011-03-31,1.29,0.902,1.4174
2011-04-01,1.31,0.588,1.4235
2011-04-02,,,1.4235
2011-04-03,,,1.4235
2011-04-04,1.24,0.58,1.4218
2011-04-05,1.33,0.583,1.4219
2011-04-06,1.36,0.559,1.4331
2011-04-07,1.31,0.554,1.4305
2011-04-08,1.34,0.54,1.4484
2011-04-09,,,1.4484
2011-04-10,,,1.4484
2011-04-11,1.35,0.531,1.4432
2011-04-12,1.28,0.802,1.4477
2011-04-13,1.26,1.139,1.444
2011-04-14,1.27,1.146,1.4485
2011-04-15,1.2,1.14,1.4429
2011-04-16,,,1.4429
2011-04-17,,,1.4429
2011-04-18,1.14,1.129,1.4228
2011-04-19,1.13,1.131,1.4331
2011-04-20,1.17,1.215,1.4521
2011-04-21,1.16,1.434,1.4552
2011-04-22,,,1.4561
2011-04-23,,,1.4561
2011-04-24,,,1.4561
2011-04-25,1.13,,1.4579
2011-04-26,1.09,1.297,1.4648
2011-04-27,1.09,1.286,1.4772
2011-04-28,1.03,1.282,1.4824
2011-04-29,1.01,1.42,1.4808
2011-04-30,,,1.4808
2011-05-01,,,1.4808
2011-05-02,1.01,1.289,1.4823
2011-05-03,1.01,1.26,1.4822
2011-05-04,1.0,1.045,1.4829
2011-05-05,0.97,0.854,1.4542
2011-05-06,0.96,0.59,1.4317
2011-05-07,,,1.4317
2011-05-08,,,1.4317
2011-05-09,0.94,0.595,1.4357
2011-05-10,1.03,0.927,1.4411
2011-05-11,0.96,1.051,1.4199
2011-05-12,0.98,1.061,1.4242
2011-05-13,0.96,1.11,1.4118
2011-05-14,,,1.4118
2011-05-15,,,1.4118
2011-05-16,0.93,1.129,1.4161
2011-05-17,0.91,1.133,1.4236
2011-05-18,0.97,1.152,1.4251
2011-05-19,0.94,1.161,1.4309
2011-05-20,0.92,1.158,1.416
2011-05-21,,,1.416
2011-05-22,,,1.416
2011-05-23,0.91,1.16,1.4048
2011-05-24,0.91,1.138,1.4103
2011-05-25,0.9,1.125,1.4082
2011-05-26,0.83,1.075,1.4135
2011-05-27,0.81,0.921,1.4317
2011-05-28,,,1.4317
2011-05-29,,,1.4317
2011-05-30,,0.847,1.4286
2011-05-31,0.79,0.953,1.4395
2011-06-01,0.74,0.849,1.433
2011-06-02,0.78,0.876,1.4491
2011-06-03,0.75,0.886,1.4636
2011-06-04,,,1.4636
2011-06-05,,,1.4636
2011-06-06,0.74,0.88,1.4578
2011-06-07,0.74,0.898,1.4688
2011-06-08,0.68,1.065,1.4578
2011-06-09,0.73,1.296,1.4513
2011-06-10,0.71,1.549,1.4349
2011-06-11,,,1.4349
2011-06-12,,,1.4349
2011-06-13,0.72,1.404,1.4416
2011-06-14,0.79,1.185,1.4443
2011-06-15,0.68,1.269,1.4163
2011-06-16,0.68,1.303,1.4215
2011-06-17,0.68,1.338,1.4308
2011-06-18,,,1.4308
2011-06-19,,,1.4308
2011-06-20,0.68,1.336,1.4308
2011-06-21,0.69,1.307,1.4401
2011-06-22,0.68,1.091,1.4335
2011-06-23,0.62,0.946,1.4264
2011-06-24,0.57,0.858,1.4188
2011-06-25,,,1.4188
2011-06-26,,,1.4188
2011-06-27,0.64,0.846,1.4287
2011-06-28,0.75,0.839,1.4368
2011-06-29,0.79,0.993,1.4435
2011-06-30,0.81,1.715,1.4492
2011-07-01,0.85,0.909,1.4526
2011-07-02,,,1.4526
2011-07-03,,,1.4526
2011-07-04,,0.815,1.454
2011-07-05,0.77,0.707,1.4423
2011-07-06,0.75,0.598,1.4316
2011-07-07,0.83,0.596,1.4358
2011-07-08,0.7,0.592,1.4265
2011-07-09,,,1.4265
2011-07-10,,,1.4265
2011-07-11,0.64,0.6,1.4047
2011-07-12,0.63,1.016,1.3972
2011-07-13,0.62,1.476,1.4237
2011-07-14,0.66,1.461,1.4146
2011-07-15,0.62,1.484,1.4158
2011-07-16,,,1.4158
2011-07-17,,,1.4158
2011-07-18,0.62,1.489,1.4104
2011-07-19,0.63,1.467,1.4154
2011-07-20,0.64,1.2,1.4221
2011-07-21,0.69,1.078,1.442
2011-07-22,0.66,0.97,1.4357
2011-07-23,,,1.4357
2011-07-24,,,1.4357
2011-07-25,0.69,0.975,1.4377
2011-07-26,0.66,0.991,1.4514
2011-07-27,0.71,0.953,1.4368
2011-07-28,0.68,0.899,1.4327
2011-07-29,0.55,0.972,1.4399
2011-07-30,,,1.4399
2011-07-31,,,1.4399
2011-08-01,0.55,0.912,1.4254
2011-08-02,0.5,0.941,1.419
2011-08-03,0.52,0.858,1.4362
2011-08-04,0.44,0.851,1.4091
2011-08-05,0.49,0.846,1.4278
2011-08-06,,,1.4278
2011-08-07,,,1.4278
2011-08-08,0.45,0.86,1.4164
2011-08-09,0.33,1.211,1.4391
2011-08-10,0.33,1.006,1.4163
2011-08-11,0.34,0.903,1.4238
2011-08-12,0.32,0.88,1.425
2011-08-13,,,1.425
2011-08-14,,,1.425
2011-08-15,0.34,0.874,1.4449
2011-08-16,0.33,0.885,1.44
2011-08-17,0.33,0.876,1.4426
2011-08-18,0.33,0.883,1.4323
2011-08-19,0.34,0.89,1.4398
2011-08-20,,,1.4398
2011-08-21,,,1.4398
2011-08-22,0.37,0.908,1.4358
2011-08-23,0.38,0.9,1.4435
2011-08-24,0.41,0.896,1.4407
2011-08-25,0.37,0.89,1.4374
2011-08-26,0.33,0.874,1.45
2011-08-27,,,1.45
2011-08-28,,,1.45
2011-08-29,0.35,0.869,1.4514
2011-08-30,0.33,0.865,1.4439
2011-08-31,0.33,0.955,1.4379
2011-09-01,0.31,0.884,1.4259
2011-09-02,0.33,0.868,1.4205
2011-09-03,,,1.4205
2011-09-04,,,1.4205
2011-09-05,,0.873,1.4095
2011-09-06,0.33,0.871,1.4005
2011-09-07,0.34,0.87,1.4093
2011-09-08,0.33,0.863,1.3885
2011-09-09,0.31,0.85,1.3686
2011-09-10,,,1.3686
2011-09-11,,,1.3686
2011-09-12,0.35,0.857,1.3661
2011-09-13,0.35,1.214,1.3679
2011-09-14,0.35,0.93,1.3742
2011-09-15,0.35,0.952,1.3882
2011-09-16,0.33,1.112,1.3797
2011-09-17,,,1.3797
2011-09-18,,,1.3797
2011-09-19,0.29,1.041,1.3675
2011-09-20,0.3,1.061,1.3702
2011-09-21,0.37,1.061,1.3588
2011-09-22,0.34,1.04,1.3456
2011-09-23,0.37,1.055,1.3498
2011-09-24,,,1.3498
2011-09-25,,,1.3498
2011-09-26,0.39,1.058,1.3527
2011-09-27,0.42,1.071,1.3586
2011-09-28,0.42,1.069,1.3525
2011-09-29,0.43,1.057,1.3584
2011-09-30,0.42,1.463,1.3389
2011-10-01,,,1.3389
2011-10-02,,,1.3389
2011-10-03,0.39,1.071,1.319
2011-10-04,0.4,0.997,1.3337
2011-10-05,0.43,0.97,1.3348
2011-10-06,0.46,0.947,1.3428
2011-10-07,0.5,0.919,1.3378
2011-10-08,,,1.3378
2011-10-09,,,1.3378
2011-10-10,,0.892,1.3637
2011-10-11,0.54,1.22,1.365
2011-10-12,0.54,0.986,1.3777
2011-10-13,0.51,0.958,1.3772
2011-10-14,0.5,0.93,1.388
2011-10-15,,,1.388
2011-10-16,,,1.388
2011-10-17,0.48,0.928,1.3736
2011-10-18,0.47,0.924,1.3734
2011-10-19,0.46,0.949,1.376
2011-10-20,0.46,0.932,1.3777
2011-10-21,0.46,0.937,1.3895
2011-10-22,,,1.3895
2011-10-23,,,1.3895
2011-10-24,0.47,0.934,1.3932
2011-10-25,0.43,0.932,1.3909
2011-10-26,0.48,0.946,1.3895
2011-10-27,0.53,0.923,1.4185
2011-10-28,0.5,0.919,1.4148
2011-10-29,,,1.4148
2011-10-30,,,1.4148
2011-10-31,0.41,0.937,1.3843
2011-11-01,0.38,0.872,1.3663
2011-11-02,0.37,0.899,1.3727
2011-11-03,0.39,0.909,1.3824
2011-11-04,0.37,0.892,1.3791
2011-11-05,,,1.3791
2011-11-06,,,1.3791
2011-11-07,0.38,0.885,1.3765
2011-11-08,0.39,1.219,1.3829
2011-11-09,0.37,0.769,1.3524
2011-11-10,0.38,0.736,1.3609
2011-11-11,,0.733,1.375
2011-11-12,,,1.375
2011-11-13,,,1.375
2011-11-14,0.39,0.738,1.3622
2011-11-15,0.4,0.733,1.3526
2011-11-16,0.4,0.728,1.3455
2011-11-17,0.4,0.709,1.3469
2011-11-18,0.43,0.722,1.3525
2011-11-19,,,1.3525
2011-11-20,,,1.3525
2011-11-21,0.41,0.705,1.3486
2011-11-22,0.4,0.724,1.3516
2011-11-23,0.4,0.722,1.3347
2011-11-24,,0.719,1.3341
2011-11-25,0.41,0.73,1.3239
2011-11-26,,,1.3239
2011-11-27,,,1.3239
2011-11-28,0.39,0.713,1.3313
2011-11-29,0.4,0.718,1.3332
2011-11-30,0.41,0.805,1.344
2011-12-01,0.41,0.736,1.346
2011-12-02,0.39,0.725,1.3391
2011-12-03,,,1.3391
2011-12-04,,,1.3391
2011-12-05,0.4,0.733,1.3395
2011-12-06,0.41,0.755,1.3402
2011-12-07,0.36,0.747,1.3416
2011-12-08,0.35,0.727,1.3344
2011-12-09,0.37,0.735,1.3384
2011-12-10,,,1.3384
2011-12-11,,,1.3384
2011-12-12,0.36,0.696,1.3167
2011-12-13,0.35,1.018,1.3034
2011-12-14,0.36,0.579,1.2983
2011-12-15,0.37,0.571,1.3021
2011-12-16,0.35,0.569,1.3043
2011-12-17,,,1.3043
2011-12-18,,,1.3043
2011-12-19,0.36,0.583,1.2997
2011-12-20,0.39,0.605,1.3082
2011-12-21,0.4,0.611,1.3044
2011-12-22,0.41,0.509,1.3052
2011-12-23,0.45,0.422,1.3043
2011-12-24,,,1.3043
2011-12-25,,,1.3043
2011-12-26,,,1.3055
2011-12-27,0.45,0.417,1.3068
2011-12-28,0.42,0.402,1.2937
2011-12-29,0.41,0.399,1.2951
2011-12-30,0.36,0.629,1.296
2011-12-31,,,1.296
2012-01-01,,,1.296
2012-01-02,,0.39,1.2934
2012-01-03,0.4,0.396,1.3051
2012-01-04,0.4,0.395,1.2936
2012-01-05,0.4,0.369,1.2791
2012-01-06,0.4,0.357,1.2717
2012-01-07,,,1.2717
2012-01-08,,,1.2717
2012-01-09,0.38,0.372,1.2769
2012-01-10,0.37,0.371,1.2773
2012-01-11,0.34,0.375,1.2708
2012-01-12,0.35,0.378,1.2814
2012-01-13,0.34,0.385,1.268
2012-01-14,,,1.268
2012-01-15,,,1.268
2012-01-16,,0.386,1.265
2012-01-17,0.33,0.379,1.2741
2012-01-18,0.35,0.391,1.2853
2012-01-19,0.36,0.374,1.2967
2012-01-20,0.38,0.394,1.2932
2012-01-21,,,1.2932
2012-01-22,,,1.2932
2012-01-23,0.39,0.371,1.3014
2012-01-24,0.39,0.378,1.3031
2012-01-25,0.34,0.379,1.31
2012-01-26,0.31,0.377,1.3105
2012-01-27,0.32,0.379,1.3218
2012-01-28,,,1.3218
2012-01-29,,,1.3218
2012-01-30,0.31,0.385,1.3141
2012-01-31,0.3,0.38,1.309
2012-02-01,0.31,0.363,1.317
2012-02-02,0.31,0.366,1.3145
2012-02-03,0.33,0.377,1.3159
2012-02-04,,,1.3159
2012-02-05,,,1.3159
2012-02-06,0.32,0.366,1.3124
2012-02-07,0.35,0.367,1.3262
2012-02-08,0.35,0.362,1.3251
2012-02-09,0.38,0.367,1.3285
2012-02-10,0.36,0.362,1.3197
2012-02-11,,,1.3197
2012-02-12,,,1.3197
2012-02-13,0.4,0.364,1.3174
2012-02-14,0.4,0.371,1.3128
2012-02-15,0.38,0.371,1.3059
2012-02-16,0.42,0.371,1.3131
2012-02-17,0.42,0.364,1.314
2012-02-18,,,1.314
2012-02-19,,,1.314
2012-02-20,,0.36,1.3234
2012-02-21,0.44,0.362,1.3232
2012-02-22,0.42,0.359,1.3248
2012-02-23,0.43,0.364,1.3374
2012-02-24,0.43,0.368,1.345
2012-02-25,,,1.345
2012-02-26,,,1.345
2012-02-27,0.4,0.36,1.3394
2012-02-28,0.41,0.36,1.3459
2012-02-29,0.43,0.374,1.3324
2012-03-01,0.43,0.37,1.3316
2012-03-02,0.41,0.36,1.3201
2012-03-03,,,1.3201
2012-03-04,,,1.3201
2012-03-05,0.43,0.351,1.3216
2012-03-06,0.4,0.342,1.3115
2012-03-07,0.42,0.355,1.3151
2012-03-08,0.44,0.359,1.3277
2012-03-09,0.46,0.362,1.3122
2012-03-10,,,1.3122
2012-03-11,,,1.3122
2012-03-12,0.47,0.355,1.3155
2012-03-13,0.51,0.355,1.3082
2012-03-14,0.6,0.363,1.303
2012-03-15,0.56,0.356,1.3071
2012-03-16,0.57,0.361,1.3175
2012-03-17,,,1.3175
2012-03-18,,,1.3175
2012-03-19,0.6,0.359,1.3235
2012-03-20,0.62,0.35,1.323
2012-03-21,0.58,0.348,1.3212
2012-03-22,0.56,0.352,1.3198
2012-03-23,0.55,0.359,1.327
2012-03-24,,,1.327
2012-03-25,,,1.327
2012-03-26,0.54,0.349,1.3356
2012-03-27,0.5,0.353,1.3319
2012-03-28,0.51,0.352,1.3315
2012-03-29,0.5,0.349,1.3299
2012-03-30,0.51,0.388,1.3342
2012-03-31,,,1.3342
2012-04-01,,,1.3342
2012-04-02,0.5,0.347,1.3317
2012-04-03,0.56,0.343,1.3235
2012-04-04,0.53,0.353,1.314
2012-04-05,0.5,0.352,1.3064
2012-04-06,0.45,,1.3095
2012-04-07,,,1.3095
2012-04-08,,,1.3095
2012-04-09,0.46,,1.311
2012-04-10,0.42,0.347,1.3082
2012-04-11,0.43,0.35,1.311
2012-04-12,0.43,0.341,1.3187
2012-04-13,0.41,0.346,1.3077
2012-04-14,,,1.3077
2012-04-15,,,1.3077
2012-04-16,0.42,0.346,1.3132
2012-04-17,0.42,0.349,1.3128
2012-04-18,0.4,0.346,1.3119
2012-04-19,0.4,0.347,1.3135
2012-04-20,0.4,0.344,1.3219
2012-04-21,,,1.3219
2012-04-22,,,1.3219
2012-04-23,0.39,0.338,1.3156
2012-04-24,0.4,0.338,1.3195
2012-04-25,0.39,0.337,1.3223
2012-04-26,0.39,0.343,1.3191
2012-04-27,0.39,0.346,1.3256
2012-04-28,,,1.3256
2012-04-29,,,1.3256
2012-04-30,0.38,0.344,1.3242
2012-05-01,0.39,,1.3238
2012-05-02,0.39,0.343,1.3154
2012-05-03,0.4,0.343,1.3152
2012-05-04,0.37,0.343,1.3084
2012-05-05,,,1.3084
2012-05-06,,,1.3084
2012-05-07,0.37,0.348,1.3056
2012-05-08,0.36,0.346,1.2999
2012-05-09,0.36,0.344,1.2934
2012-05-10,0.37,0.348,1.2931
2012-05-11,0.36,0.341,1.2916
2012-05-12,,,1.2916
2012-05-13,,,1.2916
2012-05-14,0.37,0.346,1.2825
2012-05-15,0.38,0.34,1.2733
2012-05-16,0.4,0.33,1.2716
2012-05-17,0.4,0.32,1.2681
2012-05-18,0.42,0.337,1.2775
2012-05-19,,,1.2775
2012-05-20,,,1.2775
2012-05-21,0.41,0.337,1.2806
2012-05-22,0.41,0.336,1.2679
2012-05-23,0.4,0.335,1.2585
2012-05-24,0.42,0.335,1.2535
2012-05-25,0.41,0.323,1.2514
2012-05-26,,,1.2514
2012-05-27,,,1.2514
2012-05-28,,0.322,1.2539
2012-05-29,0.42,0.335,1.2486
2012-05-30,0.38,0.333,1.2367
2012-05-31,0.35,0.329,1.236
2012-06-01,0.34,0.337,1.2427
2012-06-02,,,1.2427
2012-06-03,,,1.2427
2012-06-04,0.35,0.332,1.2494
2012-06-05,0.34,0.335,1.245
2012-06-06,0.37,0.31,1.2576
2012-06-07,0.37,0.312,1.2562
2012-06-08,0.39,0.331,1.2514
2012-06-09,,,1.2514
2012-06-10,,,1.2514
2012-06-11,0.37,0.336,1.2466
2012-06-12,0.41,0.336,1.2504
2012-06-13,0.4,0.335,1.2566
2012-06-14,0.41,0.331,1.2627
2012-06-15,0.37,0.329,1.2657
2012-06-16,,,1.2657
2012-06-17,,,1.2657
2012-06-18,0.38,0.334,1.2576
2012-06-19,0.39,0.333,1.2687
2012-06-20,0.41,0.326,1.2696
2012-06-21,0.41,0.329,1.2546
2012-06-22,0.42,0.325,1.2571
2012-06-23,,,1.2571
2012-06-24,,,1.2571
2012-06-25,0.39,0.328,1.25
2012-06-26,0.42,0.33,1.2491
2012-06-27,0.42,0.331,1.2468
2012-06-28,0.4,0.331,1.244
2012-06-29,0.41,0.382,1.2664
2012-06-30,,,1.2664
2012-07-01,,,1.2664
2012-07-02,0.39,0.329,1.2584
2012-07-03,0.39,0.332,1.2605
2012-07-04,,0.332,1.2526
2012-07-05,0.39,0.331,1.2389
2012-07-06,0.37,0.329,1.2289
2012-07-07,,,1.2289
2012-07-08,,,1.2289
2012-07-09,0.36,0.325,1.2313
2012-07-10,0.37,0.323,1.2252
2012-07-11,0.36,0.131,1.224
2012-07-12,0.35,0.128,1.2199
2012-07-13,0.34,0.117,1.2248
2012-07-14,,,1.2248
2012-07-15,,,1.2248
2012-07-16,0.31,0.114,1.2268
2012-07-17,0.32,0.119,1.229
2012-07-18,0.3,0.119,1.228
2012-07-19,0.31,0.12,1.2274
2012-07-20,0.29,0.115,1.2158
2012-07-21,,,1.2158
2012-07-22,,,1.2158
2012-07-23,0.28,0.116,1.2115
2012-07-24,0.28,0.113,1.206
2012-07-25,0.28,0.114,1.2147
2012-07-26,0.31,0.112,1.2279
2012-07-27,0.34,0.111,1.2318
2012-07-28,,,1.2318
2012-07-29,,,1.2318
2012-07-30,0.31,0.112,1.2254
2012-07-31,0.3,0.111,1.2298
2012-08-01,0.32,0.112,1.2228
2012-08-02,0.31,0.109,1.2181
2012-08-03,0.33,0.111,1.2383
2012-08-04,,,1.2383
2012-08-05,,,1.2383
2012-08-06,0.33,0.109,1.2397
2012-08-07,0.37,0.111,1.2397
2012-08-08,0.38,0.116,1.2364
2012-08-09,0.38,0.123,1.2303
2012-08-10,0.36,0.115,1.2289
2012-08-11,,,1.2289
2012-08-12,,,1.2289
2012-08-13,0.36,0.112,1.2331
2012-08-14,0.39,0.11,1.2318
2012-08-15,0.42,0.112,1.2285
2012-08-16,0.42,0.111,1.2355
2012-08-17,0.42,0.112,1.2333
2012-08-18,,,1.2333
2012-08-19,,,1.2333
2012-08-20,0.41,0.109,1.2345
2012-08-21,0.42,0.103,1.247
2012-08-22,0.37,0.103,1.2529
2012-08-23,0.36,0.108,1.2563
2012-08-24,0.37,0.107,1.2511
2012-08-25,,,1.2511
2012-08-26,,,1.2511
2012-08-27,0.37,0.11,1.2496
2012-08-28,0.36,0.111,1.2562
2012-08-29,0.36,0.102,1.253
2012-08-30,0.35,0.106,1.2505
2012-08-31,0.3,0.11,1.2573
2012-09-01,,,1.2573
2012-09-02,,,1.2573
2012-09-03,,0.108,1.2586
2012-09-04,0.31,0.102,1.2566
2012-09-05,0.32,0.107,1.2601
2012-09-06,0.34,0.108,1.2631
2012-09-07,0.33,0.105,1.2815
2012-09-08,,,1.2815
2012-09-09,,,1.2815
2012-09-10,0.33,0.101,1.2757
2012-09-11,0.33,0.1,1.285
2012-09-12,0.33,0.101,1.2897
2012-09-13,0.32,0.103,1.2985
2012-09-14,0.35,0.095,1.3129
2012-09-15,,,1.3129
2012-09-16,,,1.3129
2012-09-17,0.36,0.089,1.3113
2012-09-18,0.35,0.1,1.3043
2012-09-19,0.35,0.09,1.3045
2012-09-20,0.36,0.097,1.2964
2012-09-21,0.36,0.095,1.2983
2012-09-22,,,1.2983
2012-09-23,,,1.2983
2012-09-24,0.35,0.095,1.293
2012-09-25,0.35,0.092,1.2903
2012-09-26,0.34,0.096,1.2873
2012-09-27,0.34,0.095,1.2915
2012-09-28,0.31,0.107,1.2858
2012-09-29,,,1.2858
2012-09-30,,,1.2858
2012-10-01,0.31,0.095,1.2885
2012-10-02,0.31,0.087,1.2916
2012-10-03,0.31,0.085,1.2908
2012-10-04,0.32,0.095,1.3015
2012-10-05,0.34,0.093,1.3032
2012-10-06,,,1.3032
2012-10-07,,,1.3032
2012-10-08,,0.094,1.2966
2012-10-09,0.35,0.091,1.2883
2012-10-10,0.35,0.092,1.285
2012-10-11,0.34,0.095,1.2929
2012-10-12,0.34,0.092,1.2951
2012-10-13,,,1.2951
2012-10-14,,,1.2951
2012-10-15,0.34,0.096,1.2945
2012-10-16,0.36,0.091,1.3098
2012-10-17,0.41,0.093,1.3114
2012-10-18,0.41,0.093,1.3068
2012-10-19,0.41,0.095,1.3019
2012-10-20,,,1.3019
2012-10-21,,,1.3019
2012-10-22,0.42,0.092,1.3064
2012-10-23,0.41,0.088,1.2983
2012-10-24,0.4,0.089,1.2969
2012-10-25,0.43,0.089,1.2941
2012-10-26,0.41,0.086,1.2941
2012-10-27,,,1.2941
2012-10-28,,,1.2941
2012-10-29,0.4,0.089,1.2903
2012-10-30,,0.088,1.2966
2012-10-31,0.38,0.078,1.2957
2012-11-01,0.38,0.079,1.2946
2012-11-02,0.38,0.09,1.2836
2012-11-03,,,1.2836
2012-11-04,,,1.2836
2012-11-05,0.38,0.089,1.2795
2012-11-06,0.41,0.09,1.2809
2012-11-07,0.36,0.09,1.277
2012-11-08,0.35,0.087,1.2743
2012-11-09,0.35,0.072,1.2708
2012-11-10,,,1.2708
2012-11-11,,,1.2708
2012-11-12,,0.082,1.2707
2012-11-13,0.33,0.08,1.2701
2012-11-14,0.33,0.077,1.2732
2012-11-15,0.32,0.078,1.2779
2012-11-16,0.32,0.079,1.2742
2012-11-17,,,1.2742
2012-11-18,,,1.2742
2012-11-19,0.33,0.077,1.278
2012-11-20,0.36,0.074,1.2813
2012-11-21,0.37,0.072,1.2825
2012-11-22,,0.071,1.2884
2012-11-23,0.37,0.074,1.2973
2012-11-24,,,1.2973
2012-11-25,,,1.2973
2012-11-26,0.36,0.072,1.2993
2012-11-27,0.36,0.072,1.2936
2012-11-28,0.35,0.073,1.2949
2012-11-29,0.35,0.072,1.2976
2012-11-30,0.34,0.077,1.2985
2012-12-01,,,1.2985
2012-12-02,,,1.2985
2012-12-03,0.34,0.077,1.3058
2012-12-04,0.34,0.073,1.3093
2012-12-05,0.32,0.069,1.307
2012-12-06,0.32,0.072,1.2958
2012-12-07,0.33,0.072,1.2925
2012-12-08,,,1.2925
2012-12-09,,,1.2925
2012-12-10,0.33,0.069,1.2939
2012-12-11,0.32,0.067,1.3007
2012-12-12,0.32,0.066,1.3069
2012-12-13,0.34,0.071,1.3074
2012-12-14,0.34,0.074,1.3162
2012-12-15,,,1.3162
2012-12-16,,,1.3162
2012-12-17,0.37,0.071,1.3158
2012-12-18,0.39,0.072,1.3223
2012-12-19,0.39,0.07,1.3198
2012-12-20,0.39,0.069,1.3245
2012-12-21,0.38,0.06,1.3186
2012-12-22,,,1.3186
2012-12-23,,,1.3186
2012-12-24,0.38,0.061,1.3187
2012-12-25,,,1.3187
2012-12-26,0.39,,1.322
2012-12-27,0.37,0.072,1.3234
2012-12-28,0.36,0.079,1.3217
2012-12-29,,,1.3217
2012-12-30,,,1.3217
2012-12-31,0.36,0.131,1.3197
2013-01-01,,,1.3197
2013-01-02,0.37,0.062,1.3189
2013-01-03,0.4,0.066,1.3036
2013-01-04,0.41,0.068,1.3068
2013-01-05,,,1.3068
2013-01-06,,,1.3068
2013-01-07,0.41,0.066,1.3125
2013-01-08,0.38,0.067,1.3079
2013-01-09,0.37,0.069,1.3054
2013-01-10,0.37,0.069,1.3266
2013-01-11,0.37,0.067,1.3343
2013-01-12,,,1.3343
2013-01-13,,,1.3343
2013-01-14,0.37,0.065,1.3375
2013-01-15,0.36,0.064,1.3296
2013-01-16,0.36,0.067,1.329
2013-01-17,0.39,0.068,1.3375
2013-01-18,0.38,0.068,1.3317
2013-01-19,,,1.3317
2013-01-20,,,1.3317
2013-01-21,,0.068,1.3315
2013-01-22,0.38,0.069,1.332
2013-01-23,0.37,0.068,1.3309
2013-01-24,0.37,0.068,1.3378
2013-01-25,0.42,0.071,1.3457
2013-01-26,,,1.3457
2013-01-27,,,1.3457
2013-01-28,0.45,0.073,1.3444
2013-01-29,0.43,0.074,1.3486
2013-01-30,0.42,0.081,1.3567
2013-01-31,0.42,0.08,1.3586
2013-02-01,0.4,0.081,1.3641
2013-02-02,,,1.3641
2013-02-03,,,1.3641
2013-02-04,0.38,0.079,1.3502
2013-02-05,0.41,0.074,1.3581
2013-02-06,0.39,0.067,1.3515
2013-02-07,0.39,0.068,1.3393
2013-02-08,0.39,0.068,1.3365
2013-02-09,,,1.3365
2013-02-10,,,1.3365
2013-02-11,0.4,0.072,1.3401
2013-02-12,0.41,0.073,1.3451
2013-02-13,0.44,0.064,1.3448
2013-02-14,0.42,0.066,1.3356
2013-02-15,0.42,0.06,1.3357
2013-02-16,,,1.3357
2013-02-17,,,1.3357
2013-02-18,,0.058,1.3351
2013-02-19,0.44,0.062,1.3384
2013-02-20,0.42,0.069,1.3287
2013-02-21,0.4,0.07,1.3191
2013-02-22,0.4,0.071,1.319
2013-02-23,,,1.319
2013-02-24,,,1.319
2013-02-25,0.37,0.064,1.3059
2013-02-26,0.37,0.065,1.3064
2013-02-27,0.36,0.056,1.3134
2013-02-28,0.36,0.066,1.3066
2013-03-01,0.35,0.059,1.3017
2013-03-02,,,1.3017
2013-03-03,,,1.3017
2013-03-04,0.35,0.06,1.3024
2013-03-05,0.36,0.061,1.3044
2013-03-06,0.38,0.07,1.2973
2013-03-07,0.4,0.063,1.3104
2013-03-08,0.42,0.06,1.3
2013-03-09,,,1.3
2013-03-10,,,1.3
2013-03-11,0.43,0.064,1.3033
2013-03-12,0.41,0.068,1.3027
2013-03-13,0.42,0.068,1.2956
2013-03-14,0.42,0.068,1.3012
2013-03-15,0.4,0.07,1.3074
2013-03-16,,,1.3074
2013-03-17,,,1.3074
2013-03-18,0.38,0.069,1.2941
2013-03-19,0.37,0.064,1.2857
2013-03-20,0.38,0.065,1.2932
2013-03-21,0.38,0.062,1.2898
2013-03-22,0.39,0.061,1.2988
2013-03-23,,,1.2988
2013-03-24,,,1.2988
2013-03-25,0.38,0.064,1.2858
2013-03-26,0.38,0.064,1.2862
2013-03-27,0.36,0.067,1.2777
2013-03-28,0.36,0.112,1.2814
2013-03-29,,,1.2817
2013-03-30,,,1.2817
2013-03-31,,,1.2817
2013-04-01,0.36,,1.2843
2013-04-02,0.36,0.07,1.2821
2013-04-03,0.34,0.072,1.2842
2013-04-04,0.33,0.074,1.2932
2013-04-05,0.33,0.075,1.2994
2013-04-06,,,1.2994
2013-04-07,,,1.2994
2013-04-08,0.34,0.082,1.3017
2013-04-09,0.34,0.078,1.308
2013-04-10,0.36,0.082,1.3066
2013-04-11,0.35,0.086,1.3105
2013-04-12,0.33,0.082,1.311
2013-04-13,,,1.311
2013-04-14,,,1.311
2013-04-15,0.32,0.083,1.3046
2013-04-16,0.33,0.08,1.3177
2013-04-17,0.35,0.078,1.3034
2013-04-18,0.35,0.08,1.3051
2013-04-19,0.35,0.083,1.3052
2013-04-20,,,1.3052
2013-04-21,,,1.3052
2013-04-22,0.35,0.082,1.3061
2013-04-23,0.35,0.079,1.3
2013-04-24,0.34,0.083,1.3011
2013-04-25,0.35,0.083,1.3008
2013-04-26,0.32,0.082,1.3026
2013-04-27,,,1.3026
2013-04-28,,,1.3026
2013-04-29,0.32,0.085,1.3092
2013-04-30,0.32,0.102,1.3166
2013-05-01,0.3,,1.3183
2013-05-02,0.3,0.078,1.3061
2013-05-03,0.34,0.077,1.3114
2013-05-04,,,1.3114
2013-05-05,,,1.3114
2013-05-06,0.34,0.083,1.3072
2013-05-07,0.35,0.075,1.3078
2013-05-08,0.35,0.064,1.3159
2013-05-09,0.35,0.072,1.3043
2013-05-10,0.38,0.074,1.2984
2013-05-11,,,1.2984
2013-05-12,,,1.2984
2013-05-13,0.4,0.086,1.2981
2013-05-14,0.41,0.081,1.2931
2013-05-15,0.4,0.078,1.288
2013-05-16,0.37,0.082,1.2883
2013-05-17,0.4,0.066,1.2826
2013-05-18,,,1.2826
2013-05-19,,,1.2826
2013-05-20,0.4,0.069,1.2883
2013-05-21,0.39,0.076,1.2905
2013-05-22,0.41,0.083,1.2851
2013-05-23,0.42,0.078,1.2932
2013-05-24,0.41,0.081,1.2935
2013-05-25,,,1.2935
2013-05-26,,,1.2935
2013-05-27,,0.082,1.2934
2013-05-28,0.49,0.084,1.2852
2013-05-29,0.49,0.076,1.294
2013-05-30,0.49,0.073,1.3044
2013-05-31,0.52,0.114,1.2996
2013-06-01,,,1.2996
2013-06-02,,,1.2996
2013-06-03,0.5,0.078,1.3069
2013-06-04,0.48,0.078,1.3082
2013-06-05,0.48,0.081,1.3092
2013-06-06,0.48,0.083,1.3238
2013-06-07,0.52,0.078,1.3218
2013-06-08,,,1.3218
2013-06-09,,,1.3218
2013-06-10,0.55,0.082,1.3254
2013-06-11,0.57,0.075,1.3311
2013-06-12,0.57,0.077,1.3336
2013-06-13,0.55,0.074,1.3372
2013-06-14,0.49,0.075,1.3345
2013-06-15,,,1.3345
2013-06-16,,,1.3345
2013-06-17,0.49,0.08,1.3361
2013-06-18,0.48,0.073,1.3394
2013-06-19,0.58,0.082,1.3295
2013-06-20,0.62,0.082,1.3225
2013-06-21,0.7,0.084,1.3123
2013-06-22,,,1.3123
2013-06-23,,,1.3123
2013-06-24,0.73,0.084,1.3122
2013-06-25,0.74,0.079,1.3081
2013-06-26,0.69,0.084,1.3007
2013-06-27,0.66,0.086,1.3036
2013-06-28,0.66,0.208,1.3015
2013-06-29,,,1.3015
2013-06-30,,,1.3015
2013-07-01,0.65,0.085,1.3062
2013-07-02,0.64,0.082,1.2983
2013-07-03,0.67,0.082,1.3008
2013-07-04,,0.087,1.2912
2013-07-05,0.77,0.087,1.2831
2013-07-06,,,1.2831
2013-07-07,,,1.2831
2013-07-08,0.71,0.084,1.2868
2013-07-09,0.71,0.083,1.2786
2013-07-10,0.73,0.088,1.3022
2013-07-11,0.65,0.09,1.3093
2013-07-12,0.66,0.087,1.3067
2013-07-13,,,1.3067
2013-07-14,,,1.3067
2013-07-15,0.66,0.086,1.3066
2013-07-16,0.64,0.083,1.3153
2013-07-17,0.6,0.09,1.3123
2013-07-18,0.61,0.091,1.3112
2013-07-19,0.59,0.098,1.3143
2013-07-20,,,1.3143
2013-07-21,,,1.3143
2013-07-22,0.59,0.101,1.3183
2013-07-23,0.6,0.105,1.3223
2013-07-24,0.64,0.104,1.3196
2013-07-25,0.62,0.098,1.3276
2013-07-26,0.59,0.097,1.3282
2013-07-27,,,1.3282
2013-07-28,,,1.3282
2013-07-29,0.61,0.092,1.3262
2013-07-30,0.62,0.099,1.3262
2013-07-31,0.61,0.143,1.3296
2013-08-01,0.65,0.093,1.321
2013-08-02,0.59,0.084,1.3284
2013-08-03,,,1.3284
2013-08-04,,,1.3284
2013-08-05,0.61,0.083,1.3261
2013-08-06,0.62,0.078,1.3306
2013-08-07,0.61,0.099,1.3335
2013-08-08,0.61,0.084,1.3381
2013-08-09,0.61,0.082,1.3344
2013-08-10,,,1.3344
2013-08-11,,,1.3344
2013-08-12,0.62,0.079,1.3298
2013-08-13,0.68,0.077,1.326
2013-08-14,0.67,0.08,1.3258
2013-08-15,0.7,0.077,1.335
2013-08-16,0.73,0.078,1.3333
2013-08-17,,,1.3333
2013-08-18,,,1.3333
2013-08-19,0.76,0.079,1.3336
2013-08-20,0.73,0.078,1.3418
2013-08-21,0.76,0.078,1.3358
2013-08-22,0.82,0.079,1.3356
2013-08-23,0.8,0.077,1.3384
2013-08-24,,,1.3384
2013-08-25,,,1.3384
2013-08-26,0.79,0.078,1.3369
2013-08-27,0.77,0.08,1.3389
2013-08-28,0.79,0.078,1.334
2013-08-29,0.79,0.076,1.3237
2013-08-30,0.79,0.107,1.3216
2013-08-31,,,1.3216
2013-09-01,,,1.3216
2013-09-02,,0.079,1.3195
2013-09-03,0.83,0.08,1.3166
2013-09-04,0.89,0.073,1.3203
2013-09-05,0.97,0.069,1.3118
2013-09-06,0.91,0.075,1.3175
2013-09-07,,,1.3175
2013-09-08,,,1.3175
2013-09-09,0.87,0.068,1.3253
2013-09-10,0.92,0.071,1.3265
2013-09-11,0.88,0.073,1.3311
2013-09-12,0.87,0.068,1.3299
2013-09-13,0.87,0.072,1.3302
2013-09-14,,,1.3302
2013-09-15,,,1.3302
2013-09-16,0.8,0.073,1.3335
2013-09-17,0.78,0.075,1.3357
2013-09-18,0.67,0.078,1.3508
2013-09-19,0.69,0.075,1.3529
2013-09-20,0.69,0.078,1.352
2013-09-21,,,1.352
2013-09-22,,,1.352
2013-09-23,0.68,0.08,1.3492
2013-09-24,0.67,0.077,1.3471
2013-09-25,0.66,0.077,1.3522
2013-09-26,0.67,0.082,1.3487
2013-09-27,0.64,0.085,1.3521
2013-09-28,,,1.3521
2013-09-29,,,1.3521
2013-09-30,0.63,0.179,1.3521
2013-10-01,0.66,0.08,1.3523
2013-10-02,0.62,0.079,1.358
2013-10-03,0.61,0.079,1.3621
2013-10-04,0.66,0.084,1.3553
2013-10-05,,,1.3553
2013-10-06,,,1.3553
2013-10-07,0.66,0.082,1.3577
2013-10-08,0.7,0.084,1.3573
2013-10-09,0.68,0.081,1.3522
2013-10-10,0.68,0.08,1.3525
2013-10-11,0.66,0.085,1.3551
2013-10-12,,,1.3551
2013-10-13,,,1.3551
2013-10-14,,0.078,1.3559
2013-10-15,0.68,0.078,1.3525
2013-10-16,0.64,0.082,1.3533
2013-10-17,0.61,0.088,1.3672
2013-10-18,0.62,0.093,1.3684
2013-10-19,,,1.3684
2013-10-20,,,1.3684
2013-10-21,0.63,0.091,1.3677
2013-10-22,0.59,0.093,1.3777
2013-10-23,0.6,0.094,1.3775
2013-10-24,0.59,0.096,1.3799
2013-10-25,0.59,0.096,1.3807
2013-10-26,,,1.3807
2013-10-27,,,1.3807
2013-10-28,0.59,0.095,1.3783
2013-10-29,0.59,0.098,1.3747
2013-10-30,0.58,0.103,1.3722
2013-10-31,0.57,0.228,1.3588
2013-11-01,0.61,0.092,1.3484
2013-11-02,,,1.3484
2013-11-03,,,1.3484
2013-11-04,0.6,0.092,1.3513
2013-11-05,0.6,0.089,1.3472
2013-11-06,0.58,0.086,1.3515
2013-11-07,0.55,0.078,1.3414
2013-11-08,0.62,0.077,1.3359
2013-11-09,,,1.3359
2013-11-10,,,1.3359
2013-11-11,,0.076,1.3407
2013-11-12,0.65,0.074,1.3435
2013-11-13,0.61,0.07,1.3481
2013-11-14,0.56,0.076,1.3459
2013-11-15,0.58,0.079,1.349
2013-11-16,,,1.349
2013-11-17,,,1.349
2013-11-18,0.56,0.084,1.3504
2013-11-19,0.58,0.086,1.3535
2013-11-20,0.57,0.091,1.3439
2013-11-21,0.55,0.108,1.3475
2013-11-22,0.57,0.117,1.3549
2013-11-23,,,1.3549
2013-11-24,,,1.3549
2013-11-25,0.57,0.132,1.3522
2013-11-26,0.55,0.131,1.3566
2013-11-27,0.55,0.123,1.3578
2013-11-28,,0.127,1.3603
2013-11-29,0.56,0.277,1.3584
2013-11-30,,,1.3584
2013-12-01,,,1.3584
2013-12-02,0.59,0.112,1.3538
2013-12-03,0.58,0.117,1.3589
2013-12-04,0.6,0.126,1.3589
2013-12-05,0.61,0.127,1.3671
2013-12-06,0.64,0.127,1.3702
2013-12-07,,,1.3702
2013-12-08,,,1.3702
2013-12-09,0.64,0.125,1.3735
2013-12-10,0.62,0.131,1.3759
2013-12-11,0.63,0.144,1.3786
2013-12-12,0.67,0.139,1.3749
2013-12-13,0.68,0.15,1.3737
2013-12-14,,,1.3737
2013-12-15,,,1.3737
2013-12-16,0.68,0.183,1.3758
2013-12-17,0.65,0.206,1.3771
2013-12-18,0.64,0.176,1.3675
2013-12-19,0.7,0.159,1.3654
2013-12-20,0.74,0.161,1.3681
2013-12-21,,,1.3681
2013-12-22,,,1.3681
2013-12-23,0.77,0.158,1.3695
2013-12-24,0.8,0.171,1.3679
2013-12-25,,,1.3679
2013-12-26,0.81,,1.3687
2013-12-27,0.79,0.192,1.374
2013-12-28,,,1.374
2013-12-29,,,1.374
2013-12-30,0.77,0.223,1.3794
2013-12-31,0.78,0.446,1.3758
2014-01-01,,,1.3758
2014-01-02,0.76,0.152,1.3663
2014-01-03,0.8,0.111,1.3582
2014-01-04,,,1.3582
2014-01-05,,,1.3582
2014-01-06,0.78,0.096,1.3633
2014-01-07,0.8,0.099,1.3614
2014-01-08,0.87,0.137,1.3575
2014-01-09,0.86,0.156,1.3602
2014-01-10,0.77,0.154,1.3664
2014-01-11,,,1.3664
2014-01-12,,,1.3664
2014-01-13,0.74,0.153,1.3667
2014-01-14,0.78,0.147,1.3672
2014-01-15,0.81,0.21,1.3604
2014-01-16,0.8,0.3,1.3616
2014-01-17,0.79,0.343,1.3527
2014-01-18,,,1.3527
2014-01-19,,,1.3527
2014-01-20,,0.359,1.3556
2014-01-21,0.81,0.351,1.3559
2014-01-22,0.85,0.238,1.3545
2014-01-23,0.77,0.21,1.3693
2014-01-24,0.75,0.191,1.3676
2014-01-25,,,1.3676
2014-01-26,,,1.3676
2014-01-27,0.76,0.188,1.3673
2014-01-28,0.75,0.179,1.3652
2014-01-29,0.71,0.157,1.3661
2014-01-30,0.72,0.155,1.3557
2014-01-31,0.69,0.228,1.3486
2014-02-01,,,1.3486
2014-02-02,,,1.3486
2014-02-03,0.64,0.14,1.3525
2014-02-04,0.65,0.133,1.3514
2014-02-05,0.66,0.145,1.3535
2014-02-06,0.69,0.132,1.359
2014-02-07,0.66,0.131,1.3638
2014-02-08,,,1.3638
2014-02-09,,,1.3638
2014-02-10,0.66,0.127,1.3644
2014-02-11,0.71,0.122,1.3637
2014-02-12,0.74,0.17,1.3595
2014-02-13,0.7,0.159,1.3678
2014-02-14,0.71,0.144,1.3698
2014-02-15,,,1.3698
2014-02-16,,,1.3698
2014-02-17,,0.15,1.3704
2014-02-18,0.67,0.153,1.376
2014-02-19,0.69,0.164,1.3732
2014-02-20,0.72,0.169,1.372
2014-02-21,0.71,0.171,1.3737
2014-02-22,,,1.3737
2014-02-23,,,1.3737
2014-02-24,0.72,0.169,1.3733
2014-02-25,0.7,0.166,1.3744
2014-02-26,0.68,0.168,1.3683
2014-02-27,0.68,0.162,1.3708
2014-02-28,0.69,0.259,1.3803
2014-03-01,,,1.3803
2014-03-02,,,1.3803
2014-03-03,0.66,0.156,1.3736
2014-03-04,0.71,0.157,1.374
2014-03-05,0.71,0.164,1.3736
2014-03-06,0.73,0.163,1.386
2014-03-07,0.79,0.159,1.3872
2014-03-08,,,1.3872
2014-03-09,,,1.3872
2014-03-10,0.79,0.167,1.3876
2014-03-11,0.79,0.171,1.3854
2014-03-12,0.78,0.172,1.3901
2014-03-13,0.74,0.17,1.3867
2014-03-14,0.74,0.158,1.3912
2014-03-15,,,1.3912
2014-03-16,,,1.3912
2014-03-17,0.77,0.162,1.3924
2014-03-18,0.75,0.16,1.393
2014-03-19,0.91,0.168,1.3823
2014-03-20,0.9,0.163,1.3778
2014-03-21,0.91,0.17,1.3793
2014-03-22,,,1.3793
2014-03-23,,,1.3793
2014-03-24,0.93,0.169,1.3837
2014-03-25,0.92,0.172,1.3825
2014-03-26,0.89,0.171,1.3782
2014-03-27,0.9,0.174,1.3743
2014-03-28,0.93,0.195,1.375
2014-03-29,,,1.375
2014-03-30,,,1.375
2014-03-31,0.9,0.688,1.3773
2014-04-01,0.91,0.194,1.3793
2014-04-02,0.94,0.212,1.3764
2014-04-03,0.95,0.218,1.3716
2014-04-04,0.89,0.212,1.3703
2014-04-05,,,1.3703
2014-04-06,,,1.3703
2014-04-07,0.87,0.224,1.3741
2014-04-08,0.88,0.216,1.3794
2014-04-09,0.85,0.209,1.3853
2014-04-10,0.81,0.207,1.3886
2014-04-11,0.8,0.209,1.3883
2014-04-12,,,1.3883
2014-04-13,,,1.3883
2014-04-14,0.82,0.209,1.3818
2014-04-15,0.84,0.207,1.3813
2014-04-16,0.87,0.204,1.3816
2014-04-17,0.91,0.221,1.3813
2014-04-18,,,1.3813
2014-04-19,,,1.3813
2014-04-20,,,1.3813
2014-04-21,0.91,,1.3795
2014-04-22,0.93,0.217,1.3805
2014-04-23,0.91,0.238,1.3816
2014-04-24,0.91,0.294,1.3831
2014-04-25,0.9,0.331,1.3835
2014-04-26,,,1.3835
2014-04-27,,,1.3835
2014-04-28,0.9,0.398,1.385
2014-04-29,0.91,0.457,1.3812
2014-04-30,0.87,0.4,1.3866
2014-05-01,0.86,,1.3867
2014-05-02,0.89,0.159,1.3871
2014-05-03,,,1.3871
2014-05-04,,,1.3871
2014-05-05,0.9,0.126,1.3874
2014-05-06,0.92,0.108,1.3925
2014-05-07,0.89,0.26,1.3911
2014-05-08,0.86,0.239,1.3839
2014-05-09,0.86,0.222,1.3755
2014-05-10,,,1.3755
2014-05-11,,,1.3755
2014-05-12,0.87,0.191,1.3758
2014-05-13,0.84,0.184,1.3704
2014-05-14,0.81,0.177,1.3714
2014-05-15,0.8,0.172,1.371
2014-05-16,0.8,0.169,1.3698
2014-05-17,,,1.3698
2014-05-18,,,1.3698
2014-05-19,0.79,0.177,1.3709
2014-05-20,0.77,0.196,1.3699
2014-05-21,0.79,0.271,1.3685
2014-05-22,0.8,0.337,1.3656
2014-05-23,0.79,0.396,1.363
2014-05-24,,,1.363
2014-05-25,,,1.363
2014-05-26,,0.425,1.3643
2014-05-27,0.79,0.469,1.3633
2014-05-28,0.76,0.239,1.3592
2014-05-29,0.77,0.244,1.3602
2014-05-30,0.79,0.448,1.3631
2014-05-31,,,1.3631
2014-06-01,,,1.3631
2014-06-02,0.83,0.226,1.3598
2014-06-03,0.85,0.191,1.3626
2014-06-04,0.85,0.142,1.36
2014-06-05,0.82,0.104,1.3663
2014-06-06,0.86,0.067,1.3644
2014-06-07,,,1.3644
2014-06-08,,,1.3644
2014-06-09,0.88,0.053,1.3592
2014-06-10,0.93,0.065,1.3544
2014-06-11,0.91,0.06,1.3534
2014-06-12,0.88,0.043,1.355
2014-06-13,0.93,0.026,1.3539
2014-06-14,,,1.3539
2014-06-15,,,1.3539
2014-06-16,0.95,0.027,1.3571
2014-06-17,0.99,0.03,1.3546
2014-06-18,0.95,0.015,1.3587
2014-06-19,0.94,0.01,1.3606
2014-06-20,0.94,0.025,1.3597
2014-06-21,,,1.3597
2014-06-22,,,1.3597
2014-06-23,0.96,0.031,1.3603
2014-06-24,0.95,0.036,1.3603
2014-06-25,0.92,0.043,1.3631
2014-06-26,0.9,0.036,1.3612
2014-06-27,0.88,0.025,1.3647
2014-06-28,,,1.3647
2014-06-29,,,1.3647
2014-06-30,0.88,0.336,1.3693
2014-07-01,0.9,0.026,1.3678
2014-07-02,0.95,0.023,1.3657
2014-07-03,0.98,0.032,1.3609
2014-07-04,,0.032,1.3593
2014-07-05,,,1.3593
2014-07-06,,,1.3593
2014-07-07,1.0,0.029,1.3605
2014-07-08,0.99,0.027,1.3611
2014-07-09,0.97,0.033,1.3641
2014-07-10,0.93,0.036,1.3606
2014-07-11,0.92,0.05,1.3608
2014-07-12,,,1.3608
2014-07-13,,,1.3608
2014-07-14,0.95,0.052,1.3621
2014-07-15,0.97,0.034,1.3568
2014-07-16,0.98,0.036,1.3525
2014-07-17,0.94,0.039,1.3526
2014-07-18,0.97,0.037,1.3524
2014-07-19,,,1.3524
2014-07-20,,,1.3524
2014-07-21,0.99,0.048,1.3523
2014-07-22,0.97,0.041,1.3466
2014-07-23,0.96,0.047,1.3462
2014-07-24,1.0,0.042,1.3463
2014-07-25,0.98,0.043,1.3431
2014-07-26,,,1.3431
2014-07-27,,,1.3431
2014-07-28,1.01,0.044,1.3439
2014-07-29,1.0,0.032,1.3409
2014-07-30,1.04,0.035,1.3394
2014-07-31,1.02,0.177,1.3388
2014-08-01,0.94,0.023,1.3422
2014-08-02,,,1.3422
2014-08-03,,,1.3422
2014-08-04,0.93,0.029,1.3422
2014-08-05,0.93,0.031,1.3372
2014-08-06,0.93,0.021,1.3384
2014-08-07,0.89,0.014,1.3362
2014-08-08,0.91,0.019,1.3412
2014-08-09,,,1.3412
2014-08-10,,,1.3412
2014-08-11,0.93,0.01,1.3385
2014-08-12,0.92,0.009,1.3367
2014-08-13,0.88,0.019,1.3363
2014-08-14,0.87,0.014,1.3364
2014-08-15,0.86,0.007,1.3397
2014-08-16,,,1.3397
2014-08-17,,,1.3397
2014-08-18,0.89,0.006,1.3361
2014-08-19,0.9,0.005,1.3318
2014-08-20,0.94,0.013,1.3257
2014-08-21,0.95,0.014,1.3282
2014-08-22,0.98,0.006,1.3243
2014-08-23,,,1.3243
2014-08-24,,,1.3243
2014-08-25,0.99,0.019,1.3191
2014-08-26,0.98,0.009,1.3169
2014-08-27,0.97,0.011,1.3193
2014-08-28,0.95,-0.004,1.3183
2014-08-29,0.94,0.101,1.3139
2014-08-30,,,1.3139
2014-08-31,,,1.3139
2014-09-01,,-0.013,1.3128
2014-09-02,0.99,-0.007,1.3133
2014-09-03,0.99,-0.006,1.3148
2014-09-04,1.01,0.003,1.2935
2014-09-05,0.99,0.0,1.2951
2014-09-06,,,1.2951
2014-09-07,,,1.2951
2014-09-08,1.02,0.003,1.2899
2014-09-09,1.06,0.012,1.294
2014-09-10,1.07,-0.024,1.2916
2014-09-11,1.07,-0.016,1.2923
2014-09-12,1.07,-0.014,1.2948
2014-09-13,,,1.2948
2014-09-14,,,1.2948
2014-09-15,1.06,-0.011,1.294
2014-09-16,1.04,0.007,1.2957
2014-09-17,1.08,0.007,1.2845
2014-09-18,1.1,0.003,1.2916
2014-09-19,1.09,0.007,1.2836
2014-09-20,,,1.2836
2014-09-21,,,1.2836
2014-09-22,1.06,0.002,1.2846
2014-09-23,1.05,0.015,1.2848
2014-09-24,1.08,0.022,1.2778
2014-09-25,1.03,-0.003,1.2751
2014-09-26,1.08,-0.017,1.2683
2014-09-27,,,1.2683
2014-09-28,,,1.2683
2014-09-29,1.06,-0.022,1.2689
2014-09-30,1.07,0.197,1.263
2014-10-01,1.0,-0.032,1.2618
2014-10-02,1.01,-0.033,1.2669
2014-10-03,1.05,-0.045,1.2511
2014-10-04,,,1.2511
2014-10-05,,,1.2511
2014-10-06,1.02,-0.014,1.2653
2014-10-07,0.98,-0.033,1.2665
2014-10-08,0.9,-0.015,1.2729
2014-10-09,0.91,-0.015,1.2689
2014-10-10,0.89,-0.006,1.2613
2014-10-11,,,1.2613
2014-10-12,,,1.2613
2014-10-13,,-0.018,1.2741
2014-10-14,0.8,-0.026,1.2658
2014-10-15,0.73,-0.011,1.2815
2014-10-16,0.75,-0.012,1.2803
2014-10-17,0.79,-0.014,1.276
2014-10-18,,,1.276
2014-10-19,,,1.276
2014-10-20,0.76,-0.003,1.2794
2014-10-21,0.77,0.012,1.2711
2014-10-22,0.8,0.017,1.2645
2014-10-23,0.83,0.014,1.2645
2014-10-24,0.82,0.018,1.2667
2014-10-25,,,1.2667
2014-10-26,,,1.2667
2014-10-27,0.81,0.013,1.2696
2014-10-28,0.84,0.01,1.2736
2014-10-29,0.93,0.006,1.2637
2014-10-30,0.91,0.002,1.2605
2014-10-31,0.95,0.082,1.2523
2014-11-01,,,1.2523
2014-11-02,,,1.2523
2014-11-03,0.96,-0.035,1.249
2014-11-04,0.97,-0.039,1.2552
2014-11-05,0.97,-0.042,1.2475
2014-11-06,1.01,-0.037,1.2379
2014-11-07,0.95,-0.038,1.2452
2014-11-08,,,1.2452
2014-11-09,,,1.2452
2014-11-10,1.0,-0.032,1.2424
2014-11-11,,-0.036,1.2472
2014-11-12,1.0,-0.027,1.2428
2014-11-13,0.97,-0.028,1.2475
2014-11-14,0.96,-0.029,1.2526
2014-11-15,,,1.2526
2014-11-16,,,1.2526
2014-11-17,0.96,-0.027,1.2449
2014-11-18,0.96,-0.022,1.2532
2014-11-19,0.99,-0.023,1.2545
2014-11-20,0.97,-0.019,1.2542
2014-11-21,0.96,-0.011,1.2388
2014-11-22,,,1.2388
2014-11-23,,,1.2388
2014-11-24,0.95,-0.006,1.2437
2014-11-25,0.94,0.017,1.2472
2014-11-26,0.93,0.046,1.2505
2014-11-27,,0.029,1.2458
2014-11-28,0.88,0.128,1.2443
2014-11-29,,,1.2443
2014-11-30,,,1.2443
2014-12-01,0.9,-0.007,1.2472
2014-12-02,0.96,-0.025,1.2382
2014-12-03,0.98,-0.023,1.2306
2014-12-04,0.97,-0.036,1.2377
2014-12-05,1.09,-0.038,1.2287
2014-12-06,,,1.2287
2014-12-07,,,1.2287
2014-12-08,1.1,-0.052,1.2315
2014-12-09,1.07,-0.04,1.2377
2014-12-10,1.01,-0.025,1.2445
2014-12-11,1.05,-0.014,1.2405
2014-12-12,0.98,-0.021,1.2453
2014-12-13,,,1.2453
2014-12-14,,,1.2453
2014-12-15,1.03,-0.016,1.2444
2014-12-16,0.99,-0.019,1.251
2014-12-17,1.06,-0.026,1.233
2014-12-18,1.1,-0.03,1.2286
2014-12-19,1.1,-0.055,1.2225
2014-12-20,,,1.2225
2014-12-21,,,1.2225
2014-12-22,1.13,-0.051,1.2227
2014-12-23,1.17,-0.077,1.2172
2014-12-24,1.18,-0.085,1.2203
2014-12-25,,,1.2203
2014-12-26,1.19,,1.2177
2014-12-27,,,1.2177
2014-12-28,,,1.2177
2014-12-29,1.14,-0.06,1.2156
2014-12-30,1.11,-0.077,1.2157
2014-12-31,1.1,0.144,1.21
2015-01-01,,,1.21
2015-01-02,1.07,-0.079,1.2003
2015-01-03,,,1.2003
2015-01-04,,,1.2003
2015-01-05,1.06,-0.074,1.1932
2015-01-06,1.02,-0.075,1.1871
2015-01-07,1.0,-0.069,1.1833
2015-01-08,1.0,-0.07,1.1789
2015-01-09,0.96,-0.047,1.1843
2015-01-10,,,1.1843
2015-01-11,,,1.1843
2015-01-12,0.91,-0.063,1.1829
2015-01-13,0.88,-0.069,1.1775
2015-01-14,0.83,-0.067,1.1788
2015-01-15,0.75,-0.067,1.1626
2015-01-16,0.8,-0.081,1.1565
2015-01-17,,,1.1565
2015-01-18,,,1.1565
2015-01-19,,-0.075,1.1603
2015-01-20,0.85,-0.081,1.1554
2015-01-21,0.87,-0.068,1.1611
2015-01-22,0.9,-0.036,1.1368
2015-01-23,0.86,-0.019,1.1211
2015-01-24,,,1.1211
2015-01-25,,,1.1211
2015-01-26,0.89,-0.033,1.1235
2015-01-27,0.87,-0.019,1.137
2015-01-28,0.81,-0.029,1.1275
2015-01-29,0.84,-0.028,1.1327
2015-01-30,0.77,0.086,1.1298
2015-01-31,,,1.1298
2015-02-01,,,1.1298
2015-02-02,0.78,-0.024,1.1334
2015-02-03,0.85,-0.034,1.1463
2015-02-04,0.86,-0.037,1.1333
2015-02-05,0.87,-0.026,1.1476
2015-02-06,1.03,-0.037,1.1318
2015-02-07,,,1.1318
2015-02-08,,,1.1318
2015-02-09,1.04,-0.042,1.1324
2015-02-10,1.05,-0.041,1.1315
2015-02-11,1.06,-0.048,1.133
2015-02-12,1.02,-0.045,1.14
2015-02-13,1.03,-0.046,1.14
2015-02-14,,,1.14
2015-02-15,,,1.14
2015-02-16,,-0.049,1.1345
2015-02-17,1.1,-0.04,1.1408
2015-02-18,1.0,-0.038,1.1401
2015-02-19,1.05,-0.034,1.1363
2015-02-20,1.07,-0.043,1.1382
2015-02-21,,,1.1382
2015-02-22,,,1.1382
2015-02-23,1.03,-0.044,1.1335
2015-02-24,0.97,-0.048,1.1338
2015-02-25,0.98,-0.046,1.1363
2015-02-26,1.04,-0.062,1.1194
2015-02-27,1.01,0.064,1.1189
2015-02-28,,,1.1189
2015-03-01,,,1.1189
2015-03-02,1.06,-0.055,1.1178
2015-03-03,1.09,-0.063,1.1179
2015-03-04,1.07,-0.06,1.1079
2015-03-05,1.05,-0.056,1.103
2015-03-06,1.16,-0.064,1.0849
2015-03-07,,,1.0849
2015-03-08,,,1.0849
2015-03-09,1.13,-0.064,1.0846
2015-03-10,1.1,-0.064,1.0685
2015-03-11,1.09,-0.055,1.055
2015-03-12,1.06,-0.055,1.0621
2015-03-13,1.07,-0.04,1.0493
2015-03-14,,,1.0493
2015-03-15,,,1.0493
2015-03-16,1.06,-0.058,1.0569
2015-03-17,1.07,-0.041,1.0592
2015-03-18,0.92,-0.057,1.0823
2015-03-19,0.99,-0.04,1.0669
2015-03-20,0.95,-0.055,1.0822
2015-03-21,,,1.0822
2015-03-22,,,1.0822
2015-03-23,0.93,-0.048,1.0959
2015-03-24,0.91,-0.059,1.0914
2015-03-25,0.94,-0.063,1.0965
2015-03-26,0.98,-0.058,1.088
2015-03-27,0.92,-0.053,1.0889
2015-03-28,,,1.0889
2015-03-29,,,1.0889
2015-03-30,0.93,-0.05,1.0825
2015-03-31,0.89,0.05,1.07406
2015-04-01,0.86,-0.07,1.0767
2015-04-02,0.87,-0.079,1.088
2015-04-03,0.8,,1.097
2015-04-04,,,1.097
2015-04-05,,,1.097
2015-04-06,0.83,,1.0934
2015-04-07,0.85,-0.08,1.0811
2015-04-08,0.86,-0.074,1.0782
2015-04-09,0.89,-0.056,1.0662
2015-04-10,0.91,-0.07,1.0606
2015-04-11,,,1.0606
2015-04-12,,,1.0606
2015-04-13,0.89,-0.072,1.0569
2015-04-14,0.85,-0.089,1.0655
2015-04-15,0.85,-0.074,1.0679
2015-04-16,0.81,-0.093,1.0765
2015-04-17,0.84,-0.073,1.0818
2015-04-18,,,1.0818
2015-04-19,,,1.0818
2015-04-20,0.86,-0.079,1.0739
2015-04-21,0.86,-0.084,1.0738
2015-04-22,0.91,-0.077,1.0722
2015-04-23,0.87,-0.08,1.0822
2015-04-24,0.84,-0.081,1.0866
2015-04-25,,,1.0866
2015-04-26,,,1.0866
2015-04-27,0.87,-0.081,1.0884
2015-04-28,0.9,-0.079,1.0976
2015-04-29,0.91,-0.072,1.1115
2015-04-30,0.91,-0.027,1.1214
2015-05-01,0.97,,1.1212
2015-05-02,,,1.1212
2015-05-03,,,1.1212
2015-05-04,0.96,-0.084,1.1149
2015-05-05,1.0,-0.085,1.1185
2015-05-06,1.03,-0.088,1.1343
2015-05-07,1.02,-0.089,1.1253
2015-05-08,0.96,-0.087,1.1208
2015-05-09,,,1.1208
2015-05-10,,,1.1208
2015-05-11,1.02,-0.089,1.1152
2015-05-12,1.0,-0.091,1.1222
2015-05-13,0.97,-0.137,1.135
2015-05-14,0.91,-0.143,1.1407
2015-05-15,0.9,-0.11,1.1448
2015-05-16,,,1.1448
2015-05-17,,,1.1448
2015-05-18,0.95,-0.105,1.1314
2015-05-19,1.01,-0.106,1.1146
2015-05-20,0.98,-0.105,1.1092
2015-05-21,0.95,-0.106,1.1108
2015-05-22,1.01,-0.14,1.101
2015-05-23,,,1.101
2015-05-24,,,1.101
2015-05-25,,-0.143,1.098
2015-05-26,0.99,-0.109,1.0873
2015-05-27,1.0,-0.114,1.09
2015-05-28,0.97,-0.104,1.096
2015-05-29,0.94,-0.08,1.098
2015-05-30,,,1.098
2015-05-31,,,1.098
2015-06-01,0.99,-0.106,1.0922
2015-06-02,1.02,-0.122,1.1151
2015-06-03,1.07,-0.143,1.1268
2015-06-04,1.04,-0.138,1.1224
2015-06-05,1.13,-0.115,1.1113
2015-06-06,,,1.1113
2015-06-07,,,1.1113
2015-06-08,1.09,-0.127,1.128
2015-06-09,1.12,-0.126,1.1276
2015-06-10,1.15,-0.117,1.1319
2015-06-11,1.12,-0.12,1.1238
2015-06-12,1.12,-0.125,1.1254
2015-06-13,,,1.1254
2015-06-14,,,1.1254
2015-06-15,1.1,-0.119,1.1282
2015-06-16,1.08,-0.125,1.1245
2015-06-17,1.03,-0.11,1.134
2015-06-18,1.03,-0.118,1.1369
2015-06-19,0.99,-0.12,1.1345
2015-06-20,,,1.1345
2015-06-21,,,1.1345
2015-06-22,1.06,-0.127,1.134
2015-06-23,1.07,-0.121,1.1167
2015-06-24,1.06,-0.111,1.1204
2015-06-25,1.06,-0.116,1.1201
2015-06-26,1.09,-0.123,1.1171
2015-06-27,,,1.1171
2015-06-28,,,1.1171
2015-06-29,1.0,-0.118,1.1231
2015-06-30,1.01,-0.06,1.11435
2015-07-01,1.08,-0.123,1.1054
2015-07-02,1.01,-0.121,1.1087
2015-07-03,,-0.116,1.1107
2015-07-04,,,1.1107
2015-07-05,,,1.1107
2015-07-06,0.95,-0.122,1.1056
2015-07-07,0.96,-0.12,1.0997
2015-07-08,0.91,-0.118,1.1074
2015-07-09,0.95,-0.121,1.1046
2015-07-10,1.04,-0.12,1.1146
2015-07-11,,,1.1146
2015-07-12,,,1.1146
2015-07-13,1.06,-0.118,1.1005
2015-07-14,1.03,-0.112,1.1008
2015-07-15,1.0,-0.122,1.0946
2015-07-16,1.05,-0.124,1.0876
2015-07-17,1.05,-0.122,1.0845
2015-07-18,,,1.0845
2015-07-19,,,1.0845
2015-07-20,1.09,-0.116,1.0822
2015-07-21,1.07,-0.121,1.0939
2015-07-22,1.08,-0.12,1.0929
2015-07-23,1.06,-0.115,1.0983
2015-07-24,1.04,-0.114,1.0978
2015-07-25,,,1.0978
2015-07-26,,,1.0978
2015-07-27,1.0,-0.117,1.1092
2015-07-28,1.03,-0.114,1.1062
2015-07-29,1.05,-0.113,1.0978
2015-07-30,1.07,-0.116,1.0932
2015-07-31,1.0,-0.102,1.098
2015-08-01,,,1.098
2015-08-02,,,1.098
2015-08-03,0.99,-0.108,1.0953
2015-08-04,1.08,-0.11,1.089
2015-08-05,1.1,-0.108,1.09
2015-08-06,1.08,-0.116,1.0925
2015-08-07,1.08,-0.119,1.096
2015-08-08,,,1.096
2015-08-09,,,1.096
2015-08-10,1.09,-0.129,1.1017
2015-08-11,1.03,-0.117,1.1043
2015-08-12,1.01,-0.124,1.1157
2015-08-13,1.06,-0.129,1.1154
2015-08-14,1.08,-0.13,1.1109
2015-08-15,,,1.1109
2015-08-16,,,1.1109
2015-08-17,1.07,-0.122,1.1079
2015-08-18,1.07,-0.126,1.1027
2015-08-19,0.98,-0.119,1.1121
2015-08-20,1.0,-0.118,1.1234
2015-08-21,0.95,-0.119,1.1367
2015-08-22,,,1.1367
2015-08-23,,,1.1367
2015-08-24,0.9,-0.126,1.1578
2015-08-25,0.98,-0.135,1.152
2015-08-26,0.98,-0.129,1.1314
2015-08-27,0.99,-0.127,1.1247
2015-08-28,1.04,-0.126,1.1188
2015-08-29,,,1.1188
2015-08-30,,,1.1188
2015-08-31,1.07,-0.11,1.121
2015-09-01,1.03,-0.125,1.1311
2015-09-02,1.04,-0.125,1.1225
2015-09-03,1.0,-0.124,1.1118
2015-09-04,1.0,-0.133,1.1143
2015-09-05,,,1.1143
2015-09-06,,,1.1143
2015-09-07,,-0.136,1.1169
2015-09-08,1.05,-0.134,1.1203
2015-09-09,1.06,-0.13,1.1216
2015-09-10,1.06,-0.132,1.1276
2015-09-11,1.03,-0.13,1.1339
2015-09-12,,,1.1339
2015-09-13,,,1.1339
2015-09-14,1.03,-0.14,1.1317
2015-09-15,1.12,-0.142,1.1266
2015-09-16,1.13,-0.136,1.1289
2015-09-17,1.0,-0.138,1.1416
2015-09-18,0.97,-0.141,1.1284
2015-09-19,,,1.1284
2015-09-20,,,1.1284
2015-09-21,1.01,-0.145,1.1189
2015-09-22,0.97,-0.142,1.1126
2015-09-23,1.0,-0.143,1.1188
2015-09-24,0.97,-0.143,1.1175
2015-09-25,1.0,-0.143,1.1205
2015-09-26,,,1.1205
2015-09-27,,,1.1205
2015-09-28,0.97,-0.146,1.1241
2015-09-29,0.92,-0.135,1.1252
2015-09-30,0.92,-0.122,1.11733
2015-10-01,0.92,-0.142,1.1187
2015-10-02,0.85,-0.139,1.1207
2015-10-03,,,1.1207
2015-10-04,,,1.1207
2015-10-05,0.89,-0.144,1.1184
2015-10-06,0.9,-0.134,1.1269
2015-10-07,0.92,-0.139,1.1238
2015-10-08,0.93,-0.138,1.1282
2015-10-09,0.96,-0.142,1.1359
2015-10-10,,,1.1359
2015-10-11,,,1.1359
2015-10-12,,-0.134,1.1358
2015-10-13,0.92,-0.136,1.1382
2015-10-14,0.84,-0.135,1.1482
2015-10-15,0.9,-0.143,1.1379
2015-10-16,0.91,-0.142,1.1354
2015-10-17,,,1.1354
2015-10-18,,,1.1354
2015-10-19,0.89,-0.142,1.1329
2015-10-20,0.93,-0.139,1.1347
2015-10-21,0.91,-0.136,1.1338
2015-10-22,0.89,-0.139,1.1107
2015-10-23,0.94,-0.134,1.101
2015-10-24,,,1.101
2015-10-25,,,1.101
2015-10-26,0.94,-0.144,1.106
2015-10-27,0.92,-0.137,1.1037
2015-10-28,1.0,-0.145,1.093
2015-10-29,1.05,-0.143,1.0987
2015-10-30,1.05,-0.129,1.10028
2015-10-31,,,1.10028
2015-11-01,,,1.10028
2015-11-02,1.08,-0.129,1.1014
2015-11-03,1.1,-0.134,1.0962
2015-11-04,1.16,-0.13,1.0867
2015-11-05,1.16,-0.129,1.0883
2015-11-06,1.23,-0.138,1.0745
2015-11-07,,,1.0745
2015-11-08,,,1.0745
2015-11-09,1.27,-0.145,1.0756
2015-11-10,1.22,-0.139,1.0721
2015-11-11,,-0.131,1.0758
2015-11-12,1.24,-0.138,1.0807
2015-11-13,1.2,-0.132,1.0751
2015-11-14,,,1.0751
2015-11-15,,,1.0751
2015-11-16,1.18,-0.138,1.0684
2015-11-17,1.18,-0.131,1.0646
2015-11-18,1.21,-0.129,1.0661
2015-11-19,1.21,-0.137,1.0729
2015-11-20,1.23,-0.133,1.0646
2015-11-21,,,1.0646
2015-11-22,,,1.0646
2015-11-23,1.26,-0.138,1.0634
2015-11-24,1.23,-0.139,1.0646
2015-11-25,1.25,-0.134,1.0621
2015-11-26,,-0.139,1.0604
2015-11-27,1.23,-0.138,1.0593
2015-11-28,,,1.0593
2015-11-29,,,1.0593
2015-11-30,1.24,-0.127,1.05719
2015-12-01,1.19,-0.131,1.0625
2015-12-02,1.23,-0.132,1.06085
2015-12-03,1.27,-0.136,1.09274
2015-12-04,1.25,-0.138,1.0874
2015-12-05,,,1.0874
2015-12-06,,,1.0874
2015-12-07,1.24,-0.142,1.0832
2015-12-08,1.25,-0.147,1.0894
2015-12-09,1.22,-0.235,1.1017
2015-12-10,1.25,-0.232,1.09403
2015-12-11,1.16,-0.231,1.09895
2015-12-12,,,1.09895
2015-12-13,,,1.09895
2015-12-14,1.25,-0.23,1.1
2015-12-15,1.29,-0.239,1.0933
2015-12-16,1.35,-0.241,1.08926
2015-12-17,1.33,-0.238,1.08346
2015-12-18,1.27,-0.237,1.08695
2015-12-19,,,1.08695
2015-12-20,,,1.08695
2015-12-21,1.28,-0.231,1.09095
2015-12-22,1.31,-0.231,1.0951
2015-12-23,1.32,-0.234,1.09048
2015-12-24,1.33,-0.244,1.09518
2015-12-25,,,1.09518
2015-12-26,,,1.09518
2015-12-27,,,1.09518
2015-12-28,1.33,-0.238,1.0975
2015-12-29,1.38,-0.223,1.09229
2015-12-30,1.36,-0.14,1.0926
2015-12-31,1.31,-0.127,1.08605
2016-01-01,,,1.08605
2016-01-02,,,1.08605
2016-01-03,,,1.08605
2016-01-04,1.31,-0.241,1.08296
2016-01-05,1.32,-0.251,1.07539
2016-01-06,1.26,-0.253,1.07768
2016-01-07,1.22,-0.233,1.09218
2016-01-08,1.2,-0.235,1.09207
2016-01-09,,,1.09207
2016-01-10,,,1.09207
2016-01-11,1.2,-0.236,1.08625
2016-01-12,1.18,-0.233,1.08481
2016-01-13,1.15,-0.237,1.08824
2016-01-14,1.14,-0.24,1.08617
2016-01-15,1.08,-0.239,1.09187
2016-01-16,,,1.09187
2016-01-17,,,1.09187
2016-01-18,,-0.24,1.0891
2016-01-19,1.11,-0.239,1.09141
2016-01-20,1.06,-0.238,1.0891
2016-01-21,1.06,-0.24,1.08712
2016-01-22,1.11,-0.241,1.07975
2016-01-23,,,1.07975
2016-01-24,,,1.07975
2016-01-25,1.1,-0.238,1.08501
2016-01-26,1.07,-0.236,1.08659
2016-01-27,1.07,-0.237,1.0903
2016-01-28,1.05,-0.239,1.0938
2016-01-29,0.97,-0.228,1.08331
2016-01-30,,,1.08331
2016-01-31,,,1.08331
2016-02-01,1.01,-0.237,1.08897
2016-02-02,0.93,-0.232,1.09247
2016-02-03,0.91,-0.247,1.10817
2016-02-04,0.9,-0.231,1.12007
2016-02-05,0.91,-0.236,1.11534
2016-02-06,,,1.11534
2016-02-07,,,1.11534
2016-02-08,0.83,-0.242,1.11999
2016-02-09,0.85,-0.237,1.12878
2016-02-10,0.85,-0.237,1.12785
2016-02-11,0.81,-0.239,1.13142
2016-02-12,0.89,-0.24,1.12549
2016-02-13,,,1.12549
2016-02-14,,,1.12549
2016-02-15,,-0.243,1.11635
2016-02-16,0.91,-0.242,1.11373
2016-02-17,0.93,-0.244,1.1129
2016-02-18,0.88,-0.244,1.11094
2016-02-19,0.91,-0.243,1.11316
2016-02-20,,,1.11316
2016-02-21,,,1.11316
2016-02-22,0.92,-0.242,1.10275
2016-02-23,0.9,-0.246,1.10201
2016-02-24,0.9,-0.247,1.10166
2016-02-25,0.85,-0.249,1.10203
2016-02-26,0.93,-0.243,1.09383
2016-02-27,,,1.09383
2016-02-28,,,1.09383
2016-02-29,0.91,-0.227,1.08841
2016-03-01,0.98,-0.238,1.08673
2016-03-02,1.0,-0.234,1.08695
2016-03-03,0.99,-0.238,1.09494
2016-03-04,1.04,-0.236,1.10019
2016-03-05,,,1.10019
2016-03-06,,,1.10019
2016-03-07,1.08,-0.239,1.10152
2016-03-08,1.04,-0.234,1.10061
2016-03-09,1.07,-0.236,1.09968
2016-03-10,1.11,-0.242,1.11797
2016-03-11,1.16,-0.242,1.11502
2016-03-12,,,1.11502
2016-03-13,,,1.11502
2016-03-14,1.15,-0.243,1.11036
2016-03-15,1.16,-0.248,1.1108
2016-03-16,1.05,-0.339,1.12157
2016-03-17,1.04,-0.347,1.13156
2016-03-18,1.0,-0.345,1.12737
2016-03-19,,,1.12737
2016-03-20,,,1.12737
2016-03-21,1.05,-0.345,1.12402
2016-03-22,1.08,-0.344,1.12168
2016-03-23,1.03,-0.346,1.11825
2016-03-24,1.05,-0.349,1.11778
2016-03-25,,,1.11778
2016-03-26,,,1.11778
2016-03-27,,,1.11778
2016-03-28,1.04,,1.11977
2016-03-29,0.94,-0.347,1.12916
2016-03-30,0.91,-0.347,1.13342
2016-03-31,0.87,-0.303,1.1381
2016-04-01,0.9,-0.335,1.13907
2016-04-02,,,1.13907
2016-04-03,,,1.13907
2016-04-04,0.88,-0.331,1.13909
2016-04-05,0.85,-0.332,1.13838
2016-04-06,0.88,-0.334,1.13965
2016-04-07,0.83,-0.33,1.13729
2016-04-08,0.84,-0.334,1.13999
2016-04-09,,,1.13999
2016-04-10,,,1.13999
2016-04-11,0.85,-0.333,1.14051
2016-04-12,0.9,-0.341,1.1383
2016-04-13,0.9,-0.337,1.12786
2016-04-14,0.92,-0.34,1.12608
2016-04-15,0.87,-0.341,1.12835
2016-04-16,,,1.12835
2016-04-17,,,1.12835
2016-04-18,0.9,-0.348,1.13133
2016-04-19,0.92,-0.34,1.13557
2016-04-20,0.97,-0.343,1.12998
2016-04-21,0.98,-0.342,1.12848
2016-04-22,1.01,-0.34,1.12254
2016-04-23,,,1.12254
2016-04-24,,,1.12254
2016-04-25,1.01,-0.341,1.12686
2016-04-26,1.04,-0.342,1.12972
2016-04-27,0.99,-0.34,1.13247
2016-04-28,0.93,-0.337,1.13535
2016-04-29,0.92,-0.333,1.14463
2016-04-30,,,1.14463
2016-05-01,,,1.14463
2016-05-02,0.96,-0.338,1.15269
2016-05-03,0.92,-0.331,1.14972
2016-05-04,0.89,-0.336,1.14857
2016-05-05,0.87,-0.341,1.14029
2016-05-06,0.9,-0.329,1.14011
2016-05-07,,,1.14011
2016-05-08,,,1.14011
2016-05-09,0.86,-0.326,1.13818
2016-05-10,0.88,-0.333,1.13706
2016-05-11,0.87,-0.335,1.14254
2016-05-12,0.92,-0.342,1.13752
2016-05-13,0.91,-0.341,1.13118
2016-05-14,,,1.13118
2016-05-15,,,1.13118
2016-05-16,0.94,-0.347,1.13154
2016-05-17,0.97,-0.334,1.13127
2016-05-18,1.08,-0.337,1.12177
2016-05-19,1.06,-0.34,1.11985
2016-05-20,1.05,-0.335,1.12176
2016-05-21,,,1.12176
2016-05-22,,,1.12176
2016-05-23,1.05,-0.338,1.12198
2016-05-24,1.08,-0.34,1.11412
2016-05-25,1.08,-0.342,1.11557
2016-05-26,1.03,-0.356,1.11932
2016-05-27,1.06,-0.346,1.11113
2016-05-28,,,1.11113
2016-05-29,,,1.11113
2016-05-30,,-0.345,1.11352
2016-05-31,1.03,-0.324,1.11297
2016-06-01,1.07,-0.333,1.11863
2016-06-02,1.03,-0.33,1.11527
2016-06-03,0.92,-0.338,1.13556
2016-06-04,,,1.13556
2016-06-05,,,1.13556
2016-06-06,0.94,-0.331,1.13586
2016-06-07,0.94,-0.333,1.13574
2016-06-08,0.93,-0.337,1.13964
2016-06-09,0.91,-0.331,1.13177
2016-06-10,0.87,-0.329,1.12533
2016-06-11,,,1.12533
2016-06-12,,,1.12533
2016-06-13,0.84,-0.327,1.12882
2016-06-14,0.85,-0.33,1.12066
2016-06-15,0.81,-0.334,1.12628
2016-06-16,0.81,-0.335,1.12308
2016-06-17,0.83,-0.341,1.12797
2016-06-18,,,1.12797
2016-06-19,,,1.12797
2016-06-20,0.87,-0.341,1.13118
2016-06-21,0.89,-0.335,1.12498
2016-06-22,0.88,-0.34,1.13326
2016-06-23,0.92,-0.345,1.14184
2016-06-24,0.76,-0.323,1.10867
2016-06-25,,,1.10867
2016-06-26,,,1.10867
2016-06-27,0.7,-0.336,1.10209
2016-06-28,0.71,-0.337,1.1078
2016-06-29,0.74,-0.337,1.11269
2016-06-30,0.71,-0.293,1.11031
2016-07-01,0.71,-0.321,1.11324
2016-07-02,,,1.11324
2016-07-03,,,1.11324
2016-07-04,,-0.315,1.11493
2016-07-05,0.66,-0.323,1.10658
2016-07-06,0.69,-0.326,1.1095
2016-07-07,0.69,-0.329,1.10625
2016-07-08,0.71,-0.321,1.10517
2016-07-09,,,1.10517
2016-07-10,,,1.10517
2016-07-11,0.77,-0.326,1.10605
2016-07-12,0.81,-0.324,1.10645
2016-07-13,0.8,-0.326,1.10957
2016-07-14,0.82,-0.332,1.11132
2016-07-15,0.87,-0.333,1.10693
2016-07-16,,,1.10693
2016-07-17,,,1.10693
2016-07-18,0.85,-0.334,1.10746
2016-07-19,0.84,-0.336,1.1018
2016-07-20,0.86,-0.333,1.10103
2016-07-21,0.82,-0.335,1.10261
2016-07-22,0.84,-0.335,1.09738
2016-07-23,,,1.09738
2016-07-24,,,1.09738
2016-07-25,0.87,-0.334,1.09937
2016-07-26,0.87,-0.334,1.09846
2016-07-27,0.83,-0.331,1.10549
2016-07-28,0.82,-0.335,1.10766
2016-07-29,0.76,-0.321,1.11792
2016-07-30,,,1.11792
2016-07-31,,,1.11792
2016-08-01,0.78,-0.33,1.11637
2016-08-02,0.79,-0.331,1.1222
2016-08-03,0.78,-0.332,1.11498
2016-08-04,0.76,-0.337,1.11288
2016-08-05,0.86,-0.339,1.1087
2016-08-06,,,1.1087
2016-08-07,,,1.1087
2016-08-08,0.86,-0.342,1.10859
2016-08-09,0.84,-0.338,1.11153
2016-08-10,0.8,-0.333,1.11836
2016-08-11,0.88,-0.344,1.11417
2016-08-12,0.82,-0.347,1.11612
2016-08-13,,,1.11612
2016-08-14,,,1.11612
2016-08-15,0.85,-0.346,1.11839
2016-08-16,0.87,-0.336,1.12746
2016-08-17,0.86,-0.338,1.1288
2016-08-18,0.81,-0.339,1.13525
2016-08-19,0.88,-0.342,1.13279
2016-08-20,,,1.13279
2016-08-21,,,1.13279
2016-08-22,0.86,-0.341,1.13207
2016-08-23,0.86,-0.34,1.13077
2016-08-24,0.87,-0.339,1.12636
2016-08-25,0.89,-0.341,1.12847
2016-08-26,0.96,-0.343,1.11945
2016-08-27,,,1.11945
2016-08-28,,,1.11945
2016-08-29,0.92,-0.345,1.11872
2016-08-30,0.92,-0.341,1.11443
2016-08-31,0.92,-0.329,1.11579
2016-09-01,0.91,-0.338,1.11964
2016-09-02,0.92,-0.339,1.11567
2016-09-03,,,1.11567
2016-09-04,,,1.11567
2016-09-05,,-0.339,1.11474
2016-09-06,0.86,-0.341,1.12488
2016-09-07,0.86,-0.354,1.12393
2016-09-08,0.91,-0.337,1.12648
2016-09-09,0.93,-0.342,1.12264
2016-09-10,,,1.12264
2016-09-11,,,1.12264
2016-09-12,0.92,-0.344,1.12352
2016-09-13,0.95,-0.346,1.12166
2016-09-14,0.9,-0.342,1.12493
2016-09-15,0.87,-0.345,1.12442
2016-09-16,0.91,-0.346,1.11537
2016-09-17,,,1.11537
2016-09-18,,,1.11537
2016-09-19,0.92,-0.347,1.11753
2016-09-20,0.93,-0.346,1.11522
2016-09-21,0.92,-0.347,1.1191
2016-09-22,0.91,-0.342,1.12076
2016-09-23,0.9,-0.345,1.12304
2016-09-24,,,1.12304
2016-09-25,,,1.12304
2016-09-26,0.87,-0.345,1.12523
2016-09-27,0.86,-0.343,1.12185
2016-09-28,0.87,-0.346,1.12162
2016-09-29,0.85,-0.343,1.12196
2016-09-30,0.88,-0.329,1.12332
2016-10-01,,,1.12332
2016-10-02,,,1.12332
2016-10-03,0.91,-0.321,1.12114
2016-10-04,0.95,-0.344,1.1204
2016-10-05,0.98,-0.342,1.12077
2016-10-06,1.0,-0.346,1.11476
2016-10-07,0.99,-0.349,1.11985
2016-10-08,,,1.11985
2016-10-09,,,1.11985
2016-10-10,,-0.345,1.1138
2016-10-11,1.03,-0.348,1.10542
2016-10-12,0.99,-0.347,1.10086
2016-10-13,1.0,-0.348,1.10549
2016-10-14,1.0,-0.35,1.09723
2016-10-15,,,1.09723
2016-10-16,,,1.09723
2016-10-17,0.98,-0.352,1.09997
2016-10-18,0.96,-0.349,1.09778
2016-10-19,0.96,-0.351,1.09743
2016-10-20,0.98,-0.349,1.09245
2016-10-21,0.98,-0.348,1.08801
2016-10-22,,,1.08801
2016-10-23,,,1.08801
2016-10-24,1.0,-0.35,1.08754
2016-10-25,1.0,-0.352,1.08885
2016-10-26,1.01,-0.351,1.09073
2016-10-27,1.04,-0.354,1.0898
2016-10-28,1.02,-0.351,1.09838
2016-10-29,,,1.09838
2016-10-30,,,1.09838
2016-10-31,1.0,-0.332,1.09724
2016-11-01,0.99,-0.348,1.10563
2016-11-02,0.98,-0.343,1.10981
2016-11-03,0.98,-0.343,1.11055
2016-11-04,0.95,-0.343,1.11394
2016-11-05,,,1.11394
2016-11-06,,,1.11394
2016-11-07,0.99,-0.344,1.10427
2016-11-08,1.04,-0.344,1.10131
2016-11-09,1.12,-0.356,1.092
2016-11-10,1.17,-0.353,1.0886
2016-11-11,,-0.35,1.08472
2016-11-12,,,1.08472
2016-11-13,,,1.08472
2016-11-14,1.27,-0.347,1.07437
2016-11-15,1.28,-0.349,1.07241
2016-11-16,1.28,-0.356,1.07006
2016-11-17,1.31,-0.349,1.06262
2016-11-18,1.36,-0.35,1.05947
2016-11-19,,,1.05947
2016-11-20,,,1.05947
2016-11-21,1.36,-0.349,1.06315
2016-11-22,1.35,-0.351,1.06275
2016-11-23,1.4,-0.348,1.05524
2016-11-24,,-0.352,1.05573
2016-11-25,1.41,-0.35,1.05929
2016-11-26,,,1.05929
2016-11-27,,,1.05929
2016-11-28,1.38,-0.353,1.06132
2016-11-29,1.37,-0.351,1.06487
2016-11-30,1.4,-0.343,1.05964
2016-12-01,1.45,-0.344,1.06589
2016-12-02,1.4,-0.347,1.06651
2016-12-03,,,1.06651
2016-12-04,,,1.06651
2016-12-05,1.42,-0.347,1.07583
2016-12-06,1.41,-0.351,1.07176
2016-12-07,1.39,-0.349,1.07576
2016-12-08,1.4,-0.346,1.06134
2016-12-09,1.43,-0.348,1.05586
2016-12-10,,,1.05586
2016-12-11,,,1.05586
2016-12-12,1.44,-0.35,1.06401
2016-12-13,1.46,-0.352,1.06256
2016-12-14,1.57,-0.351,1.05283
2016-12-15,1.61,-0.356,1.04206
2016-12-16,1.59,-0.354,1.04428
2016-12-17,,,1.04428
2016-12-18,,,1.04428
2016-12-19,1.55,-0.354,1.04018
2016-12-20,1.56,-0.354,1.03903
2016-12-21,1.54,-0.353,1.04287
2016-12-22,1.54,-0.354,1.04355
2016-12-23,1.54,-0.356,1.04479
2016-12-24,,,1.04479
2016-12-25,,,1.04479
2016-12-26,,,1.04479
2016-12-27,1.58,-0.355,1.04588
2016-12-28,1.55,-0.354,1.04191
2016-12-29,1.49,-0.355,1.04926
2016-12-30,1.47,-0.329,1.05248
2016-12-31,,,1.05248
2017-01-01,,,1.05248
2017-01-02,,-0.356,1.04631
2017-01-03,1.5,-0.348,1.04095
2017-01-04,1.5,-0.345,1.04876
2017-01-05,1.43,-0.354,1.06021
2017-01-06,1.5,-0.356,1.05346
2017-01-07,,,1.05346
2017-01-08,,,1.05346
2017-01-09,1.47,-0.351,1.05844
2017-01-10,1.47,-0.351,1.05576
2017-01-11,1.47,-0.351,1.05839
2017-01-12,1.45,-0.353,1.06131
2017-01-13,1.48,-0.352,1.06376
2017-01-14,,,1.06376
2017-01-15,,,1.06376
2017-01-16,,-0.353,1.05982
2017-01-17,1.42,-0.352,1.07113
2017-01-18,1.51,-0.352,1.06334
2017-01-19,1.53,-0.351,1.06602
2017-01-20,1.5,-0.351,1.06966
2017-01-21,,,1.06966
2017-01-22,,,1.06966
2017-01-23,1.43,-0.353,1.07722
2017-01-24,1.49,-0.353,1.07312
2017-01-25,1.52,-0.354,1.07502
2017-01-26,1.49,-0.352,1.06797
2017-01-27,1.48,-0.351,1.06964
2017-01-28,,,1.06964
2017-01-29,,,1.06964
2017-01-30,1.48,-0.35,1.07013
2017-01-31,1.46,-0.345,1.07964
2017-02-01,1.49,-0.347,1.07673
2017-02-02,1.48,-0.351,1.07619
2017-02-03,1.49,-0.348,1.07791
2017-02-04,,,1.07791
2017-02-05,,,1.07791
2017-02-06,1.43,-0.351,1.07482
2017-02-07,1.43,-0.349,1.06805
2017-02-08,1.4,-0.35,1.06956
2017-02-09,1.46,-0.353,1.06543
2017-02-10,1.47,-0.352,1.06368
2017-02-11,,,1.06368
2017-02-12,,,1.06368
2017-02-13,1.48,-0.354,1.05964
2017-02-14,1.53,-0.353,1.05778
2017-02-15,1.57,-0.353,1.05927
2017-02-16,1.5,-0.354,1.06686
2017-02-17,1.48,-0.355,1.06084
2017-02-18,,,1.06084
2017-02-19,,,1.06084
2017-02-20,,-0.354,1.0614
2017-02-21,1.5,-0.356,1.05354
2017-02-22,1.49,-0.36,1.05565
2017-02-23,1.44,-0.356,1.05785
2017-02-24,1.38,-0.359,1.05623
2017-02-25,,,1.05623
2017-02-26,,,1.05623
2017-02-27,1.46,-0.357,1.05871
2017-02-28,1.49,-0.345,1.05733
2017-03-01,1.57,-0.35,1.05513
2017-03-02,1.6,-0.351,1.05067
2017-03-03,1.59,-0.349,1.06188
2017-03-04,,,1.06188
2017-03-05,,,1.06188
2017-03-06,1.6,-0.352,1.05818
2017-03-07,1.62,-0.353,1.0566
2017-03-08,1.65,-0.353,1.05413
2017-03-09,1.67,-0.353,1.05773
2017-03-10,1.66,-0.352,1.06858
2017-03-11,,,1.06858
2017-03-12,,,1.06858
2017-03-13,1.69,-0.353,1.06523
2017-03-14,1.68,-0.354,1.06089
2017-03-15,1.59,-0.354,1.07302
2017-03-16,1.63,-0.354,1.07716
2017-03-17,1.6,-0.353,1.07379
2017-03-18,,,1.07379
2017-03-19,,,1.07379
2017-03-20,1.57,-0.35,1.07339
2017-03-21,1.54,-0.347,1.08129
2017-03-22,1.52,-0.357,1.07937
2017-03-23,1.52,-0.357,1.07824
2017-03-24,1.52,-0.356,1.07983
2017-03-25,,,1.07983
2017-03-26,,,1.07983
2017-03-27,1.51,-0.357,1.08636
2017-03-28,1.56,-0.357,1.0813
2017-03-29,1.53,-0.357,1.07675
2017-03-30,1.55,-0.356,1.06829
2017-03-31,1.5,-0.355,1.06679
2017-04-01,,,1.06679
2017-04-02,,,1.06679
2017-04-03,1.47,-0.353,1.06687
2017-04-04,1.47,-0.351,1.0679
2017-04-05,1.44,-0.352,1.06667
2017-04-06,1.45,-0.353,1.06426
2017-04-07,1.52,-0.353,1.05953
2017-04-08,,,1.05953
2017-04-09,,,1.05953
2017-04-10,1.52,-0.357,1.05958
2017-04-11,1.45,-0.358,1.06059
2017-04-12,1.44,-0.359,1.06663
2017-04-13,1.4,-0.358,1.06153
2017-04-14,,,1.06123
2017-04-15,,,1.06123
2017-04-16,,,1.06123
2017-04-17,1.42,,1.06458
2017-04-18,1.35,-0.359,1.07303
2017-04-19,1.38,-0.359,1.07108
2017-04-20,1.41,-0.358,1.07157
2017-04-21,1.4,-0.358,1.06991
2017-04-22,,,1.06991
2017-04-23,,,1.06991
2017-04-24,1.44,-0.358,1.08648
2017-04-25,1.49,-0.362,1.0928
2017-04-26,1.46,-0.363,1.09049
2017-04-27,1.44,-0.362,1.08739
2017-04-28,1.45,-0.351,1.08921
2017-04-29,,,1.08921
2017-04-30,,,1.08921
2017-05-01,1.48,,1.08982
2017-05-02,1.45,-0.356,1.09286
2017-05-03,1.5,-0.357,1.08843
2017-05-04,1.51,-0.357,1.09792
2017-05-05,1.52,-0.357,1.09961
2017-05-06,,,1.09961
2017-05-07,,,1.09961
2017-05-08,1.53,-0.356,1.0922
2017-05-09,1.57,-0.357,1.08755
2017-05-10,1.56,-0.358,1.08676
2017-05-11,1.55,-0.361,1.08622
2017-05-12,1.49,-0.358,1.09295
2017-05-13,,,1.09295
2017-05-14,,,1.09295
2017-05-15,1.49,-0.358,1.09769
2017-05-16,1.48,-0.367,1.1081
2017-05-17,1.42,-0.359,1.11633
2017-05-18,1.44,-0.362,1.11001
2017-05-19,1.45,-0.36,1.12039
2017-05-20,,,1.12039
2017-05-21,,,1.12039
2017-05-22,1.45,-0.359,1.12368
2017-05-23,1.49,-0.36,1.11848
2017-05-24,1.46,-0.359,1.12137
2017-05-25,1.46,-0.365,1.12099
2017-05-26,1.46,-0.359,1.11717
2017-05-27,,,1.11717
2017-05-28,,,1.11717
2017-05-29,,-0.361,1.11521
2017-05-30,1.44,-0.361,1.11822
2017-05-31,1.44,-0.348,1.12436
2017-06-01,1.45,-0.355,1.12142
2017-06-02,1.42,-0.331,1.12818
2017-06-03,,,1.12818
2017-06-04,,,1.12818
2017-06-05,1.45,-0.373,1.12547
2017-06-06,1.42,-0.358,1.12781
2017-06-07,1.45,-0.362,1.1259
2017-06-08,1.47,-0.358,1.12028
2017-06-09,1.5,-0.36,1.11959
2017-06-10,,,1.11959
2017-06-11,,,1.11959
2017-06-12,1.5,-0.358,1.12056
2017-06-13,1.51,-0.358,1.12089
2017-06-14,1.48,-0.358,1.12173
2017-06-15,1.49,-0.361,1.11474
2017-06-16,1.48,-0.355,1.12014
2017-06-17,,,1.12014
2017-06-18,,,1.12014
2017-06-19,1.52,-0.36,1.11507
2017-06-20,1.5,-0.362,1.11342
2017-06-21,1.5,-0.362,1.1168
2017-06-22,1.48,-0.362,1.11519
2017-06-23,1.48,-0.362,1.11967
2017-06-24,,,1.11967
2017-06-25,,,1.11967
2017-06-26,1.48,-0.362,1.11834
2017-06-27,1.53,-0.362,1.13358
2017-06-28,1.51,-0.362,1.13766
2017-06-29,1.53,-0.36,1.14404
2017-06-30,1.55,-0.35,1.14206
2017-07-01,,,1.14206
2017-07-02,,,1.14206
2017-07-03,1.6,-0.356,1.13641
2017-07-04,,-0.357,1.13473
2017-07-05,1.59,-0.357,1.13509
2017-07-06,1.6,-0.359,1.14223
2017-07-07,1.6,-0.359,1.14038
2017-07-08,,,1.14038
2017-07-09,,,1.14038
2017-07-10,1.59,-0.36,1.13976
2017-07-11,1.57,-0.36,1.14645
2017-07-12,1.53,-0.359,1.14128
2017-07-13,1.55,-0.36,1.14006
2017-07-14,1.54,-0.361,1.14702
2017-07-15,,,1.14702
2017-07-16,,,1.14702
2017-07-17,1.53,-0.362,1.14785
2017-07-18,1.52,-0.362,1.1554
2017-07-19,1.52,-0.362,1.15178
2017-07-20,1.51,-0.362,1.16328
2017-07-21,1.5,-0.361,1.16681
2017-07-22,,,1.16681
2017-07-23,,,1.16681
2017-07-24,1.53,-0.361,1.1637
2017-07-25,1.56,-0.362,1.16479
2017-07-26,1.5,-0.361,1.17468
2017-07-27,1.52,-0.361,1.16753
2017-07-28,1.51,-0.359,1.17589
2017-07-29,,,1.17589
2017-07-30,,,1.17589
2017-07-31,1.51,-0.348,1.1836
2017-08-01,1.5,-0.356,1.18059
2017-08-02,1.52,-0.354,1.18553
2017-08-03,1.49,-0.35,1.18707
2017-08-04,1.51,-0.356,1.17797
2017-08-05,,,1.17797
2017-08-06,,,1.17797
2017-08-07,1.52,-0.353,1.17955
2017-08-08,1.53,-0.355,1.17492
2017-08-09,1.5,-0.354,1.17598
2017-08-10,1.49,-0.353,1.17718
2017-08-11,1.43,-0.356,1.18249
2017-08-12,,,1.18249
2017-08-13,,,1.18249
2017-08-14,1.48,-0.355,1.17764
2017-08-15,1.51,-0.356,1.17351
2017-08-16,1.49,-0.358,1.17717
2017-08-17,1.46,-0.358,1.17259
2017-08-18,1.47,-0.358,1.17637
2017-08-19,,,1.17637
2017-08-20,,,1.17637
2017-08-21,1.46,-0.358,1.18135
2017-08-22,1.48,-0.358,1.17652
2017-08-23,1.45,-0.358,1.18096
2017-08-24,1.47,-0.357,1.18001
2017-08-25,1.47,-0.358,1.1924
2017-08-26,,,1.1924
2017-08-27,,,1.1924
2017-08-28,1.46,-0.358,1.19779
2017-08-29,1.43,-0.36,1.19683
2017-08-30,1.44,-0.36,1.1894
2017-08-31,1.44,-0.345,1.19215
2017-09-01,1.46,-0.357,1.18645
2017-09-02,,,1.18645
2017-09-03,,,1.18645
2017-09-04,,-0.356,1.18972
2017-09-05,1.4,-0.357,1.19135
2017-09-06,1.42,-0.356,1.19218
2017-09-07,1.38,-0.357,1.20192
2017-09-08,1.39,-0.348,1.20283
2017-09-09,,,1.20283
2017-09-10,,,1.20283
2017-09-11,1.44,-0.357,1.19552
2017-09-12,1.46,-0.358,1.19654
2017-09-13,1.48,-0.358,1.18889
2017-09-14,1.5,-0.359,1.19144
2017-09-15,1.53,-0.36,1.19451
2017-09-16,,,1.19451
2017-09-17,,,1.19451
2017-09-18,1.54,-0.363,1.19518
2017-09-19,1.55,-0.361,1.19952
2017-09-20,1.6,-0.36,1.18923
2017-09-21,1.59,-0.366,1.19403
2017-09-22,1.58,-0.359,1.19428
2017-09-23,,,1.19428
2017-09-24,,,1.19428
2017-09-25,1.56,-0.36,1.18466
2017-09-26,1.57,-0.359,1.17912
2017-09-27,1.6,-0.361,1.17443
2017-09-28,1.59,-0.36,1.17837
2017-09-29,1.62,-0.349,1.182
2017-09-30,,,1.182
2017-10-01,,,1.182
2017-10-02,1.63,-0.356,1.17339
2017-10-03,1.62,-0.356,1.17372
2017-10-04,1.62,-0.359,1.1757
2017-10-05,1.63,-0.359,1.17118
2017-10-06,1.66,-0.359,1.17346
2017-10-07,,,1.17346
2017-10-08,,,1.17346
2017-10-09,,-0.36,1.17412
2017-10-10,1.64,-0.361,1.18083
2017-10-11,1.66,-0.362,1.18607
2017-10-12,1.66,-0.361,1.18317
2017-10-13,1.64,-0.359,1.18193
2017-10-14,,,1.18193
2017-10-15,,,1.18193
2017-10-16,1.68,-0.359,1.17977
2017-10-17,1.69,-0.361,1.17658
2017-10-18,1.7,-0.36,1.17921
2017-10-19,1.69,-0.36,1.18465
2017-10-20,1.72,-0.361,1.17679
2017-10-21,,,1.17679
2017-10-22,,,1.17679
2017-10-23,1.7,-0.362,1.17493
2017-10-24,1.73,-0.361,1.17636
2017-10-25,1.74,-0.362,1.18159
2017-10-26,1.76,-0.364,1.16543
2017-10-27,1.73,-0.36,1.15982
2017-10-28,,,1.15982
2017-10-29,,,1.15982
2017-10-30,1.71,-0.348,1.16434
2017-10-31,1.73,-0.348,1.16498
2017-11-01,1.74,-0.35,1.16189
2017-11-02,1.73,-0.352,1.16573
2017-11-03,1.74,-0.353,1.16081
2017-11-04,,,1.16081
2017-11-05,,,1.16081
2017-11-06,1.73,-0.354,1.16101
2017-11-07,1.75,-0.357,1.15934
2017-11-08,1.77,-0.356,1.15935
2017-11-09,1.75,-0.355,1.16435
2017-11-10,1.79,-0.357,1.16659
2017-11-11,,,1.16659
2017-11-12,,,1.16659
2017-11-13,1.82,-0.356,1.16648
2017-11-14,1.81,-0.356,1.17982
2017-11-15,1.79,-0.357,1.17711
2017-11-16,1.83,-0.358,1.17712
2017-11-17,1.83,-0.359,1.17928
2017-11-18,,,1.17928
2017-11-19,,,1.17928
2017-11-20,1.86,-0.358,1.17342
2017-11-21,1.88,-0.359,1.17338
2017-11-22,1.84,-0.358,1.18175
2017-11-23,,-0.359,1.18513
2017-11-24,1.85,-0.359,1.19306
2017-11-25,,,1.19306
2017-11-26,,,1.19306
2017-11-27,1.84,-0.365,1.18998
2017-11-28,1.85,-0.362,1.18469
2017-11-29,1.86,-0.301,1.18497
2017-11-30,1.9,-0.241,1.18899
2017-12-01,1.9,-0.291,1.18938
2017-12-02,,,1.18938
2017-12-03,,,1.18938
2017-12-04,1.93,-0.319,1.18682
2017-12-05,1.94,-0.324,1.1829
2017-12-06,1.92,-0.326,1.1803
2017-12-07,1.92,-0.327,1.17758
2017-12-08,1.92,-0.329,1.17647
2017-12-09,,,1.17647
2017-12-10,,,1.17647
2017-12-11,1.95,-0.33,1.17733
2017-12-12,1.95,-0.345,1.1737
2017-12-13,1.9,-0.36,1.1826
2017-12-14,1.92,-0.362,1.17655
2017-12-15,1.95,-0.363,1.17539
2017-12-16,,,1.17539
2017-12-17,,,1.17539
2017-12-18,1.94,-0.358,1.1783
2017-12-19,1.97,-0.35,1.18419
2017-12-20,1.98,-0.355,1.18725
2017-12-21,2.01,-0.353,1.18662
2017-12-22,2.01,-0.353,1.18571
2017-12-23,,,1.18571
2017-12-24,,,1.18571
2017-12-25,,,1.18571
2017-12-26,2.02,,1.18605
2017-12-27,1.99,-0.357,1.18992
2017-12-28,2.0,-0.355,1.19385
2017-12-29,1.98,-0.346,1.20007
2017-12-30,,,1.20007
2017-12-31,,,1.20007
2018-01-01,,,1.20007
2018-01-02,2.01,-0.37,1.20575
2018-01-03,2.02,-0.356,1.20106
2018-01-04,2.05,-0.356,1.20719
2018-01-05,2.06,-0.357,1.2042
2018-01-06,,,1.2042
2018-01-07,,,1.2042
2018-01-08,2.07,-0.357,1.19684
2018-01-09,2.09,-0.358,1.19359
2018-01-10,2.08,-0.37,1.19496
2018-01-11,2.09,-0.36,1.20386
2018-01-12,2.12,-0.359,1.219
2018-01-13,,,1.219
2018-01-14,,,1.219
2018-01-15,,-0.369,1.22647
2018-01-16,2.12,-0.37,1.22561
2018-01-17,2.15,-0.363,1.21655
2018-01-18,2.17,-0.37,1.22409
2018-01-19,2.2,-0.362,1.22198
2018-01-20,,,1.22198
2018-01-21,,,1.22198
2018-01-22,2.21,-0.363,1.2261
2018-01-23,2.18,-0.363,1.22975
2018-01-24,2.2,-0.363,1.24046
2018-01-25,2.2,-0.363,1.23735
2018-01-26,2.24,-0.364,1.2419
2018-01-27,,,1.2419
2018-01-28,,,1.2419
2018-01-29,2.26,-0.363,1.23825
2018-01-30,2.27,-0.361,1.24053
2018-01-31,2.29,-0.355,1.24125
2018-02-01,2.33,-0.363,1.25049
2018-02-02,2.33,-0.363,1.24612
2018-02-03,,,1.24612
2018-02-04,,,1.24612
2018-02-05,2.25,-0.366,1.23758
2018-02-06,2.3,-0.367,1.23833
2018-02-07,2.33,-0.365,1.22538
2018-02-08,2.32,-0.363,1.22477
2018-02-09,2.26,-0.365,1.22351
2018-02-10,,,1.22351
2018-02-11,,,1.22351
2018-02-12,2.3,-0.363,1.22911
2018-02-13,2.3,-0.362,1.23498
2018-02-14,2.4,-0.364,1.2454
2018-02-15,2.4,-0.363,1.2501
2018-02-16,2.38,-0.366,1.24063
2018-02-17,,,1.24063
2018-02-18,,,1.24063
2018-02-19,,-0.368,1.24064
2018-02-20,2.4,-0.369,1.23357
2018-02-21,2.44,-0.368,1.22756
2018-02-22,2.42,-0.369,1.23297
2018-02-23,2.39,-0.368,1.22924
2018-02-24,,,1.22924
2018-02-25,,,1.22924
2018-02-26,2.37,-0.37,1.23133
2018-02-27,2.43,-0.361,1.22358
2018-02-28,2.42,-0.351,1.21935
2018-03-01,2.36,-0.361,1.22746
2018-03-02,2.4,-0.362,1.23293
2018-03-03,,,1.23293
2018-03-04,,,1.23293
2018-03-05,2.41,-0.362,1.23344
2018-03-06,2.42,-0.365,1.24214
2018-03-07,2.42,-0.363,1.24108
2018-03-08,2.42,-0.361,1.23134
2018-03-09,2.45,-0.361,1.23062
2018-03-10,,,1.23062
2018-03-11,,,1.23062
2018-03-12,2.43,-0.363,1.23337
2018-03-13,2.41,-0.364,1.23937
2018-03-14,2.41,-0.363,1.23683
2018-03-15,2.42,-0.366,1.23062
2018-03-16,2.44,-0.366,1.22889
2018-03-17,,,1.22889
2018-03-18,,,1.22889
2018-03-19,2.45,-0.368,1.23349
2018-03-20,2.49,-0.368,1.22456
2018-03-21,2.46,-0.367,1.23425
2018-03-22,2.43,-0.368,1.23204
2018-03-23,2.41,-0.366,1.23537
2018-03-24,,,1.23537
2018-03-25,,,1.23537
2018-03-26,2.44,-0.367,1.24478
2018-03-27,2.39,-0.368,1.24065
2018-03-28,2.41,-0.365,1.23103
2018-03-29,2.39,-0.348,1.23022
2018-03-30,,,1.23191
2018-03-31,,,1.23191
2018-04-01,,,1.23191
2018-04-02,2.37,,1.2302
2018-04-03,2.41,-0.362,1.22701
2018-04-04,2.42,-0.363,1.22826
2018-04-05,2.45,-0.367,1.22392
2018-04-06,2.4,-0.368,1.22853
2018-04-07,,,1.22853
2018-04-08,,,1.22853
2018-04-09,2.43,-0.366,1.23222
2018-04-10,2.45,-0.366,1.23536
2018-04-11,2.45,-0.365,1.23677
2018-04-12,2.49,-0.364,1.23266
2018-04-13,2.51,-0.364,1.23385
2018-04-14,,,1.23385
2018-04-15,,,1.23385
2018-04-16,2.52,-0.367,1.23806
2018-04-17,2.52,-0.368,1.2374
2018-04-18,2.57,-0.368,1.23782
2018-04-19,2.58,-0.368,1.23462
2018-04-20,2.62,-0.368,1.22825
2018-04-21,,,1.22825
2018-04-22,,,1.22825
2018-04-23,2.64,-0.368,1.22087
2018-04-24,2.63,-0.367,1.22338
2018-04-25,2.64,-0.366,1.21627
2018-04-26,2.63,-0.367,1.21055
2018-04-27,2.62,-0.367,1.213
2018-04-28,,,1.213
2018-04-29,,,1.213
2018-04-30,2.62,-0.355,1.20791
2018-05-01,2.66,,1.19931
2018-05-02,2.64,-0.358,1.1956
2018-05-03,2.62,-0.359,1.19872
2018-05-04,2.63,-0.36,1.19575
2018-05-05,,,1.19575
2018-05-06,,,1.19575
2018-05-07,2.64,-0.363,1.19223
2018-05-08,2.66,-0.363,1.18627
2018-05-09,2.68,-0.359,1.18519
2018-05-10,2.69,-0.361,1.19165
2018-05-11,2.69,-0.361,1.19446
2018-05-12,,,1.19446
2018-05-13,,,1.19446
2018-05-14,2.7,-0.36,1.19269
2018-05-15,2.75,-0.361,1.18381
2018-05-16,2.76,-0.369,1.18118
2018-05-17,2.75,-0.365,1.1795
2018-05-18,2.71,-0.371,1.17678
2018-05-19,,,1.17678
2018-05-20,,,1.17678
2018-05-21,2.73,-0.366,1.17945
2018-05-22,2.73,-0.364,1.17784
2018-05-23,2.67,-0.365,1.17041
2018-05-24,2.65,-0.364,1.17225
2018-05-25,2.6,-0.366,1.16606
2018-05-26,,,1.16606
2018-05-27,,,1.16606
2018-05-28,,-0.367,1.16245
2018-05-29,2.43,-0.363,1.15452
2018-05-30,2.53,-0.357,1.16675
2018-05-31,2.54,-0.353,1.16929
2018-06-01,2.61,-0.358,1.16575
2018-06-02,,,1.16575
2018-06-03,,,1.16575
2018-06-04,2.64,-0.356,1.16971
2018-06-05,2.62,-0.36,1.17175
2018-06-06,2.65,-0.357,1.1777
2018-06-07,2.63,-0.356,1.17982
2018-06-08,2.63,-0.357,1.17668
2018-06-09,,,1.17668
2018-06-10,,,1.17668
2018-06-11,2.66,-0.36,1.17826
2018-06-12,2.67,-0.362,1.17456
2018-06-13,2.71,-0.362,1.17941
2018-06-14,2.69,-0.364,1.15733
2018-06-15,2.68,-0.365,1.16092
2018-06-16,,,1.16092
2018-06-17,,,1.16092
2018-06-18,2.67,-0.365,1.16216
2018-06-19,2.64,-0.363,1.15848
2018-06-20,2.67,-0.364,1.1574
2018-06-21,2.65,-0.365,1.16083
2018-06-22,2.65,-0.364,1.16589
2018-06-23,,,1.16589
2018-06-24,,,1.16589
2018-06-25,2.63,-0.363,1.1701
2018-06-26,2.63,-0.364,1.1647
2018-06-27,2.59,-0.368,1.15589
2018-06-28,2.6,-0.366,1.1563
2018-06-29,2.63,-0.358,1.16769
2018-06-30,,,1.16769
2018-07-01,,,1.16769
2018-07-02,2.65,-0.361,1.16353
2018-07-03,2.63,-0.364,1.16586
2018-07-04,,-0.363,1.1656
2018-07-05,2.65,-0.361,1.169
2018-07-06,2.64,-0.362,1.17464
2018-07-07,,,1.17464
2018-07-08,,,1.17464
2018-07-09,2.66,-0.361,1.17484
2018-07-10,2.69,-0.362,1.17394
2018-07-11,2.67,-0.362,1.1674
2018-07-12,2.68,-0.363,1.16689
2018-07-13,2.66,-0.362,1.16827
2018-07-14,,,1.16827
2018-07-15,,,1.16827
2018-07-16,2.67,-0.364,1.17105
2018-07-17,2.69,-0.365,1.16588
2018-07-18,2.69,-0.366,1.16441
2018-07-19,2.67,-0.366,1.16453
2018-07-20,2.68,-0.367,1.17284
2018-07-21,,,1.17284
2018-07-22,,,1.17284
2018-07-23,2.72,-0.366,1.16892
2018-07-24,2.74,-0.366,1.16832
2018-07-25,2.74,-0.365,1.17241
2018-07-26,2.78,-0.366,1.16395
2018-07-27,2.76,-0.366,1.16597
2018-07-28,,,1.16597
2018-07-29,,,1.16597
2018-07-30,2.77,-0.363,1.17054
2018-07-31,2.77,-0.358,1.16878
2018-08-01,2.78,-0.358,1.16607
2018-08-02,2.76,-0.358,1.15864
2018-08-03,2.74,-0.355,1.15726
2018-08-04,,,1.15726
2018-08-05,,,1.15726
2018-08-06,2.73,-0.361,1.15525
2018-08-07,2.76,-0.356,1.15967
2018-08-08,2.77,-0.357,1.1614
2018-08-09,2.74,-0.357,1.15279
2018-08-10,2.68,-0.357,1.14027
2018-08-11,,,1.14027
2018-08-12,,,1.14027
2018-08-13,2.68,-0.357,1.14056
2018-08-14,2.71,-0.359,1.13456
2018-08-15,2.68,-0.362,1.13461
2018-08-16,2.7,-0.359,1.13748
2018-08-17,2.68,-0.36,1.14394
2018-08-18,,,1.14394
2018-08-19,,,1.14394
2018-08-20,2.65,-0.361,1.14906
2018-08-21,2.67,-0.363,1.15717
2018-08-22,2.65,-0.363,1.15947
2018-08-23,2.66,-0.363,1.15433
2018-08-24,2.68,-0.363,1.16258
2018-08-25,,,1.16258
2018-08-26,,,1.16258
2018-08-27,2.7,-0.363,1.16793
2018-08-28,2.73,-0.363,1.16934
2018-08-29,2.75,-0.364,1.17092
2018-08-30,2.72,-0.359,1.16673
2018-08-31,2.7,-0.342,1.16098
2018-09-01,,,1.16098
2018-09-02,,,1.16098
2018-09-03,,-0.356,1.16147
2018-09-04,2.73,-0.353,1.15809
2018-09-05,2.72,-0.356,1.16335
2018-09-06,2.71,-0.357,1.16234
2018-09-07,2.78,-0.361,1.15591
2018-09-08,,,1.15591
2018-09-09,,,1.15591
2018-09-10,2.78,-0.358,1.15963
2018-09-11,2.83,-0.364,1.15999
2018-09-12,2.82,-0.371,1.16286
2018-09-13,2.83,-0.365,1.16899
2018-09-14,2.85,-0.366,1.1624
2018-09-15,,,1.1624
2018-09-16,,,1.1624
2018-09-17,2.85,-0.366,1.16855
2018-09-18,2.88,-0.367,1.16713
2018-09-19,2.89,-0.365,1.16732
2018-09-20,2.89,-0.366,1.17774
2018-09-21,2.89,-0.367,1.17479
2018-09-22,,,1.17479
2018-09-23,,,1.17479
2018-09-24,2.89,-0.366,1.17491
2018-09-25,2.91,-0.367,1.17658
2018-09-26,2.89,-0.367,1.17425
2018-09-27,2.89,-0.365,1.16389
2018-09-28,2.88,-0.351,1.16109
2018-09-29,,,1.16109
2018-09-30,,,1.16109
2018-10-01,2.9,-0.363,1.15749
2018-10-02,2.88,-0.365,1.15469
2018-10-03,2.94,-0.365,1.14814
2018-10-04,2.97,-0.364,1.15149
2018-10-05,2.99,-0.362,1.15239
2018-10-06,,,1.15239
2018-10-07,,,1.15239
2018-10-08,,-0.365,1.14918
2018-10-09,2.98,-0.365,1.14934
2018-10-10,2.97,-0.367,1.15271
2018-10-11,2.94,-0.366,1.15919
2018-10-12,2.93,-0.368,1.15576
2018-10-13,,,1.15576
2018-10-14,,,1.15576
2018-10-15,2.94,-0.369,1.15823
2018-10-16,2.95,-0.37,1.15724
2018-10-17,2.97,-0.371,1.15001
2018-10-18,2.95,-0.37,1.14558
2018-10-19,2.99,-0.368,1.15095
2018-10-20,,,1.15095
2018-10-21,,,1.15095
2018-10-22,2.99,-0.369,1.14648
2018-10-23,2.95,-0.369,1.14722
2018-10-24,2.89,-0.369,1.13973
2018-10-25,2.92,-0.368,1.13735
2018-10-26,2.85,-0.369,1.14083
2018-10-27,,,1.14083
2018-10-28,,,1.14083
2018-10-29,2.86,-0.37,1.13733
2018-10-30,2.9,-0.366,1.1343
2018-10-31,2.93,-0.341,1.13173
2018-11-01,2.91,-0.353,1.14055
2018-11-02,2.98,-0.362,1.13897
2018-11-03,,,1.13897
2018-11-04,,,1.13897
2018-11-05,2.99,-0.362,1.14086
2018-11-06,3.01,-0.362,1.14197
2018-11-07,3.03,-0.362,1.14305
2018-11-08,3.05,-0.363,1.13639
2018-11-09,3.01,-0.361,1.13363
2018-11-10,,,1.13363
2018-11-11,,,1.13363
2018-11-12,,-0.36,1.12201
2018-11-13,2.95,-0.362,1.12984
2018-11-14,2.92,-0.36,1.13141
2018-11-15,2.91,-0.368,1.13235
2018-11-16,2.85,-0.362,1.14151
2018-11-17,,,1.14151
2018-11-18,,,1.14151
2018-11-19,2.82,-0.362,1.14537
2018-11-20,2.83,-0.362,1.13668
2018-11-21,2.84,-0.363,1.1385
2018-11-22,,-0.362,1.14042
2018-11-23,2.83,-0.362,1.13305
2018-11-24,,,1.13305
2018-11-25,,,1.13305
2018-11-26,2.86,-0.362,1.13307
2018-11-27,2.86,-0.362,1.12939
2018-11-28,2.84,-0.365,1.13684
2018-11-29,2.83,-0.363,1.13884
2018-11-30,2.83,-0.349,1.13217
2018-12-01,,,1.13217
2018-12-02,,,1.13217
2018-12-03,2.84,-0.355,1.13538
2018-12-04,2.81,-0.369,1.13419
2018-12-05,,-0.358,1.13482
2018-12-06,2.76,-0.359,1.13771
2018-12-07,2.72,-0.359,1.14096
2018-12-08,,,1.14096
2018-12-09,,,1.14096
2018-12-10,2.73,-0.358,1.13509
2018-12-11,2.78,-0.36,1.13198
2018-12-12,2.78,-0.36,1.13712
2018-12-13,2.76,-0.361,1.13578
2018-12-14,2.72,-0.362,1.13032
2018-12-15,,,1.13032
2018-12-16,,,1.13032
2018-12-17,2.68,-0.364,1.13474
2018-12-18,2.64,-0.366,1.137
2018-12-19,2.61,-0.367,1.13804
2018-12-20,2.65,-0.362,1.14492
2018-12-21,2.61,-0.374,1.1359
2018-12-22,,,1.1359
2018-12-23,,,1.1359
2018-12-24,2.56,-0.369,1.14199
2018-12-25,,,1.14199
2018-12-26,2.6,,1.13558
2018-12-27,2.55,-0.335,1.14292
2018-12-28,2.5,-0.355,1.14444
2018-12-29,,,1.14444
2018-12-30,,,1.14444
2018-12-31,2.46,-0.356,1.14672
2019-01-01,,,1.14672
2019-01-02,2.47,-0.368,1.13426
2019-01-03,2.35,-0.366,1.1394
2019-01-04,2.47,-0.365,1.14029
2019-01-05,,,1.14029
2019-01-06,,,1.14029
2019-01-07,2.51,-0.365,1.14758
2019-01-08,2.57,-0.362,1.14411
2019-01-09,2.54,-0.365,1.15495
2019-01-10,2.54,-0.366,1.14985
2019-01-11,2.51,-0.366,1.14636
2019-01-12,,,1.14636
2019-01-13,,,1.14636
2019-01-14,2.51,-0.366,1.14658
2019-01-15,2.51,-0.369,1.14063
2019-01-16,2.53,-0.37,1.13951
2019-01-17,2.55,-0.369,1.13889
2019-01-18,2.6,-0.371,1.13645
2019-01-19,,,1.13645
2019-01-20,,,1.13645
2019-01-21,,-0.369,1.13702
2019-01-22,2.55,-0.368,1.13633
2019-01-23,2.57,-0.368,1.13808
2019-01-24,2.54,-0.369,1.13025
2019-01-25,2.58,-0.369,1.14163
2019-01-26,,,1.14163
2019-01-27,,,1.14163
2019-01-28,2.58,-0.368,1.14276
2019-01-29,2.54,-0.369,1.14351
2019-01-30,2.49,-0.369,1.14812
2019-01-31,2.43,-0.357,1.14461
2019-02-01,2.5,-0.365,1.14596
2019-02-02,,,1.14596
2019-02-03,,,1.14596
2019-02-04,2.52,-0.358,1.14358
2019-02-05,2.5,-0.363,1.14059
2019-02-06,2.5,-0.363,1.13674
2019-02-07,2.46,-0.363,1.13425
2019-02-08,2.43,-0.362,1.13231
2019-02-09,,,1.13231
2019-02-10,,,1.13231
2019-02-11,2.47,-0.366,1.12774
2019-02-12,2.48,-0.367,1.13297
2019-02-13,2.52,-0.369,1.12567
2019-02-14,2.48,-0.37,1.1295
2019-02-15,2.5,-0.369,1.12997
2019-02-16,,,1.12997
2019-02-17,,,1.12997
2019-02-18,,-0.371,1.13105
2019-02-19,2.47,-0.369,1.13393
2019-02-20,2.47,-0.37,1.13457
2019-02-21,2.49,-0.37,1.13373
2019-02-22,2.46,-0.368,1.13319
2019-02-23,,,1.13319
2019-02-24,,,1.13319
2019-02-25,2.48,-0.37,1.13598
2019-02-26,2.44,-0.372,1.13933
2019-02-27,2.48,-0.371,1.13726
2019-02-28,2.5,-0.365,1.13706
2019-03-01,2.54,-0.368,1.13677
2019-03-02,,,1.13677
2019-03-03,,,1.13677
2019-03-04,2.52,-0.37,1.13379
2019-03-05,2.52,-0.372,1.13006
2019-03-06,2.49,-0.368,1.13084
2019-03-07,2.44,-0.364,1.11918
2019-03-08,2.43,-0.369,1.12329
2019-03-09,,,1.12329
2019-03-10,,,1.12329
2019-03-11,2.45,-0.371,1.12634
2019-03-12,2.41,-0.366,1.12897
2019-03-13,2.41,-0.367,1.13374
2019-03-14,2.42,-0.368,1.1306
2019-03-15,2.39,-0.366,1.13258
2019-03-16,,,1.13258
2019-03-17,,,1.13258
2019-03-18,2.41,-0.369,1.1335
2019-03-19,2.42,-0.368,1.13536
2019-03-20,2.34,-0.371,1.14212
2019-03-21,2.34,-0.371,1.13764
2019-03-22,2.24,-0.369,1.13005
2019-03-23,,,1.13005
2019-03-24,,,1.13005
2019-03-25,2.19,-0.368,1.13145
2019-03-26,2.18,-0.368,1.12756
2019-03-27,2.16,-0.37,1.12493
2019-03-28,2.18,-0.366,1.12284
2019-03-29,2.21,-0.356,1.12177
2019-03-30,,,1.12177
2019-03-31,,,1.12177
2019-04-01,2.29,-0.366,1.12026
2019-04-02,2.26,-0.367,1.12034
2019-04-03,2.29,-0.368,1.12373
2019-04-04,2.29,-0.368,1.12211
2019-04-05,2.3,-0.368,1.1218
2019-04-06,,,1.1218
2019-04-07,,,1.1218
2019-04-08,2.31,-0.37,1.12609
2019-04-09,2.31,-0.368,1.12646
2019-04-10,2.27,-0.367,1.12753
2019-04-11,2.3,-0.367,1.12573
2019-04-12,2.36,-0.364,1.1297
2019-04-13,,,1.1297
2019-04-14,,,1.1297
2019-04-15,2.36,-0.366,1.13012
2019-04-16,2.38,-0.366,1.12862
2019-04-17,2.37,-0.369,1.12982
2019-04-18,2.36,-0.366,1.1232
2019-04-19,,,1.1232
2019-04-20,,,1.1232
2019-04-21,,,1.1232
2019-04-22,2.36,,1.12581
2019-04-23,2.34,-0.367,1.12232
2019-04-24,2.28,-0.369,1.11555
2019-04-25,2.29,-0.366,1.11346
2019-04-26,2.25,-0.37,1.11478
2019-04-27,,,1.11478
2019-04-28,,,1.11478
2019-04-29,2.27,-0.369,1.11834
2019-04-30,2.24,-0.359,1.12145
2019-05-01,2.28,,1.11996
2019-05-02,2.32,-0.362,1.11721
2019-05-03,2.3,-0.356,1.11994
2019-05-04,,,1.11994
2019-05-05,,,1.11994
2019-05-06,2.27,-0.361,1.11951
2019-05-07,2.24,-0.363,1.11942
2019-05-08,2.26,-0.366,1.11947
2019-05-09,2.22,-0.364,1.12187
2019-05-10,2.23,-0.365,1.12311
2019-05-11,,,1.12311
2019-05-12,,,1.12311
2019-05-13,2.15,-0.368,1.12268
2019-05-14,2.17,-0.366,1.12074
2019-05-15,2.12,-0.368,1.1205
2019-05-16,2.15,-0.371,1.11736
2019-05-17,2.15,-0.37,1.11609
2019-05-18,,,1.11609
2019-05-19,,,1.11609
2019-05-20,2.17,-0.37,1.11676
2019-05-21,2.2,-0.371,1.11625
2019-05-22,2.17,-0.37,1.11526
2019-05-23,2.08,-0.368,1.11834
2019-05-24,2.1,-0.366,1.12081
2019-05-25,,,1.12081
2019-05-26,,,1.12081
2019-05-27,,-0.369,1.11943
2019-05-28,2.06,-0.37,1.11657
2019-05-29,2.04,-0.37,1.11356
2019-05-30,2.0,-0.372,1.11299
2019-05-31,1.9,-0.359,1.11712
2019-06-01,,,1.11712
2019-06-02,,,1.11712
2019-06-03,1.79,-0.365,1.12444
2019-06-04,1.84,-0.365,1.12536
2019-06-05,1.81,-0.366,1.12267
2019-06-06,1.85,-0.367,1.12773
2019-06-07,1.82,-0.252,1.13338
2019-06-08,,,1.13338
2019-06-09,,,1.13338
2019-06-10,1.87,-0.368,1.13134
2019-06-11,1.87,-0.37,1.13274
2019-06-12,1.83,-0.367,1.12919
2019-06-13,1.78,-0.361,1.12775
2019-06-14,1.79,-0.368,1.12069
2019-06-15,,,1.12069
2019-06-16,,,1.12069
2019-06-17,1.8,-0.369,1.12211
2019-06-18,1.8,-0.368,1.11948
2019-06-19,1.7,-0.379,1.12295
2019-06-20,1.69,-0.374,1.12931
2019-06-21,1.74,-0.368,1.13723
2019-06-22,,,1.13723
2019-06-23,,,1.13723
2019-06-24,1.69,-0.359,1.13966
2019-06-25,1.67,-0.37,1.13688
2019-06-26,1.74,-0.37,1.13749
2019-06-27,1.71,-0.365,1.13684
2019-06-28,1.71,-0.36,1.1371
2019-06-29,,,1.1371
2019-06-30,,,1.1371
2019-07-01,1.74,-0.366,1.12882
2019-07-02,1.71,-0.367,1.12896
2019-07-03,1.71,-0.368,1.12799
2019-07-04,,-0.367,1.1285
2019-07-05,1.82,-0.367,1.12261
2019-07-06,,,1.12261
2019-07-07,,,1.12261
2019-07-08,1.84,-0.368,1.12159
2019-07-09,1.88,-0.368,1.12082
2019-07-10,1.79,-0.368,1.12541
2019-07-11,1.84,-0.366,1.12534
2019-07-12,1.81,-0.366,1.12713
2019-07-13,,,1.12713
2019-07-14,,,1.12713
2019-07-15,1.8,-0.368,1.12612
2019-07-16,1.84,-0.37,1.12115
2019-07-17,1.8,-0.37,1.12275
2019-07-18,1.74,-0.368,1.12776
2019-07-19,1.77,-0.369,1.12193
2019-07-20,,,1.12193
2019-07-21,,,1.12193
2019-07-22,1.77,-0.369,1.12092
2019-07-23,1.79,-0.369,1.11521
2019-07-24,1.79,-0.365,1.11429
2019-07-25,1.83,-0.361,1.11479
2019-07-26,1.83,-0.366,1.11247
2019-07-27,,,1.11247
2019-07-28,,,1.11247
2019-07-29,1.81,-0.368,1.11452
2019-07-30,1.82,-0.365,1.11554
2019-07-31,1.84,-0.358,1.1071
2019-08-01,1.67,-0.361,1.10835
2019-08-02,1.67,-0.357,1.11057
2019-08-03,,,1.11057
2019-08-04,,,1.11057
2019-08-05,1.55,-0.356,1.12139
2019-08-06,1.54,-0.36,1.12022
2019-08-07,1.51,-0.359,1.12021
2019-08-08,1.54,-0.352,1.11936
2019-08-09,1.58,-0.358,1.12027
2019-08-10,,,1.12027
2019-08-11,,,1.12027
2019-08-12,1.51,-0.36,1.12164
2019-08-13,1.6,-0.359,1.11726
2019-08-14,1.53,-0.361,1.11419
2019-08-15,1.44,-0.362,1.11062
2019-08-16,1.44,-0.364,1.10928
2019-08-17,,,1.10928
2019-08-18,,,1.10928
2019-08-19,1.49,-0.364,1.10802
2019-08-20,1.44,-0.363,1.10984
2019-08-21,1.5,-0.369,1.10882
2019-08-22,1.53,-0.361,1.10809
2019-08-23,1.43,-0.361,1.114
2019-08-24,,,1.114
2019-08-25,,,1.114
2019-08-26,1.47,-0.362,1.11001
2019-08-27,1.43,-0.365,1.10906
2019-08-28,1.42,-0.369,1.10815
2019-08-29,1.44,-0.365,1.10585
2019-08-30,1.42,-0.359,1.09901
2019-08-31,,,1.09901
2019-09-01,,,1.09901
2019-09-02,,-0.362,1.09698
2019-09-03,1.38,-0.363,1.09718
2019-09-04,1.36,-0.362,1.10349
2019-09-05,1.47,-0.36,1.10349
2019-09-06,1.46,-0.362,1.10257
2019-09-07,,,1.10257
2019-09-08,,,1.10257
2019-09-09,1.52,-0.363,1.10493
2019-09-10,1.61,-0.365,1.1049
2019-09-11,1.62,-0.366,1.10091
2019-09-12,1.67,-0.366,1.10638
2019-09-13,1.76,-0.369,1.10763
2019-09-14,,,1.10763
2019-09-15,,,1.10763
2019-09-16,1.71,-0.367,1.10006
2019-09-17,1.68,-0.367,1.10717
2019-09-18,1.72,-0.457,1.1033
2019-09-19,1.68,-0.456,1.1042
2019-09-20,1.63,-0.458,1.10181
2019-09-21,,,1.10181
2019-09-22,,,1.10181
2019-09-23,1.61,-0.456,1.0995
2019-09-24,1.53,-0.454,1.10197
2019-09-25,1.61,-0.455,1.09441
2019-09-26,1.61,-0.457,1.09177
2019-09-27,1.58,-0.452,1.09416
2019-09-28,,,1.09416
2019-09-29,,,1.09416
2019-09-30,1.56,-0.451,1.08986
2019-10-01,1.51,-0.549,1.09318
2019-10-02,1.43,-0.551,1.09608
2019-10-03,1.34,-0.555,1.09717
2019-10-04,1.35,-0.553,1.09814
2019-10-05,,,1.09814
2019-10-06,,,1.09814
2019-10-07,1.41,-0.554,1.09716
2019-10-08,1.38,-0.552,1.0956
2019-10-09,1.43,-0.552,1.09734
2019-10-10,1.49,-0.552,1.10088
2019-10-11,1.6,-0.55,1.10364
2019-10-12,,,1.10364
2019-10-13,,,1.10364
2019-10-14,,-0.549,1.1025
2019-10-15,1.6,-0.551,1.10313
2019-10-16,1.57,-0.548,1.10732
2019-10-17,1.57,-0.548,1.1127
2019-10-18,1.56,-0.547,1.11614
2019-10-19,,,1.11614
2019-10-20,,,1.11614
2019-10-21,1.59,-0.549,1.11484
2019-10-22,1.59,-0.548,1.11252
2019-10-23,1.58,-0.547,1.11322
2019-10-24,1.58,-0.548,1.11053
2019-10-25,1.62,-0.548,1.1081
2019-10-26,,,1.1081
2019-10-27,,,1.1081
2019-10-28,1.65,-0.548,1.10982
2019-10-29,1.65,-0.545,1.11121
2019-10-30,1.6,-0.545,1.11531
2019-10-31,1.52,-0.543,1.11517
2019-11-01,1.55,-0.549,1.11657
2019-11-02,,,1.11657
2019-11-03,,,1.11657
2019-11-04,1.59,-0.536,1.11222
2019-11-05,1.63,-0.541,1.10749
2019-11-06,1.6,-0.539,1.10685
2019-11-07,1.7,-0.537,1.1049
2019-11-08,1.7,-0.54,1.10218
2019-11-09,,,1.10218
2019-11-10,,,1.10218
2019-11-11,,-0.541,1.10316
2019-11-12,1.69,-0.537,1.10115
2019-11-13,1.65,-0.531,1.10081
2019-11-14,1.59,-0.536,1.10221
2019-11-15,1.61,-0.541,1.10542
2019-11-16,,,1.10542
2019-11-17,,,1.10542
2019-11-18,1.59,-0.541,1.10719
2019-11-19,1.59,-0.542,1.1078
2019-11-20,1.55,-0.511,1.10767
2019-11-21,1.59,-0.542,1.10623
2019-11-22,1.6,-0.536,1.10229
2019-11-23,,,1.10229
2019-11-24,,,1.10229
2019-11-25,1.6,-0.533,1.1014
2019-11-26,1.58,-0.533,1.10236
2019-11-27,1.61,-0.533,1.1006
2019-11-28,,-0.531,1.1011
2019-11-29,1.61,-0.532,1.10175
2019-11-30,,,1.10175
2019-12-01,,,1.10175
2019-12-02,1.63,-0.541,1.10767
2019-12-03,1.54,-0.539,1.10821
2019-12-04,1.58,-0.54,1.10783
2019-12-05,1.6,-0.54,1.11045
2019-12-06,1.64,-0.541,1.106
2019-12-07,,,1.106
2019-12-08,,,1.106
2019-12-09,1.63,-0.541,1.10654
2019-12-10,1.67,-0.544,1.10934
2019-12-11,1.62,-0.544,1.11332
2019-12-12,1.69,-0.544,1.11838
2019-12-13,1.62,-0.543,1.11168
2019-12-14,,,1.11168
2019-12-15,,,1.11168
2019-12-16,1.67,-0.543,1.11392
2019-12-17,1.66,-0.536,1.11532
2019-12-18,1.67,-0.54,1.11162
2019-12-19,1.65,-0.54,1.11239
2019-12-20,1.67,-0.54,1.10757
2019-12-21,,,1.10757
2019-12-22,,,1.10757
2019-12-23,1.67,-0.545,1.10904
2019-12-24,1.64,-0.549,1.10845
2019-12-25,,,1.10845
2019-12-26,1.65,,1.10963
2019-12-27,1.6,-0.542,1.11758
2019-12-28,,,1.11758
2019-12-29,,,1.11758
2019-12-30,1.59,-0.541,1.12003
2019-12-31,1.62,-0.531,1.12131
2020-01-01,,,1.12131
2020-01-02,1.59,-0.539,1.11718
2020-01-03,1.54,-0.537,1.11617
2020-01-04,,,1.11617
2020-01-05,,,1.11617
2020-01-06,1.56,-0.539,1.11958
2020-01-07,1.55,-0.54,1.11478
2020-01-08,1.61,-0.536,1.11102
2020-01-09,1.59,-0.539,1.11065
2020-01-10,1.59,-0.538,1.11217
2020-01-11,,,1.11217
2020-01-12,,,1.11217
2020-01-13,1.6,-0.537,1.11355
2020-01-14,1.59,-0.538,1.11265
2020-01-15,1.56,-0.538,1.11509
2020-01-16,1.58,-0.536,1.11375
2020-01-17,1.56,-0.537,1.10927
2020-01-18,,,1.10927
2020-01-19,,,1.10927
2020-01-20,,-0.538,1.10972
2020-01-21,1.53,-0.535,1.1083
2020-01-22,1.52,-0.536,1.10935
2020-01-23,1.51,-0.537,1.10558
2020-01-24,1.48,-0.537,1.10279
2020-01-25,,,1.10279
2020-01-26,,,1.10279
2020-01-27,1.41,-0.538,1.10184
2020-01-28,1.45,-0.536,1.1022
2020-01-29,1.39,-0.54,1.10105
2020-01-30,1.37,-0.539,1.10341
2020-01-31,1.3,-0.539,1.10903
2020-02-01,,,1.10903
2020-02-02,,,1.10903
2020-02-03,1.34,-0.537,1.10594
2020-02-04,1.4,-0.536,1.10452
2020-02-05,1.43,-0.536,1.09999
2020-02-06,1.43,-0.535,1.0981
2020-02-07,1.39,-0.537,1.09475
2020-02-08,,,1.09475
2020-02-09,,,1.09475
2020-02-10,1.36,-0.537,1.09113
2020-02-11,1.39,-0.541,1.09192
2020-02-12,1.42,-0.541,1.08718
2020-02-13,1.42,-0.54,1.08406
2020-02-14,1.4,-0.538,1.08368
2020-02-15,,,1.08368
2020-02-16,,,1.08368
2020-02-17,,-0.541,1.08373
2020-02-18,1.37,-0.536,1.07947
2020-02-19,1.39,-0.538,1.08087
2020-02-20,1.35,-0.538,1.07875
2020-02-21,1.3,-0.539,1.08491
2020-02-22,,,1.08491
2020-02-23,,,1.08491
2020-02-24,1.21,-0.54,1.08519
2020-02-25,1.16,-0.539,1.0881
2020-02-26,1.14,-0.539,1.08826
2020-02-27,1.08,-0.538,1.10027
2020-02-28,0.85,-0.54,1.10399
2020-02-29,,,1.10399
2020-03-01,,,1.10399
2020-03-02,0.85,-0.542,1.11394
2020-03-03,0.72,-0.542,1.11706
2020-03-04,0.68,-0.541,1.1133
2020-03-05,0.61,-0.54,1.12304
2020-03-06,0.53,-0.541,1.13073
2020-03-07,,,1.13073
2020-03-08,,,1.13073
2020-03-09,0.4,-0.539,1.14389
2020-03-10,0.58,-0.541,1.13091
2020-03-11,0.58,-0.543,1.12589
2020-03-12,0.58,-0.54,1.11768
2020-03-13,0.58,-0.541,1.11074
2020-03-14,,,1.11074
2020-03-15,,,1.11074
2020-03-16,0.43,-0.536,1.11684
2020-03-17,0.54,-0.531,1.1016
2020-03-18,0.66,-0.529,1.09331
2020-03-19,0.53,-0.526,1.06649
2020-03-20,0.41,-0.524,1.06992
2020-03-21,,,1.06992
2020-03-22,,,1.06992
2020-03-23,0.31,-0.525,1.07464
2020-03-24,0.44,-0.527,1.08122
2020-03-25,0.41,-0.527,1.08815
2020-03-26,0.36,-0.529,1.10372
2020-03-27,0.3,-0.53,1.1141
2020-03-28,,,1.1141
2020-03-29,,,1.1141
2020-03-30,0.29,-0.528,1.10474
2020-03-31,0.29,-0.522,1.10301
2020-04-01,0.28,-0.527,1.09458
2020-04-02,0.29,-0.534,1.08557
2020-04-03,0.3,-0.539,1.08108
2020-04-04,,,1.08108
2020-04-05,,,1.08108
2020-04-06,0.35,-0.533,1.07943
2020-04-07,0.36,-0.533,1.08909
2020-04-08,0.34,-0.535,1.08565
2020-04-09,0.29,-0.536,1.09289
2020-04-10,,,1.09289
2020-04-11,,,1.09289
2020-04-12,,,1.09289
2020-04-13,0.31,,1.09082
2020-04-14,0.29,-0.534,1.09813
2020-04-15,0.24,-0.535,1.09088
2020-04-16,0.25,-0.534,1.08614
2020-04-17,0.26,-0.538,1.08681
2020-04-18,,,1.08681
2020-04-19,,,1.08681
2020-04-20,0.26,-0.541,1.08697
2020-04-21,0.24,-0.541,1.08576
2020-04-22,0.26,-0.539,1.0823
2020-04-23,0.26,-0.539,1.07795
2020-04-24,0.26,-0.539,1.08095
2020-04-25,,,1.08095
2020-04-26,,,1.08095
2020-04-27,0.29,-0.539,1.08315
2020-04-28,0.26,-0.541,1.0822
2020-04-29,0.24,-0.543,1.08748
2020-04-30,0.24,-0.531,1.09515
2020-05-01,0.25,,1.09797
2020-05-02,,,1.09797
2020-05-03,,,1.09797
2020-05-04,0.24,-0.543,1.09017
2020-05-05,0.24,-0.539,1.08421
2020-05-06,0.24,-0.542,1.07963
2020-05-07,0.19,-0.541,1.08317
2020-05-08,0.21,-0.541,1.08362
2020-05-09,,,1.08362
2020-05-10,,,1.08362
2020-05-11,0.24,-0.544,1.08078
2020-05-12,0.22,-0.543,1.0847
2020-05-13,0.2,-0.542,1.08184
2020-05-14,0.2,-0.541,1.08071
2020-05-15,0.19,-0.543,1.08176
2020-05-16,,,1.08176
2020-05-17,,,1.08176
2020-05-18,0.24,-0.542,1.09165
2020-05-19,0.22,-0.542,1.09214
2020-05-20,0.21,-0.545,1.09786
2020-05-21,0.21,-0.545,1.09478
2020-05-22,0.21,-0.539,1.09032
2020-05-23,,,1.09032
2020-05-24,,,1.09032
2020-05-25,,-0.54,1.08945
2020-05-26,0.22,-0.541,1.0977
2020-05-27,0.22,-0.541,1.1007
2020-05-28,0.22,-0.541,1.1079
2020-05-29,0.19,-0.54,1.1102
2020-05-30,,,1.1102
2020-05-31,,,1.1102
2020-06-01,0.2,-0.546,1.11322
2020-06-02,0.2,-0.542,1.11703
2020-06-03,0.26,-0.543,1.12361
2020-06-04,0.26,-0.545,1.13363
2020-06-05,0.29,-0.544,1.12899
2020-06-06,,,1.12899
2020-06-07,,,1.12899
2020-06-08,0.29,-0.547,1.12913
2020-06-09,0.25,-0.542,1.13383
2020-06-10,0.22,-0.548,1.13759
2020-06-11,0.22,-0.547,1.12933
2020-06-12,0.22,-0.546,1.12552
2020-06-13,,,1.12552
2020-06-14,,,1.12552
2020-06-15,0.22,-0.547,1.13255
2020-06-16,0.23,-0.546,1.12622
2020-06-17,0.23,-0.544,1.12433
2020-06-18,0.22,-0.544,1.12049
2020-06-19,0.22,-0.546,1.11865
2020-06-20,,,1.11865
2020-06-21,,,1.11865
2020-06-22,0.22,-0.545,1.12633
2020-06-23,0.22,-0.544,1.13089
2020-06-24,0.21,-0.546,1.1255
2020-06-25,0.21,-0.547,1.12163
2020-06-26,0.19,-0.547,1.12284
2020-06-27,,,1.12284
2020-06-28,,,1.12284
2020-06-29,0.18,-0.545,1.1241
2020-06-30,0.18,-0.555,1.12323
2020-07-01,0.19,-0.548,1.12505
2020-07-02,0.19,-0.548,1.12398
2020-07-03,,-0.549,1.12448
2020-07-04,,,1.12448
2020-07-05,,,1.12448
2020-07-06,0.19,-0.55,1.13107
2020-07-07,0.19,-0.55,1.12741
2020-07-08,0.19,-0.549,1.13328
2020-07-09,0.18,-0.549,1.12842
2020-07-10,0.19,-0.549,1.13002
2020-07-11,,,1.13002
2020-07-12,,,1.13002
2020-07-13,0.19,-0.552,1.13462
2020-07-14,0.19,-0.551,1.14024
2020-07-15,0.18,-0.551,1.14126
2020-07-16,0.17,-0.541,1.13809
2020-07-17,0.18,-0.551,1.14373
2020-07-18,,,1.14373
2020-07-19,,,1.14373
2020-07-20,0.18,-0.551,1.14439
2020-07-21,0.17,-0.549,1.15327
2020-07-22,0.17,-0.55,1.15726
2020-07-23,0.16,-0.55,1.15958
2020-07-24,0.17,-0.551,1.16421
2020-07-25,,,1.16421
2020-07-26,,,1.16421
2020-07-27,0.18,-0.552,1.17505
2020-07-28,0.16,-0.551,1.17211
2020-07-29,0.15,-0.553,1.17928
2020-07-30,0.14,-0.552,1.18424
2020-07-31,0.11,-0.55,1.17823
2020-08-01,,,1.17823
2020-08-02,,,1.17823
2020-08-03,0.13,-0.552,1.17606
2020-08-04,0.1,-0.551,1.17972
2020-08-05,0.13,-0.552,1.1866
2020-08-06,0.13,-0.553,1.18767
2020-08-07,0.14,-0.553,1.17868
2020-08-08,,,1.17868
2020-08-09,,,1.17868
2020-08-10,0.15,-0.554,1.17394
2020-08-11,0.18,-0.552,1.17434
2020-08-12,0.19,-0.552,1.17844
2020-08-13,0.19,-0.552,1.18147
2020-08-14,0.18,-0.549,1.18373
2020-08-15,,,1.18373
2020-08-16,,,1.18373
2020-08-17,0.18,-0.553,1.18743
2020-08-18,0.17,-0.554,1.19322
2020-08-19,0.17,-0.553,1.1843
2020-08-20,0.15,-0.553,1.18609
2020-08-21,0.16,-0.554,1.17952
2020-08-22,,,1.17952
2020-08-23,,,1.17952
2020-08-24,0.18,-0.552,1.17901
2020-08-25,0.18,-0.553,1.18342
2020-08-26,0.18,-0.554,1.18305
2020-08-27,0.19,-0.552,1.18202
2020-08-28,0.16,-0.552,1.18985
2020-08-29,,,1.18985
2020-08-30,,,1.18985
2020-08-31,0.15,-0.557,1.19393
2020-09-01,0.14,-0.554,1.19166
2020-09-02,0.16,-0.555,1.18553
2020-09-03,0.15,-0.551,1.18509
2020-09-04,0.18,-0.552,1.18423
2020-09-05,,,1.18423
2020-09-06,,,1.18423
2020-09-07,,-0.551,1.18154
2020-09-08,0.17,-0.553,1.17738
2020-09-09,0.17,-0.554,1.18033
2020-09-10,0.17,-0.554,1.18214
2020-09-11,0.16,-0.553,1.18408
2020-09-12,,,1.18408
2020-09-13,,,1.18408
2020-09-14,0.16,-0.555,1.18666
2020-09-15,0.16,-0.551,1.18486
2020-09-16,0.16,-0.556,1.18143
2020-09-17,0.16,-0.553,1.18447
2020-09-18,0.16,-0.552,1.18488
2020-09-19,,,1.18488
2020-09-20,,,1.18488
2020-09-21,0.16,-0.552,1.17699
2020-09-22,0.15,-0.552,1.1707
2020-09-23,0.15,-0.551,1.16612
2020-09-24,0.16,-0.553,1.16719
2020-09-25,0.15,-0.554,1.16262
2020-09-26,,,1.16262
2020-09-27,,,1.16262
2020-09-28,0.16,-0.555,1.16645
2020-09-29,0.13,-0.556,1.17407
2020-09-30,0.16,-0.57,1.1724
2020-10-01,0.16,-0.558,1.17462
2020-10-02,0.16,-0.555,1.17124
2020-10-03,,,1.17124
2020-10-04,,,1.17124
2020-10-05,0.19,-0.555,1.17805
2020-10-06,0.17,-0.556,1.17328
2020-10-07,0.21,-0.555,1.17657
2020-10-08,0.18,-0.553,1.17594
2020-10-09,0.2,-0.553,1.18237
2020-10-10,,,1.18237
2020-10-11,,,1.18237
2020-10-12,,-0.556,1.18143
2020-10-13,0.18,-0.555,1.17451
2020-10-14,0.18,-0.556,1.17486
2020-10-15,0.18,-0.556,1.17102
2020-10-16,0.18,-0.553,1.17177
2020-10-17,,,1.17177
2020-10-18,,,1.17177
2020-10-19,0.19,-0.553,1.17677
2020-10-20,0.19,-0.553,1.1824
2020-10-21,0.2,-0.552,1.18598
2020-10-22,0.21,-0.554,1.1821
2020-10-23,0.21,-0.553,1.18625
2020-10-24,,,1.18625
2020-10-25,,,1.18625
2020-10-26,0.18,-0.552,1.18071
2020-10-27,0.19,-0.554,1.17802
2020-10-28,0.19,-0.555,1.17485
2020-10-29,0.2,-0.552,1.16698
2020-10-30,0.19,-0.557,1.16466
2020-10-31,,,1.16466
2020-11-01,,,1.16466
2020-11-02,0.2,-0.555,1.16404
2020-11-03,0.21,-0.553,1.17283
2020-11-04,0.18,-0.558,1.17213
2020-11-05,0.18,-0.556,1.18232
2020-11-06,0.21,-0.558,1.18797
2020-11-07,,,1.18797
2020-11-08,,,1.18797
2020-11-09,0.25,-0.558,1.18171
2020-11-10,0.26,-0.557,1.18188
2020-11-11,,-0.558,1.17778
2020-11-12,0.23,-0.548,1.18069
2020-11-13,0.23,-0.556,1.18338
2020-11-14,,,1.18338
2020-11-15,,,1.18338
2020-11-16,0.24,-0.558,1.1856
2020-11-17,0.22,-0.557,1.18632
2020-11-18,0.22,-0.557,1.18517
2020-11-19,0.22,-0.557,1.18705
2020-11-20,0.21,-0.557,1.1859
2020-11-21,,,1.1859
2020-11-22,,,1.1859
2020-11-23,0.22,-0.557,1.18395
2020-11-24,0.22,-0.556,1.18922
2020-11-25,0.21,-0.554,1.19154
2020-11-26,,-0.556,1.19104
2020-11-27,0.2,-0.557,1.19607
2020-11-28,,,1.19607
2020-11-29,,,1.19607
2020-11-30,0.19,-0.56,1.19308
2020-12-01,0.22,-0.557,1.20722
2020-12-02,0.22,-0.556,1.21128
2020-12-03,0.21,-0.556,1.21448
2020-12-04,0.21,-0.555,1.21268
2020-12-05,,,1.21268
2020-12-06,,,1.21268
2020-12-07,0.2,-0.555,1.21104
2020-12-08,0.2,-0.559,1.21061
2020-12-09,0.21,-0.556,1.20807
2020-12-10,0.2,-0.556,1.21416
2020-12-11,0.18,-0.557,1.21158
2020-12-12,,,1.21158
2020-12-13,,,1.21158
2020-12-14,0.17,-0.558,1.21457
2020-12-15,0.18,-0.551,1.21514
2020-12-16,0.18,-0.557,1.21978
2020-12-17,0.19,-0.556,1.22671
2020-12-18,0.19,-0.558,1.22452
2020-12-19,,,1.22452
2020-12-20,,,1.22452
2020-12-21,0.18,-0.557,1.22386
2020-12-22,0.17,-0.558,1.21643
2020-12-23,0.18,-0.559,1.21904
2020-12-24,0.17,-0.555,1.21807
2020-12-25,,,1.21807
2020-12-26,,,1.21807
2020-12-27,,,1.21807
2020-12-28,0.17,-0.553,1.22092
2020-12-29,0.17,-0.557,1.22534
2020-12-30,0.17,-0.555,1.22974
2020-12-31,0.17,-0.583,1.2216
2021-01-01,,,1.2216
2021-01-02,,,1.2216
2021-01-03,,,1.2216
2021-01-04,0.16,-0.566,1.22506
2021-01-05,0.17,-0.563,1.22968
2021-01-06,0.2,-0.566,1.2328
2021-01-07,0.22,-0.565,1.22661
2021-01-08,0.24,-0.562,1.22238
2021-01-09,,,1.22238
2021-01-10,,,1.22238
2021-01-11,0.22,-0.564,1.21526
2021-01-12,0.23,-0.563,1.22055
2021-01-13,0.22,-0.562,1.2157
2021-01-14,0.23,-0.564,1.21519
2021-01-15,0.2,-0.566,1.20778
2021-01-16,,,1.20778
2021-01-17,,,1.20778
2021-01-18,,-0.565,1.20782
2021-01-19,0.21,-0.564,1.21283
2021-01-20,0.19,-0.564,1.211
2021-01-21,0.19,-0.562,1.21678
2021-01-22,0.19,-0.561,1.21663
2021-01-23,,,1.21663
2021-01-24,,,1.21663
2021-01-25,0.17,-0.564,1.21436
2021-01-26,0.18,-0.558,1.2162
2021-01-27,0.18,-0.563,1.21089
2021-01-28,0.18,-0.561,1.2122
2021-01-29,0.19,-0.564,1.2136
2021-01-30,,,1.2136
2021-01-31,,,1.2136
2021-02-01,0.17,-0.566,1.20619
2021-02-02,0.18,-0.564,1.20439
2021-02-03,0.19,-0.558,1.20338
2021-02-04,0.18,-0.564,1.19648
2021-02-05,0.19,-0.565,1.20487
2021-02-06,,,1.20487
2021-02-07,,,1.20487
2021-02-08,0.2,-0.563,1.2052
2021-02-09,0.19,-0.564,1.21197
2021-02-10,0.19,-0.564,1.2119
2021-02-11,0.19,-0.565,1.21328
2021-02-12,0.2,-0.564,1.21179
2021-02-13,,,1.21179
2021-02-14,,,1.21179
2021-02-15,,-0.563,1.21276
2021-02-16,0.23,-0.564,1.21028
2021-02-17,0.21,-0.563,1.2045
2021-02-18,0.21,-0.562,1.20908
2021-02-19,0.22,-0.563,1.21163
2021-02-20,,,1.21163
2021-02-21,,,1.21163
2021-02-22,0.22,-0.564,1.21605
2021-02-23,0.22,-0.565,1.21489
2021-02-24,0.24,-0.564,1.21663
2021-02-25,0.34,-0.564,1.21828
2021-02-26,0.3,-0.566,1.20657
2021-02-27,,,1.20657
2021-02-28,,,1.20657
2021-03-01,0.27,-0.563,1.20504
2021-03-02,0.26,-0.565,1.20843
2021-03-03,0.29,-0.565,1.20634
2021-03-04,0.32,-0.565,1.19751
2021-03-05,0.32,-0.562,1.19156
2021-03-06,,,1.19156
2021-03-07,,,1.19156
2021-03-08,0.34,-0.558,1.18489
2021-03-09,0.35,-0.56,1.19022
2021-03-10,0.32,-0.562,1.19262
2021-03-11,0.31,-0.561,1.19833
2021-03-12,0.34,-0.562,1.19611
2021-03-13,,,1.19611
2021-03-14,,,1.19611
2021-03-15,0.33,-0.564,1.19247
2021-03-16,0.33,-0.562,1.19019
2021-03-17,0.29,-0.561,1.19786
2021-03-18,0.33,-0.566,1.19172
2021-03-19,0.33,-0.565,1.19048
2021-03-20,,,1.19048
2021-03-21,,,1.19048
2021-03-22,0.32,-0.566,1.19338
2021-03-23,0.31,-0.563,1.18474
2021-03-24,0.31,-0.564,1.18118
2021-03-25,0.3,-0.564,1.17738
2021-03-26,0.31,-0.568,1.17929
2021-03-27,,,1.17929
2021-03-28,,,1.17929
2021-03-29,0.32,-0.57,1.17656
2021-03-30,0.33,-0.57,1.17177
2021-03-31,0.35,-0.574,1.17279
2021-04-01,0.35,-0.566,1.17756
2021-04-02,0.39,,1.17756
2021-04-03,,,1.17756
2021-04-04,,,1.17756
2021-04-05,0.37,,1.18135
2021-04-06,0.35,-0.567,1.18722
2021-04-07,0.34,-0.567,1.18697
2021-04-08,0.33,-0.57,1.19153
2021-04-09,0.35,-0.568,1.19031
2021-04-10,,,1.19031
2021-04-11,,,1.19031
2021-04-12,0.38,-0.567,1.19126
2021-04-13,0.35,-0.563,1.195
2021-04-14,0.35,-0.56,1.19789
2021-04-15,0.32,-0.566,1.19674
2021-04-16,0.34,-0.565,1.19809
2021-04-17,,,1.19809
2021-04-18,,,1.19809
2021-04-19,0.34,-0.567,1.20374
2021-04-20,0.31,-0.567,1.20351
2021-04-21,0.32,-0.565,1.20361
2021-04-22,0.32,-0.565,1.20169
2021-04-23,0.34,-0.565,1.20996
2021-04-24,,,1.20996
2021-04-25,,,1.20996
2021-04-26,0.35,-0.567,1.20866
2021-04-27,0.36,-0.56,1.20891
2021-04-28,0.35,-0.566,1.21255
2021-04-29,0.35,-0.566,1.21229
2021-04-30,0.35,-0.569,1.20234
2021-05-01,,,1.20234
2021-05-02,,,1.20234
2021-05-03,0.33,-0.567,1.20644
2021-05-04,0.33,-0.564,1.20116
2021-05-05,0.32,-0.566,1.20069
2021-05-06,0.32,-0.565,1.20634
2021-05-07,0.29,-0.563,1.21664
2021-05-08,,,1.21664
2021-05-09,,,1.21664
2021-05-10,0.32,-0.567,1.21313
2021-05-11,0.31,-0.564,1.21498
2021-05-12,0.35,-0.564,1.20713
2021-05-13,0.33,-0.564,1.20821
2021-05-14,0.33,-0.564,1.2143
2021-05-15,,,1.2143
2021-05-16,,,1.2143
2021-05-17,0.34,-0.565,1.21529
2021-05-18,0.34,-0.558,1.22247
2021-05-19,0.35,-0.564,1.21765
2021-05-20,0.34,-0.563,1.22296
2021-05-21,0.34,-0.564,1.21868
2021-05-22,,,1.21868
2021-05-23,,,1.21868
2021-05-24,0.32,-0.566,1.22168
2021-05-25,0.3,-0.565,1.225
2021-05-26,0.31,-0.565,1.21944
2021-05-27,0.31,-0.564,1.21949
2021-05-28,0.3,-0.566,1.21947
2021-05-29,,,1.21947
2021-05-30,,,1.21947
2021-05-31,,-0.571,1.22271
2021-06-01,0.31,-0.564,1.22143
2021-06-02,0.3,-0.563,1.22119
2021-06-03,0.34,-0.563,1.21273
2021-06-04,0.32,-0.563,1.21688
2021-06-05,,,1.21688
2021-06-06,,,1.21688
2021-06-07,0.33,-0.564,1.21918
2021-06-08,0.32,-0.563,1.21731
2021-06-09,0.31,-0.564,1.21789
2021-06-10,0.3,-0.561,1.21741
2021-06-11,0.31,-0.566,1.21091
2021-06-12,,,1.21091
2021-06-13,,,1.21091
2021-06-14,0.33,-0.565,1.21201
2021-06-15,0.34,-0.561,1.21292
2021-06-16,0.41,-0.562,1.19938
2021-06-17,0.43,-0.563,1.19063
2021-06-18,0.47,-0.563,1.18682
2021-06-19,,,1.18682
2021-06-20,,,1.18682
2021-06-21,0.48,-0.564,1.19189
2021-06-22,0.44,-0.564,1.19399
2021-06-23,0.47,-0.563,1.19279
2021-06-24,0.48,-0.565,1.19308
2021-06-25,0.48,-0.565,1.19414
2021-06-26,,,1.19414
2021-06-27,,,1.19414
2021-06-28,0.47,-0.566,1.19271
2021-06-29,0.47,-0.568,1.19018
2021-06-30,0.46,-0.581,1.1859
2021-07-01,0.47,-0.565,1.18497
2021-07-02,0.45,-0.565,1.18657
2021-07-03,,,1.18657
2021-07-04,,,1.18657
2021-07-05,,-0.566,1.18621
2021-07-06,0.42,-0.565,1.18219
2021-07-07,0.41,-0.565,1.17939
2021-07-08,0.37,-0.566,1.18449
2021-07-09,0.41,-0.566,1.18795
2021-07-10,,,1.18795
2021-07-11,,,1.18795
2021-07-12,0.43,-0.568,1.1862
2021-07-13,0.47,-0.566,1.1778
2021-07-14,0.44,-0.566,1.18368
2021-07-15,0.43,-0.566,1.18129
2021-07-16,0.43,-0.567,1.18043
2021-07-17,,,1.18043
2021-07-18,,,1.18043
2021-07-19,0.38,-0.566,1.17973
2021-07-20,0.37,-0.567,1.17817
2021-07-21,0.39,-0.568,1.17967
2021-07-22,0.37,-0.563,1.17721
2021-07-23,0.38,-0.567,1.1771
2021-07-24,,,1.1771
2021-07-25,,,1.1771
2021-07-26,0.38,-0.567,1.18027
2021-07-27,0.37,-0.563,1.18183
2021-07-28,0.38,-0.567,1.18452
2021-07-29,0.37,-0.567,1.18886
2021-07-30,0.35,-0.571,1.18611
2021-07-31,,,1.18611
2021-08-01,,,1.18611
2021-08-02,0.33,-0.565,1.18725
2021-08-03,0.33,-0.57,1.18634
2021-08-04,0.34,-0.57,1.18364
2021-08-05,0.38,-0.566,1.18345
2021-08-06,0.42,-0.569,1.17586
2021-08-07,,,1.17586
2021-08-08,,,1.17586
2021-08-09,0.43,-0.568,1.17384
2021-08-10,0.47,-0.567,1.17205
2021-08-11,0.45,-0.567,1.17409
2021-08-12,0.46,-0.568,1.17314
2021-08-13,0.44,-0.569,1.17973
2021-08-14,,,1.17973
2021-08-15,,,1.17973
2021-08-16,0.42,-0.569,1.17774
2021-08-17,0.43,-0.568,1.17111
2021-08-18,0.43,-0.567,1.171
2021-08-19,0.44,-0.567,1.1678
2021-08-20,0.44,-0.567,1.17021
2021-08-21,,,1.17021
2021-08-22,,,1.17021
2021-08-23,0.43,-0.568,1.17462
2021-08-24,0.44,-0.567,1.17564
2021-08-25,0.47,-0.564,1.17709
2021-08-26,0.46,-0.57,1.17544
2021-08-27,0.41,-0.57,1.17964
2021-08-28,,,1.17964
2021-08-29,,,1.17964
2021-08-30,0.4,-0.568,1.17982
2021-08-31,0.4,-0.57,1.18094
2021-09-01,0.42,-0.569,1.18399
2021-09-02,0.42,-0.569,1.18757
2021-09-03,0.42,-0.568,1.18803
2021-09-04,,,1.18803
2021-09-05,,,1.18803
2021-09-06,,-0.569,1.1871
2021-09-07,0.45,-0.569,1.18441
2021-09-08,0.43,-0.569,1.18176
2021-09-09,0.43,-0.57,1.18256
2021-09-10,0.45,-0.57,1.18126
2021-09-11,,,1.18126
2021-09-12,,,1.18126
2021-09-13,0.44,-0.571,1.18112
2021-09-14,0.43,-0.568,1.1806
2021-09-15,0.43,-0.573,1.18161
2021-09-16,0.46,-0.567,1.17685
2021-09-17,0.47,-0.571,1.17305
2021-09-18,,,1.17305
2021-09-19,,,1.17305
2021-09-20,0.45,-0.566,1.17268
2021-09-21,0.46,-0.571,1.17259
2021-09-22,0.48,-0.566,1.16933
2021-09-23,0.53,-0.57,1.17394
2021-09-24,0.55,-0.569,1.17168
2021-09-25,,,1.17168
2021-09-26,,,1.17168
2021-09-27,0.56,-0.571,1.16986
2021-09-28,0.55,-0.573,1.16846
2021-09-29,0.55,-0.572,1.15975
2021-09-30,0.53,-0.58,1.15822
2021-10-01,0.49,-0.571,1.15983
2021-10-02,,,1.15983
2021-10-03,,,1.15983
2021-10-04,0.52,-0.569,1.16196
2021-10-05,0.54,-0.569,1.15968
2021-10-06,0.55,-0.569,1.15549
2021-10-07,0.57,-0.568,1.15566
2021-10-08,0.59,-0.568,1.15713
2021-10-09,,,1.15713
2021-10-10,,,1.15713
2021-10-11,,-0.57,1.15545
2021-10-12,0.64,-0.562,1.1531
2021-10-13,0.66,-0.569,1.15984
2021-10-14,0.62,-0.57,1.15985
2021-10-15,0.7,-0.572,1.16032
2021-10-16,,,1.16032
2021-10-17,,,1.16032
2021-10-18,0.72,-0.574,1.16106
2021-10-19,0.71,-0.573,1.16314
2021-10-20,0.7,-0.571,1.16493
2021-10-21,0.78,-0.573,1.16257
2021-10-22,0.79,-0.569,1.16432
2021-10-23,,,1.16432
2021-10-24,,,1.16432
2021-10-25,0.76,-0.571,1.16117
2021-10-26,0.77,-0.57,1.15932
2021-10-27,0.77,-0.573,1.16026
2021-10-28,0.77,-0.573,1.16821
2021-10-29,0.75,-0.578,1.15596
2021-10-30,,,1.15596
2021-10-31,,,1.15596
2021-11-01,0.79,-0.579,1.16021
2021-11-02,0.73,-0.569,1.15791
2021-11-03,0.77,-0.574,1.16116
2021-11-04,0.69,-0.573,1.15531
2021-11-05,0.66,-0.572,1.15672
2021-11-06,,,1.15672
2021-11-07,,,1.15672
2021-11-08,0.75,-0.575,1.15857
2021-11-09,0.71,-0.575,1.15924
2021-11-10,0.83,-0.576,1.14797
2021-11-11,,-0.575,1.14492
2021-11-12,0.85,-0.572,1.14464
2021-11-13,,,1.14464
2021-11-14,,,1.14464
2021-11-15,0.87,-0.569,1.13663
2021-11-16,0.87,-0.571,1.13217
2021-11-17,0.85,-0.571,1.1318
2021-11-18,0.84,-0.571,1.13717
2021-11-19,0.86,-0.573,1.12884
2021-11-20,,,1.12884
2021-11-21,,,1.12884
2021-11-22,0.95,-0.573,1.12379
2021-11-23,0.95,-0.574,1.12492
2021-11-24,0.97,-0.57,1.12009
2021-11-25,,-0.573,1.1208
2021-11-26,0.81,-0.573,1.1324
2021-11-27,,,1.1324
2021-11-28,,,1.1324
2021-11-29,0.83,-0.573,1.12896
2021-11-30,0.81,-0.575,1.13386
2021-12-01,0.85,-0.574,1.13182
2021-12-02,0.9,-0.575,1.13012
2021-12-03,0.86,-0.578,1.13093
2021-12-04,,,1.13093
2021-12-05,,,1.13093
2021-12-06,0.91,-0.578,1.12828
2021-12-07,0.99,-0.577,1.12686
2021-12-08,0.99,-0.577,1.1342
2021-12-09,0.99,-0.578,1.1293
2021-12-10,0.98,-0.577,1.13172
2021-12-11,,,1.13172
2021-12-12,,,1.13172
2021-12-13,0.95,-0.579,1.1283
2021-12-14,0.98,-0.577,1.12573
2021-12-15,1.0,-0.577,1.12941
2021-12-16,0.92,-0.577,1.1331
2021-12-17,0.93,-0.576,1.12369
2021-12-18,,,1.12369
2021-12-19,,,1.12369
2021-12-20,0.91,-0.576,1.12793
2021-12-21,0.96,-0.571,1.12811
2021-12-22,0.96,-0.574,1.13242
2021-12-23,0.97,-0.576,1.13289
2021-12-24,,-0.58,1.13139
2021-12-25,,,1.13139
2021-12-26,,,1.13139
2021-12-27,0.98,-0.576,1.13269
2021-12-28,0.99,-0.575,1.1307
2021-12-29,0.99,-0.578,1.13483
2021-12-30,0.98,-0.58,1.13239
2021-12-31,0.97,-0.59,1.13761
2022-01-01,,,1.13761
2022-01-02,,,1.13761
2022-01-03,1.04,-0.578,1.12959
2022-01-04,1.02,-0.578,1.12853
2022-01-05,1.1,-0.578,1.13104
2022-01-06,1.15,-0.578,1.12967
2022-01-07,1.17,-0.58,1.13613
2022-01-08,,,1.13613
2022-01-09,,,1.13613
2022-01-10,1.21,-0.579,1.13271
2022-01-11,1.22,-0.579,1.13688
2022-01-12,1.21,-0.578,1.14411
2022-01-13,1.18,-0.578,1.1457
2022-01-14,1.26,-0.578,1.14148
2022-01-15,,,1.14148
2022-01-16,,,1.14148
2022-01-17,,-0.578,1.14082
2022-01-18,1.35,-0.579,1.13278
2022-01-19,1.33,-0.578,1.13424
2022-01-20,1.34,-0.579,1.13125
2022-01-21,1.28,-0.579,1.13416
2022-01-22,,,1.13416
2022-01-23,,,1.13416
2022-01-24,1.25,-0.579,1.13263
2022-01-25,1.28,-0.578,1.13027
2022-01-26,1.39,-0.576,1.12412
2022-01-27,1.43,-0.573,1.11455
2022-01-28,1.38,-0.573,1.11501
2022-01-29,,,1.11501
2022-01-30,,,1.11501
2022-01-31,1.39,-0.579,1.12318
2022-02-01,1.39,-0.578,1.12711
2022-02-02,1.38,-0.578,1.1304
2022-02-03,1.42,-0.577,1.14396
2022-02-04,1.55,-0.578,1.14551
2022-02-05,,,1.14551
2022-02-06,,,1.14551
2022-02-07,1.54,-0.578,1.14418
2022-02-08,1.59,-0.574,1.14176
2022-02-09,1.61,-0.578,1.14215
2022-02-10,1.82,-0.572,1.1428
2022-02-11,1.71,-0.578,1.13421
2022-02-12,,,1.13421
2022-02-13,,,1.13421
2022-02-14,1.8,-0.578,1.13048
2022-02-15,1.8,-0.576,1.13577
2022-02-16,1.75,-0.576,1.13756
2022-02-17,1.7,-0.576,1.1362
2022-02-18,1.68,-0.576,1.1325
2022-02-19,,,1.1325
2022-02-20,,,1.1325
2022-02-21,,-0.576,1.13076
2022-02-22,1.74,-0.575,1.13267
2022-02-23,1.78,-0.576,1.13045
2022-02-24,1.73,-0.576,1.11967
2022-02-25,1.76,-0.575,1.12659
2022-02-26,,,1.12659
2022-02-27,,,1.12659
2022-02-28,1.62,-0.58,1.12205
2022-03-01,1.47,-0.577,1.11195
2022-03-02,1.67,-0.578,1.11195
2022-03-03,1.69,-0.579,1.10662
2022-03-04,1.62,-0.577,1.09349
2022-03-05,,,1.09349
2022-03-06,,,1.09349
2022-03-07,1.68,-0.579,1.08542
2022-03-08,1.78,-0.579,1.09016
2022-03-09,1.83,-0.58,1.10693
2022-03-10,1.88,-0.576,1.09881
2022-03-11,1.91,-0.577,1.09104
2022-03-12,,,1.09104
2022-03-13,,,1.09104
2022-03-14,2.04,-0.577,1.09348
2022-03-15,2.04,-0.573,1.09649
2022-03-16,2.14,-0.577,1.10183
2022-03-17,2.14,-0.578,1.10938
2022-03-18,2.15,-0.578,1.10498
2022-03-19,,,1.10498
2022-03-20,,,1.10498
2022-03-21,2.34,-0.578,1.10208
2022-03-22,2.38,-0.578,1.10321
2022-03-23,2.32,-0.578,1.10023
2022-03-24,2.35,-0.579,1.10056
2022-03-25,2.51,-0.581,1.09835
2022-03-26,,,1.09835
2022-03-27,,,1.09835
2022-03-28,2.55,-0.58,1.09869
2022-03-29,2.54,-0.579,1.10879
2022-03-30,2.49,-0.579,1.11585
2022-03-31,2.45,-0.593,1.10673
2022-04-01,2.61,-0.582,1.10477
2022-04-02,,,1.10477
2022-04-03,,,1.10477
2022-04-04,2.61,-0.585,1.09735
2022-04-05,2.69,-0.586,1.09063
2022-04-06,2.67,-0.584,1.08979
2022-04-07,2.66,-0.582,1.08794
2022-04-08,2.73,-0.583,1.08777
2022-04-09,,,1.08777
2022-04-10,,,1.08777
2022-04-11,2.73,-0.584,1.08841
2022-04-12,2.58,-0.583,1.08284
2022-04-13,2.57,-0.585,1.089
2022-04-14,2.67,-0.586,1.08288
2022-04-15,,,1.08288
2022-04-16,,,1.08288
2022-04-17,,,1.08288
2022-04-18,2.68,,1.07777
2022-04-19,2.81,-0.58,1.079
2022-04-20,2.79,-0.583,1.08499
2022-04-21,2.87,-0.585,1.08366
2022-04-22,2.88,-0.583,1.0793
2022-04-23,,,1.0793
2022-04-24,,,1.0793
2022-04-25,2.79,-0.585,1.07135
2022-04-26,2.72,-0.582,1.06395
2022-04-27,2.75,-0.583,1.05555
2022-04-28,2.8,-0.583,1.05
2022-04-29,2.87,-0.586,1.05488
2022-04-30,,,1.05488
2022-05-01,,,1.05488
2022-05-02,2.93,-0.583,1.05077
2022-05-03,2.95,-0.579,1.05255
2022-05-04,2.85,-0.585,1.06248
2022-05-05,2.91,-0.585,1.05416
2022-05-06,2.94,-0.585,1.0548
2022-05-07,,,1.0548
2022-05-08,,,1.0548
2022-05-09,2.81,-0.586,1.05587
2022-05-10,2.81,-0.584,1.05299
2022-05-11,2.81,-0.584,1.05154
2022-05-12,2.73,-0.577,1.03808
2022-05-13,2.79,-0.586,1.04017
2022-05-14,,,1.04017
2022-05-15,,,1.04017
2022-05-16,2.75,-0.585,1.04366
2022-05-17,2.89,-0.585,1.05499
2022-05-18,2.84,-0.585,1.0463
2022-05-19,2.78,-0.585,1.05837
2022-05-20,2.73,-0.585,1.05573
2022-05-21,,,1.05573
2022-05-22,,,1.05573
2022-05-23,2.8,-0.586,1.06897
2022-05-24,2.66,-0.587,1.07332
2022-05-25,2.63,-0.587,1.06812
2022-05-26,2.63,-0.59,1.07317
2022-05-27,2.64,-0.585,1.07336
2022-05-28,,,1.07336
2022-05-29,,,1.07336
2022-05-30,,-0.586,1.07775
2022-05-31,2.71,-0.589,1.07331
2022-06-01,2.84,-0.582,1.06527
2022-06-02,2.83,-0.585,1.07479
2022-06-03,2.87,-0.587,1.07207
2022-06-04,,,1.07207
2022-06-05,,,1.07207
2022-06-06,2.94,-0.59,1.06949
2022-06-07,2.91,-0.583,1.07059
2022-06-08,2.94,-0.582,1.07172
2022-06-09,2.99,-0.582,1.06187
2022-06-10,3.21,-0.581,1.05188
2022-06-11,,,1.05188
2022-06-12,,,1.05188
2022-06-13,3.56,-0.58,1.04091
2022-06-14,3.6,-0.578,1.04157
2022-06-15,3.35,-0.58,1.04468
2022-06-16,3.33,-0.582,1.0556
2022-06-17,3.35,-0.582,1.04939
2022-06-18,,,1.04939
2022-06-19,,,1.04939
2022-06-20,,-0.581,1.05124
2022-06-21,3.35,-0.582,1.05356
2022-06-22,3.2,-0.579,1.05649
2022-06-23,3.12,-0.578,1.05224
2022-06-24,3.13,-0.58,1.0559
2022-06-25,,,1.0559
2022-06-26,,,1.0559
2022-06-27,3.21,-0.579,1.0585
2022-06-28,3.21,-0.581,1.05221
2022-06-29,3.13,-0.578,1.04417
2022-06-30,2.99,-0.591,1.04807
2022-07-01,2.85,-0.58,1.04291
2022-07-02,,,1.04291
2022-07-03,,,1.04291
2022-07-04,,-0.58,1.04216
2022-07-05,2.82,-0.58,1.02655
2022-07-06,2.99,-0.58,1.01839
2022-07-07,3.05,-0.579,1.01625
2022-07-08,3.14,-0.579,1.01782
2022-07-09,,,1.01782
2022-07-10,,,1.01782
2022-07-11,3.09,-0.58,1.00381
2022-07-12,3.07,-0.58,1.00355
2022-07-13,3.14,-0.581,1.00568
2022-07-14,3.16,-0.582,1.00189
2022-07-15,3.14,-0.582,1.00824
2022-07-16,,,1.00824
2022-07-17,,,1.00824
2022-07-18,3.15,-0.582,1.01459
2022-07-19,3.22,-0.583,1.02283
2022-07-20,3.25,-0.582,1.01796
2022-07-21,3.07,-0.584,1.0228
2022-07-22,2.93,-0.582,1.02115
2022-07-23,,,1.02115
2022-07-24,,,1.02115
2022-07-25,2.98,-0.583,1.02212
2022-07-26,3.01,-0.581,1.01191
2022-07-27,2.93,-0.085,1.02011
2022-07-28,2.81,-0.087,1.01955
2022-07-29,2.83,-0.091,1.02209
2022-07-30,,,1.02209
2022-07-31,,,1.02209
2022-08-01,2.82,-0.088,1.02589
2022-08-02,3.02,-0.087,1.01645
2022-08-03,3.04,-0.087,1.01697
2022-08-04,2.95,-0.084,1.0246
2022-08-05,3.18,-0.085,1.01784
2022-08-06,,,1.01784
2022-08-07,,,1.01784
2022-08-08,3.14,-0.085,1.01942
2022-08-09,3.2,-0.085,1.02136
2022-08-10,3.13,-0.086,1.03
2022-08-11,3.16,-0.085,1.03233
2022-08-12,3.18,-0.088,1.02605
2022-08-13,,,1.02605
2022-08-14,,,1.02605
2022-08-15,3.14,-0.088,1.01617
2022-08-16,3.19,-0.087,1.01683
2022-08-17,3.27,-0.087,1.01773
2022-08-18,3.23,-0.084,1.00876
2022-08-19,3.28,-0.084,1.00405
2022-08-20,,,1.00405
2022-08-21,,,1.00405
2022-08-22,3.36,-0.082,0.99441
2022-08-23,3.35,-0.08,0.99699
2022-08-24,3.4,-0.082,0.99685
2022-08-25,3.37,-0.08,0.99766
2022-08-26,3.4,-0.08,0.99657
2022-08-27,,,0.99657
2022-08-28,,,0.99657
2022-08-29,3.45,-0.081,0.99993
2022-08-30,3.47,-0.084,1.00172
2022-08-31,3.46,-0.091,1.0051
2022-09-01,3.54,-0.084,0.99459
2022-09-02,3.44,-0.083,0.99535
2022-09-03,,,0.99535
2022-09-04,,,0.99535
2022-09-05,,-0.087,0.9931
2022-09-06,3.55,-0.085,0.99042
2022-09-07,3.5,-0.076,1.0008
2022-09-08,3.54,-0.086,0.99976
2022-09-09,3.61,-0.085,1.00456
2022-09-10,,,1.00456
2022-09-11,,,1.00456
2022-09-12,3.6,-0.086,1.01204
2022-09-13,3.75,-0.083,0.99665
2022-09-14,3.79,0.662,0.99808
2022-09-15,3.85,0.66,0.99964
2022-09-16,3.81,0.66,1.00131
2022-09-17,,,1.00131
2022-09-18,,,1.00131
2022-09-19,3.9,0.657,1.00273
2022-09-20,3.94,0.659,0.99706
2022-09-21,3.98,0.661,0.98409
2022-09-22,4.12,0.661,0.98372
2022-09-23,4.21,0.662,0.96917
2022-09-24,,,0.96917
2022-09-25,,,0.96917
2022-09-26,4.37,0.663,0.96096
2022-09-27,4.39,0.662,0.95957
2022-09-28,4.12,0.662,0.97345
2022-09-29,4.19,0.661,0.98184
2022-09-30,4.25,0.642,0.98004
2022-10-01,,,0.98004
2022-10-02,,,0.98004
2022-10-03,4.12,0.656,0.98231
2022-10-04,4.08,0.657,0.99843
2022-10-05,4.17,0.652,0.98849
2022-10-06,4.24,0.655,0.97945
2022-10-07,4.33,0.656,0.9738
2022-10-08,,,0.9738
2022-10-09,,,0.9738
2022-10-10,,0.655,0.97032
2022-10-11,4.31,0.657,0.9705
2022-10-12,4.29,0.658,0.97058
2022-10-13,4.44,0.658,0.97764
2022-10-14,4.47,0.657,0.97267
2022-10-15,,,0.97267
2022-10-16,,,0.97267
2022-10-17,4.45,0.658,0.98409
2022-10-18,4.43,0.657,0.98625
2022-10-19,4.56,0.656,0.97735
2022-10-20,4.66,0.656,0.97858
2022-10-21,4.52,0.657,0.98616
2022-10-22,,,0.98616
2022-10-23,,,0.98616
2022-10-24,4.52,0.658,0.98719
2022-10-25,4.45,0.656,0.99668
2022-10-26,4.41,0.656,1.00814
2022-10-27,4.29,0.657,0.99671
2022-10-28,4.38,0.656,0.99661
2022-10-29,,,0.99661
2022-10-30,,,0.99661
2022-10-31,4.45,0.648,0.98849
2022-11-01,4.48,0.659,0.987449
2022-11-02,4.54,1.403,0.9815
2022-11-03,4.63,1.403,0.97516
2022-11-04,4.58,1.401,0.99587
2022-11-05,,,0.99587
2022-11-06,,,0.99587
2022-11-07,4.63,1.4,1.0018
2022-11-08,4.55,1.4,1.00737
2022-11-09,4.49,1.4,1.00118
2022-11-10,4.17,1.402,1.01979
2022-11-11,,1.404,1.03581
2022-11-12,,,1.03581
2022-11-13,,,1.03581
2022-11-14,4.24,1.401,1.03229
2022-11-15,4.17,1.4,1.03458
2022-11-16,4.13,1.401,1.03944
2022-11-17,4.22,1.402,1.03642
2022-11-18,4.28,1.403,1.03238
2022-11-19,,,1.03238
2022-11-20,,,1.03238
2022-11-21,4.32,1.403,1.02424
2022-11-22,4.27,1.404,1.03046
2022-11-23,4.23,1.405,1.03961
2022-11-24,,1.405,1.04092
2022-11-25,4.2,1.403,1.04095
2022-11-26,,,1.04095
2022-11-27,,,1.04095
2022-11-28,4.22,1.403,1.03424
2022-11-29,4.24,1.402,1.03286
2022-11-30,4.13,1.391,1.04096
2022-12-01,3.98,1.4,1.05233
2022-12-02,3.99,1.4,1.0533
2022-12-03,,,1.0533
2022-12-04,,,1.0533
2022-12-05,4.13,1.398,1.04948
2022-12-06,4.07,1.406,1.04661
2022-12-07,3.97,1.399,1.05088
2022-12-08,4.04,1.4,1.0557
2022-12-09,4.07,1.4,1.05307
2022-12-10,,,1.05307
2022-12-11,,,1.05307
2022-12-12,4.1,1.4,1.05366
2022-12-13,3.96,1.4,1.0633
2022-12-14,3.94,1.402,1.06815
2022-12-15,3.96,1.403,1.06302
2022-12-16,3.91,1.402,1.05925
2022-12-17,,,1.05925
2022-12-18,,,1.05925
2022-12-19,3.99,1.403,1.06085
2022-12-20,4.03,1.403,1.06245
2022-12-21,4.0,1.902,1.06061
2022-12-22,4.02,1.904,1.05988
2022-12-23,4.09,1.907,1.06165
2022-12-24,,,1.06165
2022-12-25,,,1.06165
2022-12-26,,,1.06165
2022-12-27,4.17,1.906,1.06412
2022-12-28,4.18,1.906,1.06166
2022-12-29,4.16,1.905,1.06619
2022-12-30,4.22,1.89,1.07049
2022-12-31,,,1.07049
2023-01-01,,,1.07049
2023-01-02,,1.906,1.06666
2023-01-03,4.18,1.904,1.05482
2023-01-04,4.11,1.904,1.0607
2023-01-05,4.18,1.9,1.05219
2023-01-06,3.96,1.898,1.06461
2023-01-07,,,1.06461
2023-01-08,,,1.06461
2023-01-09,3.93,1.9,1.0733
2023-01-10,3.94,1.9,1.07365
2023-01-11,3.9,1.9,1.07581
2023-01-12,3.79,1.9,1.0849
2023-01-13,3.88,1.901,1.0832
2023-01-14,,,1.0832
2023-01-15,,,1.0832
2023-01-16,,1.902,1.08235
2023-01-17,3.86,1.901,1.07921
2023-01-18,3.72,1.902,1.0792
2023-01-19,3.76,1.903,1.08311
2023-01-20,3.83,1.903,1.08565
2023-01-21,,,1.08565
2023-01-22,,,1.08565
2023-01-23,3.88,1.902,1.08709
2023-01-24,3.86,1.904,1.08869
2023-01-25,3.84,1.904,1.09146
2023-01-26,3.88,1.904,1.08912
2023-01-27,3.9,1.906,1.08655
2023-01-28,,,1.08655
2023-01-29,,,1.08655
2023-01-30,3.96,1.904,1.08513
2023-01-31,3.9,1.894,1.08621
2023-02-01,3.75,1.901,1.09885
2023-02-02,3.75,1.902,1.09088
2023-02-03,3.96,1.898,1.07935
2023-02-04,,,1.07935
2023-02-05,,,1.07935
2023-02-06,4.1,1.901,1.07275
2023-02-07,4.11,1.902,1.07297
2023-02-08,4.08,2.401,1.07133
2023-02-09,4.15,2.401,1.074
2023-02-10,4.19,2.401,1.06793
2023-02-11,,,1.06793
2023-02-12,,,1.06793
2023-02-13,4.22,2.4,1.07248
2023-02-14,4.32,2.4,1.07349
2023-02-15,4.35,2.405,1.0689
2023-02-16,4.35,2.4,1.06704
2023-02-17,4.33,2.398,1.06947
2023-02-18,,,1.06947
2023-02-19,,,1.06947
2023-02-20,,2.4,1.06855
2023-02-21,4.44,2.398,1.06485
2023-02-22,4.43,2.399,1.06057
2023-02-23,4.4,2.399,1.05959
2023-02-24,4.52,2.398,1.05472
2023-02-25,,,1.05472
2023-02-26,,,1.05472
2023-02-27,4.49,2.398,1.06067
2023-02-28,4.51,2.388,1.05795
2023-03-01,4.61,2.398,1.06694
2023-03-02,4.63,2.399,1.05983
2023-03-03,4.6,2.4,1.06351
2023-03-04,,,1.06351
2023-03-05,,,1.06351
2023-03-06,4.61,2.399,1.06826
2023-03-07,4.66,2.398,1.05522
2023-03-08,4.71,2.399,1.0544
2023-03-09,4.56,2.401,1.05825
2023-03-10,4.31,2.403,1.06372
2023-03-11,,,1.06372
2023-03-12,,,1.06372
2023-03-13,3.88,2.401,1.07275
2023-03-14,4.05,2.401,1.07325
2023-03-15,3.83,2.4,1.05787
2023-03-16,3.99,2.399,1.06125
2023-03-17,3.68,2.402,1.06662
2023-03-18,,,1.06662
2023-03-19,,,1.06662
2023-03-20,3.77,2.398,1.07227
2023-03-21,3.98,2.399,1.07701
2023-03-22,3.76,2.898,1.0858
2023-03-23,3.57,2.899,1.08337
2023-03-24,3.58,2.899,1.07596
2023-03-25,,,1.07596
2023-03-26,,,1.07596
2023-03-27,3.79,2.898,1.07976
2023-03-28,3.84,2.894,1.0842
2023-03-29,3.87,2.894,1.08418
2023-03-30,3.87,2.896,1.09068
2023-03-31,3.81,2.884,1.08456
2023-04-01,,,1.08456
2023-04-02,,,1.08456
2023-04-03,3.73,2.898,1.09023
2023-04-04,3.6,2.898,1.09553
2023-04-05,3.55,2.902,1.09065
2023-04-06,3.59,2.903,1.09185
2023-04-07,3.72,,1.09185
2023-04-08,,,1.09185
2023-04-09,,,1.09185
2023-04-10,3.75,,1.08603
2023-04-11,3.76,2.897,1.09119
2023-04-12,3.68,2.898,1.0992
2023-04-13,3.7,2.899,1.10464
2023-04-14,3.83,2.896,1.09967
2023-04-15,,,1.09967
2023-04-16,,,1.09967
2023-04-17,3.92,2.897,1.0927
2023-04-18,3.92,2.901,1.09725
2023-04-19,3.97,2.902,1.09566
2023-04-20,3.87,2.904,1.09691
2023-04-21,3.89,2.902,1.09899
2023-04-22,,,1.09899
2023-04-23,,,1.09899
2023-04-24,3.84,2.905,1.10459
2023-04-25,3.62,2.901,1.0975
2023-04-26,3.65,2.9,1.10418
2023-04-27,3.82,2.9,1.10259
2023-04-28,3.75,2.894,1.10198
2023-04-29,,,1.10198
2023-04-30,,,1.10198
2023-05-01,3.85,,1.09769
2023-05-02,3.67,2.896,1.10022
2023-05-03,3.58,2.896,1.10632
2023-05-04,3.47,2.897,1.10144
2023-05-05,3.63,2.898,1.10181
2023-05-06,,,1.10181
2023-05-07,,,1.10181
2023-05-08,3.7,2.892,1.10046
2023-05-09,3.67,2.894,1.0964
2023-05-10,,3.145,1.09834
2023-05-11,,3.145,1.09175
2023-05-12,,3.148,1.08521
2023-05-13,,,1.08521
2023-05-14,,,1.08521
2023-05-15,,3.145,1.0875
2023-05-16,,3.147,1.08624
2023-05-17,,3.151,1.084
2023-05-18,,3.153,1.07711
2023-05-19,,3.151,1.08065
2023-05-20,,,1.08065
2023-05-21,,,1.08065
2023-05-22,,3.15,1.08125
2023-05-23,,3.157,1.07734
2023-05-24,,3.148,1.07504
2023-05-25,,3.148,1.07285
2023-05-26,,3.152,1.07298
2023-05-27,,,1.07298
2023-05-28,,,1.07298
2023-05-29,,3.147,1.07107
2023-05-30,,3.148,1.07336
2023-05-31,,3.144,1.06871
2023-06-01,,3.147,1.07602
2023-06-02,,3.148,1.07081
2023-06-03,,,1.07081
2023-06-04,,,1.07081
2023-06-05,,3.148,1.0713
2023-06-06,,3.145,1.06947
2023-06-07,,3.144,1.06988
2023-06-08,,3.146,1.07826
2023-06-09,,3.147,1.07442
2023-06-10,,,1.07442
2023-06-11,,,1.07442
2023-06-12,,3.147,1.07577
2023-06-13,,3.147,1.07898
2023-06-14,,3.15,1.08325
2023-06-15,,3.147,1.0943
2023-06-16,,3.144,1.09352
2023-06-17,,,1.09352
2023-06-18,,,1.09352
2023-06-19,,3.144,1.09225
2023-06-20,,3.144,1.09181
2023-06-21,,3.395,1.09856
2023-06-22,,3.397,1.09565
2023-06-23,,3.4,1.08909
2023-06-24,,,1.08909
2023-06-25,,,1.08909
2023-06-26,,3.4,1.09069
2023-06-27,,3.397,1.09606
2023-06-28,,3.4,1.09147
2023-06-29,,3.4,1.08646
2023-06-30,,3.4,1.09132
2023-07-01,,,1.09132
2023-07-02,,,1.09132
2023-07-03,,3.399,1.09116
2023-07-04,,3.401,1.08796
2023-07-05,,3.404,1.08565
2023-07-06,,3.406,1.0889
2023-07-07,,3.406,1.0967
2023-07-08,,,1.0967
2023-07-09,,,1.0967
2023-07-10,,3.402,1.10004
2023-07-11,,3.404,1.10074
2023-07-12,,3.404,1.11295
2023-07-13,,3.401,1.12252
2023-07-14,,3.402,1.12261
2023-07-15,,,1.12261
2023-07-16,,,1.12261
2023-07-17,,3.4,1.12375
2023-07-18,,3.399,1.12292
2023-07-19,,3.4,1.12007
2023-07-20,,3.403,1.11351
2023-07-21,,3.404,1.11254
2023-07-22,,,1.11254
2023-07-23,,,1.11254
2023-07-24,,3.405,1.10649
2023-07-25,,3.405,1.1058
2023-07-26,,3.402,1.1087
2023-07-27,,3.403,1.09775
2023-07-28,,3.404,1.1023
2023-07-29,,,1.1023
2023-07-30,,,1.1023
2023-07-31,,3.392,1.09985
2023-08-01,,3.404,1.10187
2023-08-02,,3.655,1.09391
2023-08-03,,3.653,1.09495
2023-08-04,,3.653,1.10074
2023-08-05,,,1.10074
2023-08-06,,,1.10074
2023-08-07,,3.653,1.10041
2023-08-08,,3.652,1.09552
2023-08-09,,3.649,1.09768
2023-08-10,,3.652,1.09839
2023-08-11,,3.653,1.09467
2023-08-12,,,1.09467
2023-08-13,,,1.09467
2023-08-14,,3.656,1.09059
2023-08-15,,3.657,1.09046
2023-08-16,,3.654,1.08821
2023-08-17,,3.654,1.08716
2023-08-18,,3.655,1.08726
2023-08-19,,,1.08726
2023-08-20,,,1.08726
2023-08-21,,3.654,1.08966
2023-08-22,,3.655,1.08454
2023-08-23,,3.652,1.08626
2023-08-24,,3.649,1.08129
2023-08-25,,3.652,1.08026
2023-08-26,,,1.08026
2023-08-27,,,1.08026
2023-08-28,,3.651,1.08195
2023-08-29,,3.652,1.08792
2023-08-30,,3.652,1.09257
2023-08-31,,3.646,1.08423
2023-09-01,,3.652,1.07747
2023-09-02,,,1.07747
2023-09-03,,,1.07747
2023-09-04,,3.652,1.07948
2023-09-05,,3.651,1.07231
2023-09-06,,3.652,1.07247
2023-09-07,,3.652,1.06978
2023-09-08,,3.653,1.06995
2023-09-09,,,1.06995
2023-09-10,,,1.06995
2023-09-11,,3.652,1.07505
2023-09-12,,3.654,1.07599
2023-09-13,,3.652,1.07301
2023-09-14,,3.653,1.0643
2023-09-15,,3.65,1.06597
2023-09-16,,,1.06597
2023-09-17,,,1.06597
2023-09-18,,3.648,1.06925
2023-09-19,,3.651,1.06799
2023-09-20,,3.901,1.06637
2023-09-21,,3.902,1.0659
2023-09-22,,3.905,1.06442
2023-09-23,,,1.06442
2023-09-24,,,1.06442
2023-09-25,,3.904,1.05923
2023-09-26,,3.904,1.05711
2023-09-27,,3.905,1.05061
2023-09-28,,3.906,1.05652
2023-09-29,,3.88,1.05727
2023-09-30,,,1.05727
2023-10-01,,,1.05727
2023-10-02,,3.899,1.04793
2023-10-03,,3.9,1.04654
2023-10-04,,3.901,1.05063
2023-10-05,,3.9,1.05485
2023-10-06,,3.899,1.05895
2023-10-07,,,1.05895
2023-10-08,,,1.05895
2023-10-09,,3.9,1.05663
2023-10-10,,3.899,1.06053
2023-10-11,,3.901,1.06201
2023-10-12,,3.901,1.0531
2023-10-13,,3.903,1.05135
2023-10-14,,,1.05135
2023-10-15,,,1.05135
2023-10-16,,3.902,1.05593
2023-10-17,,3.904,1.05786
2023-10-18,,3.903,1.05362
2023-10-19,,3.905,1.05825
2023-10-20,,3.905,1.05924
2023-10-21,,,1.05924
2023-10-22,,,1.05924
2023-10-23,,3.905,1.06683
2023-10-24,,3.904,1.05925
2023-10-25,,3.9,1.05677
2023-10-26,,3.901,1.05613
2023-10-27,,3.903,1.05706
2023-10-28,,,1.05706
2023-10-29,,,1.05706
2023-10-30,,3.899,1.06121
2023-10-31,,3.882,1.05794
2023-11-01,,3.9,1.05784
2023-11-02,,3.903,1.06174
2023-11-03,,3.902,1.07316
2023-11-04,,,1.07316
2023-11-05,,,1.07316
2023-11-06,,3.9,1.07215
2023-11-07,,3.902,1.06988
2023-11-08,,3.902,1.0708
2023-11-09,,3.902,1.06699
2023-11-10,,3.904,1.06851
2023-11-11,,,1.06851
2023-11-12,,,1.06851
2023-11-13,,3.903,1.06994
2023-11-14,,3.902,1.08747
2023-11-15,,3.899,1.08496
2023-11-16,,3.906,1.08536
2023-11-17,,3.902,1.09083
2023-11-18,,,1.09083
2023-11-19,,,1.09083
2023-11-20,,3.903,1.09418
2023-11-21,,3.901,1.09113
2023-11-22,,3.902,1.08866
2023-11-23,,3.902,1.09066
2023-11-24,,3.904,1.09448
2023-11-25,,,1.09448
2023-11-26,,,1.09448
2023-11-27,,3.903,1.09545
2023-11-28,,3.903,1.09938
2023-11-29,,3.902,1.0972
2023-11-30,,3.891,1.08918
2023-12-01,,3.904,1.08795
2023-12-02,,,1.08795
2023-12-03,,,1.08795
2023-12-04,,3.904,1.08352
2023-12-05,,3.905,1.07976
2023-12-06,,3.904,1.07683
2023-12-07,,3.903,1.07934
2023-12-08,,3.903,1.07636
2023-12-09,,,1.07636
2023-12-10,,,1.07636
2023-12-11,,3.902,1.07648
2023-12-12,,3.905,1.07962
2023-12-13,,3.905,1.08779
2023-12-14,,3.907,1.09922
2023-12-15,,3.904,1.08946
2023-12-16,,,1.08946
2023-12-17,,,1.08946
2023-12-18,,3.901,1.09226
2023-12-19,,3.901,1.09837
2023-12-20,,3.901,1.09436
2023-12-21,,3.899,1.10081
2023-12-22,,3.899,1.10127
2023-12-23,,,1.10127
2023-12-24,,,1.10127
2023-12-25,,,1.10127
2023-12-26,,,1.10415
2023-12-27,,3.9,1.1106
2023-12-28,,3.9,1.10623
2023-12-29,,3.882,1.1041
2023-12-30,,,1.1041
2023-12-31,,,1.1041
2024-01-01,,,1.1041
2024-01-02,,3.906,1.09414
2024-01-03,,3.904,1.09215
2024-01-04,,3.902,1.09476
2024-01-05,,3.905,1.09395
2024-01-06,,,1.09395
2024-01-07,,,1.09395
2024-01-08,,3.904,1.09507
2024-01-09,,3.904,1.0929
2024-01-10,,3.906,1.09726
2024-01-11,,3.905,1.09728
2024-01-12,,3.904,1.09514
2024-01-13,,,1.09514
2024-01-14,,,1.09514
2024-01-15,,3.902,1.09497
2024-01-16,,3.905,1.08768
2024-01-17,,3.904,1.08819
2024-01-18,,3.907,1.08741
2024-01-19,,3.904,1.08951
2024-01-20,,,1.08951
2024-01-21,,,1.08951
2024-01-22,,3.902,1.08819
2024-01-23,,3.902,1.08538
2024-01-24,,3.905,1.08858
2024-01-25,,3.905,1.08471
2024-01-26,,3.904,1.08545
2024-01-27,,,1.08545
2024-01-28,,,1.08545
2024-01-29,,3.907,1.08338
2024-01-30,,3.907,1.08439
2024-01-31,,3.894,1.0814
2024-02-01,,3.905,1.08729
2024-02-02,,3.906,1.07934
2024-02-03,,,1.07934
2024-02-04,,,1.07934
2024-02-05,,3.907,1.07435
2024-02-06,,3.908,1.07546
2024-02-07,,3.908,1.07725
2024-02-08,,3.908,1.07766
2024-02-09,,3.91,1.07864
2024-02-10,,,1.07864
2024-02-11,,,1.07864
2024-02-12,,3.909,1.07727
2024-02-13,,3.909,1.07107
2024-02-14,,3.911,1.07274
2024-02-15,,3.911,1.0773
2024-02-16,,3.909,1.07767
2024-02-17,,,1.07767
2024-02-18,,,1.07767
2024-02-19,,3.91,1.07793
2024-02-20,,3.911,1.08096
2024-02-21,,3.91,1.08199
2024-02-22,,3.909,1.0822
2024-02-23,,3.907,1.08224
2024-02-24,,,1.08224
2024-02-25,,,1.08224
2024-02-26,,3.904,1.08505
2024-02-27,,3.905,1.08451
2024-02-28,,3.906,1.08387
2024-02-29,,3.887,1.08053
2024-03-01,,3.904,1.08375
2024-03-02,,,1.08375
2024-03-03,,,1.08375
2024-03-04,,3.903,1.08542
2024-03-05,,3.911,1.0857
2024-03-06,,3.905,1.08983
2024-03-07,,3.908,1.09472
2024-03-08,,3.907,1.09365
2024-03-09,,,1.09365
2024-03-10,,,1.09365
2024-03-11,,3.904,1.09254
2024-03-12,,3.905,1.09277
2024-03-13,,3.907,1.09489
2024-03-14,,3.908,1.08843
2024-03-15,,3.909,1.08886
2024-03-16,,,1.08886
2024-03-17,,,1.08886
2024-03-18,,3.909,1.0872
2024-03-19,,3.908,1.08657
2024-03-20,,3.908,1.09324
2024-03-21,,3.907,1.0862
2024-03-22,,3.909,1.08076
2024-03-23,,,1.08076
2024-03-24,,,1.08076
2024-03-25,,3.909,1.08372
2024-03-26,,3.906,1.08328
2024-03-27,,3.906,1.08137
2024-03-28,,3.899,1.07883
2024-03-29,,,1.07883
2024-03-30,,,1.07883
2024-03-31,,,1.07883
2024-04-01,,,1.07438
2024-04-02,,3.906,1.07737
2024-04-03,,3.911,1.08335
2024-04-04,,3.912,1.0838
2024-04-05,,3.907,1.08354
2024-04-06,,,1.08354
2024-04-07,,,1.08354
2024-04-08,,3.908,1.08597
2024-04-09,,3.909,1.08581
2024-04-10,,3.907,1.07429
2024-04-11,,3.907,1.07264
2024-04-12,,3.91,1.06382
2024-04-13,,,1.06382
2024-04-14,,,1.06382
2024-04-15,,3.907,1.06247
2024-04-16,,3.911,1.06169
2024-04-17,,3.908,1.06715
2024-04-18,,3.909,1.06439
2024-04-19,,3.91,1.06549
2024-04-20,,,1.06549
2024-04-21,,,1.06549
2024-04-22,,3.91,1.0652
2024-04-23,,3.908,1.07028
2024-04-24,,3.911,1.06973
2024-04-25,,3.909,1.07291
2024-04-26,,3.907,1.07001
2024-04-27,,,1.07001
2024-04-28,,,1.07001
2024-04-29,,3.906,1.07211
2024-04-30,,3.889,1.06689
2024-05-01,,,1.07124
2024-05-02,,3.91,1.07249
2024-05-03,,3.908,1.07643
2024-05-04,,,1.07643
2024-05-05,,,1.07643
2024-05-06,,3.909,1.07692
2024-05-07,,3.906,1.0756
2024-05-08,,3.905,1.07491
2024-05-09,,3.901,1.07814
2024-05-10,,3.906,1.07721
2024-05-11,,,1.07721
2024-05-12,,,1.07721
2024-05-13,,3.907,1.07897
2024-05-14,,3.907,1.08181
2024-05-15,,3.908,1.0884
2024-05-16,,3.904,1.08674
2024-05-17,,3.901,1.08727
2024-05-18,,,1.08727
2024-05-19,,,1.08727
2024-05-20,,3.904,1.08599
2024-05-21,,3.912,1.08558
2024-05-22,,3.91,1.08243
2024-05-23,,3.912,1.0815
2024-05-24,,3.91,1.0849
2024-05-25,,,1.0849
2024-05-26,,,1.0849
2024-05-27,,3.911,1.0858
2024-05-28,,3.909,1.08584
2024-05-29,,3.909,1.08036
2024-05-30,,3.91,1.0834
2024-05-31,,3.892,1.08511
2024-06-01,,,1.08511
2024-06-02,,,1.08511
2024-06-03,,3.913,1.09035
2024-06-04,,3.911,1.08802
2024-06-05,,3.913,1.08709
2024-06-06,,3.911,1.08901
2024-06-07,,3.912,1.08007
2024-06-08,,,1.08007
2024-06-09,,,1.08007
2024-06-10,,3.912,1.07656
2024-06-11,,3.909,1.07424
2024-06-12,,3.662,1.0813
2024-06-13,,3.661,1.07395
2024-06-14,,3.662,1.0706
2024-06-15,,,1.0706
2024-06-16,,,1.0706
2024-06-17,,3.662,1.07324
2024-06-18,,3.666,1.07409
2024-06-19,,3.663,1.07451
2024-06-20,,3.663,1.07046
2024-06-21,,3.664,1.06922
2024-06-22,,,1.06922
2024-06-23,,,1.06922
2024-06-24,,3.663,1.07336
2024-06-25,,3.663,1.07134
2024-06-26,,3.661,1.06805
2024-06-27,,3.662,1.07053
2024-06-28,,3.656,1.07111
2024-06-29,,,1.07111
2024-06-30,,,1.07111
2024-07-01,,3.665,1.07394
2024-07-02,,3.662,1.07456
2024-07-03,,3.663,1.07867
2024-07-04,,3.663,1.08116
2024-07-05,,3.663,1.08415
2024-07-06,,,1.08415
2024-07-07,,,1.08415
2024-07-08,,3.662,1.08265
2024-07-09,,3.662,1.08148
2024-07-10,,3.663,1.08298
2024-07-11,,3.662,1.08669
2024-07-12,,3.661,1.09063
2024-07-13,,,1.09063
2024-07-14,,,1.09063
2024-07-15,,3.661,1.08958
2024-07-16,,3.662,1.08994
2024-07-17,,3.662,1.09386
2024-07-18,,3.663,1.08975
2024-07-19,,3.663,1.08795
2024-07-20,,,1.08795
2024-07-21,,,1.08795
2024-07-22,,3.664,1.08904
2024-07-23,,3.665,1.08546
2024-07-24,,3.665,1.08405
2024-07-25,,3.665,1.08457
2024-07-26,,3.663,1.08579
2024-07-27,,,1.08579
2024-07-28,,,1.08579
2024-07-29,,3.663,1.08234
2024-07-30,,3.665,1.08144
2024-07-31,,3.653,1.08271
2024-08-01,,3.664,1.07919
2024-08-02,,3.664,1.09131
2024-08-03,,,1.09131
2024-08-04,,,1.09131
2024-08-05,,3.664,1.09535
2024-08-06,,3.663,1.09291
2024-08-07,,3.663,1.0924
2024-08-08,,3.665,1.09172
2024-08-09,,3.663,1.09189
2024-08-10,,,1.09189
2024-08-11,,,1.09189
2024-08-12,,3.664,1.0932
2024-08-13,,3.664,1.09922
2024-08-14,,3.662,1.1013
2024-08-15,,3.662,1.09735
2024-08-16,,3.664,1.10247
2024-08-17,,,1.10247
2024-08-18,,,1.10247
2024-08-19,,3.664,1.10841
2024-08-20,,3.664,1.11295
2024-08-21,,3.663,1.11483
2024-08-22,,3.664,1.11117
2024-08-23,,3.664,1.11915
2024-08-24,,,1.11915
2024-08-25,,,1.11915
2024-08-26,,3.665,1.11611
2024-08-27,,3.665,1.11838
2024-08-28,,3.666,1.11201
2024-08-29,,3.664,1.10788
2024-08-30,,3.654,1.10535
2024-08-31,,,1.10535
2024-09-01,,,1.10535
2024-09-02,,3.664,1.10706
2024-09-03,,3.663,1.10456
2024-09-04,,3.663,1.10831
2024-09-05,,3.662,1.11093
2024-09-06,,3.663,1.10885
2024-09-07,,,1.10885
2024-09-08,,,1.10885
2024-09-09,,3.663,1.10376
2024-09-10,,3.664,1.10196
2024-09-11,,3.664,1.1013
2024-09-12,,3.664,1.10743
2024-09-13,,3.663,1.10782
2024-09-14,,,1.10782
2024-09-15,,,1.10782
2024-09-16,,3.662,1.11318
2024-09-17,,3.665,1.11143
2024-09-18,,3.416,1.11174
2024-09-19,,3.414,1.11622
2024-09-20,,3.412,1.11622
2024-09-21,,,1.11622
2024-09-22,,,1.11622
2024-09-23,,3.414,1.11119
2024-09-24,,3.415,1.11792
2024-09-25,,3.416,1.11332
2024-09-26,,3.415,1.11758
2024-09-27,,3.415,1.1164
2024-09-28,,,1.1164
2024-09-29,,,1.1164
2024-09-30,,3.41,1.11365
2024-10-01,,3.416,1.10697
2024-10-02,,3.41,1.10483
2024-10-03,,3.407,1.10332
2024-10-04,,3.414,1.0976
2024-10-05,,,1.0976
2024-10-06,,,1.0976
2024-10-07,,3.413,1.09741
2024-10-08,,3.414,1.09797
2024-10-09,,3.415,1.09414
2024-10-10,,3.414,1.0936
2024-10-11,,3.413,1.09333
2024-10-12,,,1.09333
2024-10-13,,,1.09333
2024-10-14,,3.413,1.09087
2024-10-15,,3.413,1.08929
2024-10-16,,3.414,1.08636
2024-10-17,,3.415,1.08323
2024-10-18,,3.415,1.0864
2024-10-19,,,1.0864
2024-10-20,,,1.0864
2024-10-21,,3.415,1.08159
2024-10-22,,3.416,1.0799
2024-10-23,,3.166,1.0783
2024-10-24,,3.166,1.08288
2024-10-25,,3.166,1.07959
2024-10-26,,,1.07959
2024-10-27,,,1.07959
2024-10-28,,3.164,1.08128
2024-10-29,,3.164,1.08202
2024-10-30,,3.165,1.08587
2024-10-31,,3.155,1.08861
2024-11-01,,3.163,1.08339
2024-11-02,,,1.08339
2024-11-03,,,1.08339
2024-11-04,,3.163,1.08785
2024-11-05,,3.163,1.09251
2024-11-06,,3.162,1.07296
2024-11-07,,3.163,1.08048
2024-11-08,,3.163,1.07176
2024-11-09,,,1.07176
2024-11-10,,,1.07176
2024-11-11,,3.162,1.06566
2024-11-12,,3.163,1.06216
2024-11-13,,3.164,1.05633
2024-11-14,,3.165,1.05312
2024-11-15,,3.165,1.05279
2024-11-16,,,1.05279
2024-11-17,,,1.05279
2024-11-18,,3.165,1.05984
2024-11-19,,3.166,1.05956
2024-11-20,,3.167,1.05429
2024-11-21,,3.167,1.04758
2024-11-22,,3.168,1.04147
2024-11-23,,,1.04147
2024-11-24,,,1.04147
2024-11-25,,3.167,1.0496
2024-11-26,,3.165,1.04878
2024-11-27,,3.165,1.05674
2024-11-28,,3.164,1.05532
2024-11-29,,3.163,1.05824
2024-11-30,,,1.05824
2024-12-01,,,1.05824
2024-12-02,,3.165,1.04968
2024-12-03,,3.164,1.05089
2024-12-04,,3.165,1.05114
2024-12-05,,3.165,1.05871
2024-12-06,,3.165,1.05637
2024-12-07,,,1.05637
2024-12-08,,,1.05637
2024-12-09,,3.164,1.05541
2024-12-10,,3.163,1.05286
2024-12-11,,3.164,1.04975
2024-12-12,,3.164,1.04707
2024-12-13,,3.167,1.0497
2024-12-14,,,1.0497
2024-12-15,,,1.0497
2024-12-16,,3.165,1.05099
2024-12-17,,3.164,1.04936
2024-12-18,,2.917,1.03515
2024-12-19,,2.919,1.03653
2024-12-20,,2.916,1.04289
2024-12-21,,,1.04289
2024-12-22,,,1.04289
2024-12-23,,2.911,1.04055
2024-12-24,,2.909,1.03976
2024-12-25,,,1.03976
2024-12-26,,,1.04239
2024-12-27,,2.916,1.04257
2024-12-28,,,1.04257
2024-12-29,,,1.04257
2024-12-30,,2.915,1.04055
2024-12-31,,2.905,1.03535
2025-01-01,,,1.03535
2025-01-02,,2.92,1.02661
2025-01-03,,2.919,1.03062
2025-01-04,,,1.03062
2025-01-05,,,1.03062
2025-01-06,,2.917,1.039
2025-01-07,,2.918,1.03426
2025-01-08,,2.917,1.03185
2025-01-09,,2.92,1.03015
2025-01-10,,2.917,1.02445
2025-01-11,,,1.02445
2025-01-12,,,1.02445
2025-01-13,,2.918,1.02597
2025-01-14,,2.919,1.0307
2025-01-15,,2.92,1.02934
2025-01-16,,2.92,1.03019
2025-01-17,,2.92,1.02756
2025-01-18,,,1.02756
2025-01-19,,,1.02756
2025-01-20,,2.919,1.04144
2025-01-21,,2.921,1.04277
2025-01-22,,2.92,1.04097
2025-01-23,,2.922,1.04173
2025-01-24,,2.921,1.04953
2025-01-25,,,1.04953
2025-01-26,,,1.04953
2025-01-27,,2.921,1.04891
2025-01-28,,2.921,1.04291
2025-01-29,,2.923,1.04215
2025-01-30,,2.923,1.03883
2025-01-31,,2.912,1.03745
2025-02-01,,,1.03745
2025-02-02,,,1.03745
2025-02-03,,2.918,1.03432
2025-02-04,,2.917,1.03786
2025-02-05,,2.666,1.04041
2025-02-06,,2.669,1.03837
2025-02-07,,2.665,1.03279
2025-02-08,,,1.03279
2025-02-09,,,1.03279
2025-02-10,,2.664,1.03064
2025-02-11,,2.666,1.0362
2025-02-12,,2.665,1.03844
2025-02-13,,2.667,1.04672
2025-02-14,,2.666,1.0492
2025-02-15,,,1.0492
2025-02-16,,,1.0492
2025-02-17,,2.665,1.04809
2025-02-18,,2.666,1.04521
2025-02-19,,2.665,1.0425
2025-02-20,,2.667,1.0498
2025-02-21,,2.666,1.04608
2025-02-22,,,1.04608
2025-02-23,,,1.04608
2025-02-24,,2.666,1.04694
2025-02-25,,2.666,1.05141
2025-02-26,,2.665,1.04876
2025-02-27,,2.666,1.03954
2025-02-28,,2.658,1.03736
2025-03-01,,,1.03736
2025-03-02,,,1.03736
2025-03-03,,2.663,1.04881
2025-03-04,,2.664,1.06203
2025-03-05,,2.664,1.07908
2025-03-06,,2.666,1.07918
2025-03-07,,2.665,1.08475
2025-03-08,,,1.08475
2025-03-09,,,1.08475
2025-03-10,,2.663,1.08351
2025-03-11,,2.663,1.09158
2025-03-12,,2.412,1.08893
2025-03-13,,2.413,1.08526
2025-03-14,,2.417,1.08785
2025-03-15,,,1.08785
2025-03-16,,,1.08785
2025-03-17,,2.417,1.09214
2025-03-18,,2.417,1.09418
2025-03-19,,2.416,1.09087
2025-03-20,,2.417,1.08573
2025-03-21,,2.417,1.08171
2025-03-22,,,1.08171
2025-03-23,,,1.08171
2025-03-24,,2.418,1.08025
2025-03-25,,2.418,1.07889
2025-03-26,,2.417,1.07375
2025-03-27,,2.417,1.07964
2025-03-28,,2.417,1.08309
2025-03-29,,,1.08309
2025-03-30,,,1.08309
2025-03-31,,2.415,1.08199
2025-04-01,,2.42,1.07941
2025-04-02,,2.417,1.0828
2025-04-03,,2.416,1.10519
2025-04-04,,2.415,1.0943
2025-04-05,,,1.0943
2025-04-06,,,1.0943
2025-04-07,,2.414,1.09132
2025-04-08,,2.415,1.09585
2025-04-09,,2.415,1.0951
2025-04-10,,2.416,1.11948
2025-04-11,,2.416,1.1341
2025-04-12,,,1.1341
2025-04-13,,,1.1341
2025-04-14,,2.417,1.13552
2025-04-15,,2.416,1.12828
2025-04-16,,2.418,1.13973
2025-04-17,,2.417,1.13693
2025-04-18,,,1.13693
2025-04-19,,,1.13693
2025-04-20,,,1.13693
2025-04-21,,,1.15105
2025-04-22,,2.417,1.13635
2025-04-23,,2.167,1.13243
2025-04-24,,2.169,1.13879
2025-04-25,,2.167,1.13595
2025-04-26,,,1.13595
2025-04-27,,,1.13595
2025-04-28,,2.167,1.14208
2025-04-29,,2.167,1.13867
2025-04-30,,2.156,1.1328
2025-05-01,,,1.1288
2025-05-02,,2.168,1.1305
2025-05-03,,,1.1305
2025-05-04,,,1.1305
2025-05-05,,2.167,1.13179
2025-05-06,,2.167,1.1373
2025-05-07,,2.169,1.13135
2025-05-08,,2.171,1.12277
2025-05-09,,2.169,1.12573
2025-05-10,,,1.12573
2025-05-11,,,1.12573
2025-05-12,,2.17,1.10905
2025-05-13,,2.172,1.11869
2025-05-14,,2.172,1.11773
2025-05-15,,2.172,1.1189
2025-05-16,,2.17,1.11494
2025-05-17,,,1.11494
2025-05-18,,,1.11494
2025-05-19,,2.171,1.12435
2025-05-20,,2.172,1.12832
2025-05-21,,2.169,1.13297
2025-05-22,,2.173,1.12811
2025-05-23,,2.17,1.13637
2025-05-24,,,1.13637
2025-05-25,,,1.13637
2025-05-26,,2.168,1.13861
2025-05-27,,2.172,1.13326
2025-05-28,,2.167,1.1296
2025-05-29,,2.161,1.13699
2025-05-30,,2.161,1.13567
2025-05-31,,,1.13567
2025-06-01,,,1.13567
2025-06-02,,2.172,1.14407
2025-06-03,,2.172,1.13771
2025-06-04,,2.173,1.14167
2025-06-05,,2.174,1.14446
2025-06-06,,2.173,1.13964
2025-06-07,,,1.13964
2025-06-08,,,1.13964
2025-06-09,,2.17,1.14219
2025-06-10,,2.174,1.14252
2025-06-11,,1.924,1.14884
2025-06-12,,1.923,1.1589
2025-06-13,,1.925,1.15501
2025-06-14,,,1.15501
2025-06-15,,,1.15501
2025-06-16,,1.924,1.15636
2025-06-17,,1.924,1.14822
2025-06-18,,1.922,1.14828
2025-06-19,,1.917,1.14955
2025-06-20,,1.923,1.15162
2025-06-21,,,1.15162
2025-06-22,,,1.15162
2025-06-23,,1.925,1.1578
2025-06-24,,1.926,1.161
2025-06-25,,1.925,1.16566
2025-06-26,,1.929,1.16989
2025-06-27,,1.928,1.17068
2025-06-28,,,1.17068
2025-06-29,,,1.17068
2025-06-30,,1.921,1.17817
2025-07-01,,1.921,1.18042
2025-07-02,,1.923,1.17961
2025-07-03,,1.922,1.17575
2025-07-04,,1.92,1.17751
2025-07-05,,,1.17751
2025-07-06,,,1.17751
2025-07-07,,1.92,1.17092
2025-07-08,,1.919,1.17234
2025-07-09,,1.919,1.1723
2025-07-10,,1.921,1.17035
2025-07-11,,1.923,1.16883
2025-07-12,,,1.16883
2025-07-13,,,1.16883
2025-07-14,,1.923,1.16642
2025-07-15,,1.922,1.16006
2025-07-16,,1.923,1.16357
2025-07-17,,1.925,1.15984
2025-07-18,,1.923,1.16224
2025-07-19,,,1.16224
2025-07-20,,,1.16224
2025-07-21,,1.924,1.16937
2025-07-22,,1.923,1.17493
2025-07-23,,1.924,1.17701
2025-07-24,,1.924,1.17472
2025-07-25,,1.925,1.17439
2025-07-26,,,1.17439
2025-07-27,,,1.17439
2025-07-28,,1.923,1.15905
2025-07-29,,1.923,1.15486
2025-07-30,,1.924,1.14085
2025-07-31,,1.919,1.14176
2025-08-01,,1.927,1.15693
2025-08-02,,,1.15693
2025-08-03,,,1.15693
2025-08-04,,1.925,1.15697
2025-08-05,,1.924,1.15745
2025-08-06,,1.922,1.16583
2025-08-07,,1.923,1.16654
2025-08-08,,1.922,1.16427
2025-08-09,,,1.16427
2025-08-10,,,1.16427
2025-08-11,,1.918,1.16159
2025-08-12,,1.922,1.16744
2025-08-13,,1.923,1.17057
2025-08-14,,1.926,1.16513
2025-08-15,,1.924,1.17011
2025-08-16,,,1.17011
2025-08-17,,,1.17011
2025-08-18,,1.924,1.16622
2025-08-19,,1.925,1.16475
2025-08-20,,1.926,1.16525
2025-08-21,,1.926,1.1608
2025-08-22,,1.926,1.17202
2025-08-23,,,1.17202
2025-08-24,,,1.17202
2025-08-25,,1.925,1.16201
2025-08-26,,1.926,1.16453
2025-08-27,,1.925,1.16374
2025-08-28,,1.925,1.16793
2025-08-29,,1.92,1.16985
2025-08-30,,,1.16985
2025-08-31,,,1.16985
2025-09-01,,1.925,1.17094
2025-09-02,,1.922,1.16416
2025-09-03,,1.923,1.16612
2025-09-04,,1.925,1.16494
2025-09-05,,1.923,1.17181
2025-09-06,,,1.17181
2025-09-07,,,1.17181
2025-09-08,,1.922,1.17615
2025-09-09,,1.923,1.17114
2025-09-10,,1.922,1.17001
2025-09-11,,1.925,1.17349
2025-09-12,,1.925,1.17363
2025-09-13,,,1.17363
2025-09-14,,,1.17363
2025-09-15,,1.926,1.17659
2025-09-16,,1.926,1.18642
2025-09-17,,1.927,1.18155
2025-09-18,,1.926,1.17866
2025-09-19,,1.925,1.17478
2025-09-20,,,1.17478
2025-09-21,,,1.17478
2025-09-22,,1.925,1.17997
2025-09-23,,1.927,1.18145
2025-09-24,,1.928,1.17395
2025-09-25,,1.927,1.16613
2025-09-26,,1.926,1.17058
2025-09-27,,,1.17058
2025-09-28,,,1.17058
2025-09-29,,1.926,1.17269
2025-09-30,,1.916,1.17368
2025-10-01,,1.927,1.17328
2025-10-02,,1.923,1.17181
2025-10-03,,1.921,1.17413
2025-10-04,,,1.17413
2025-10-05,,,1.17413
2025-10-06,,1.925,1.17097
2025-10-07,,1.926,1.16576
2025-10-08,,1.924,1.16291
2025-10-09,,1.927,1.15653
2025-10-10,,1.926,1.16128
2025-10-11,,,1.16128
2025-10-12,,,1.16128
2025-10-13,,1.926,1.1572
2025-10-14,,1.927,1.16082
2025-10-15,,1.928,1.1644
2025-10-16,,1.928,1.16885
2025-10-17,,1.928,1.16708
2025-10-18,,,1.16708
2025-10-19,,,1.16708
2025-10-20,,1.927,1.16449
2025-10-21,,1.928,1.1605
2025-10-22,,1.927,1.16128
2025-10-23,,1.929,1.16178
2025-10-24,,1.928,1.16318
2025-10-25,,,1.16318
2025-10-26,,,1.16318
2025-10-27,,1.929,1.165
2025-10-28,,1.93,1.16508
2025-10-29,,1.931,1.16038
2025-10-30,,1.931,1.15682
2025-10-31,,1.921,1.15371
2025-11-01,,,1.15371
2025-11-02,,,1.15371
2025-11-03,,1.932,1.15211
2025-11-04,,1.931,1.14843
2025-11-05,,1.929,1.14927
2025-11-06,,1.93,1.15453
2025-11-07,,1.932,1.15643
2025-11-08,,,1.15643
2025-11-09,,,1.15643
2025-11-10,,1.931,1.15572
2025-11-11,,1.93,1.15855
2025-11-12,,1.93,1.15904
2025-11-13,,1.93,1.16365
2025-11-14,,1.931,1.16209
2025-11-15,,,1.16209
2025-11-16,,,1.16209
2025-11-17,,1.929,1.15899
2025-11-18,,1.93,1.15776
2025-11-19,,1.929,1.15389
2025-11-20,,1.929,1.15291
2025-11-21,,1.926,1.15176
2025-11-22,,,1.15176
2025-11-23,,,1.15176
2025-11-24,,1.924,1.15258
2025-11-25,,1.926,1.15701
2025-11-26,,1.928,1.15955
2025-11-27,,1.927,1.15964
2025-11-28,,1.925,1.16007
2025-11-29,,,1.16007
2025-11-30,,,1.16007
2025-12-01,,1.93,1.16088
2025-12-02,,1.929,1.16246
2025-12-03,,1.926,1.16709
2025-12-04,,1.929,1.16449
2025-12-05,,1.929,1.16447
2025-12-06,,,1.16447
2025-12-07,,,1.16447
2025-12-08,,1.93,1.16356
2025-12-09,,1.929,1.1627
2025-12-10,,1.929,1.16955
2025-12-11,,1.93,1.17389
2025-12-12,,1.932,1.17393
2025-12-13,,,1.17393
2025-12-14,,,1.17393
2025-12-15,,1.93,1.17514
2025-12-16,,1.932,1.1748
2025-12-17,,1.932,1.174
2025-12-18,,1.931,1.17245
2025-12-19,,1.933,1.17097
2025-12-20,,,1.17097
2025-12-21,,,1.17097
2025-12-22,,1.932,1.17592
2025-12-23,,1.925,1.1795
2025-12-24,,1.926,1.17756
2025-12-25,,,1.17822
2025-12-26,,,1.17748
2025-12-27,,,1.17748
2025-12-28,,,1.17748
2025-12-29,,1.934,1.17682
2025-12-30,,1.93,1.17461
2025-12-31,,1.921,1.17459
2026-01-01,,,1.17459
2026-01-02,,1.936,1.17176
2026-01-03,,,1.17176
2026-01-04,,,1.17176
2026-01-05,,1.933,1.17194
2026-01-06,,1.933,1.16888
2026-01-07,,1.933,1.1678
2026-01-08,,1.933,1.16588
2026-01-09,,1.932,1.16348
2026-01-10,,,1.16348
2026-01-11,,,1.16348
2026-01-12,,1.931,1.1669
2026-01-13,,1.93,1.16448
2026-01-14,,1.931,1.16449
2026-01-15,,1.93,1.16076
2026-01-16,,1.93,1.15994
2026-01-17,,,1.15994
2026-01-18,,,1.15994
2026-01-19,,1.929,1.1646
2026-01-20,,1.932,1.1722
2026-01-21,,1.932,1.16855
2026-01-22,,1.933,1.17561
2026-01-23,,1.933,1.18213
2026-01-24,,,1.18213
2026-01-25,,,1.18213
2026-01-26,,1.934,1.18777
2026-01-27,,1.934,1.20426
2026-01-28,,1.933,1.19562
2026-01-29,,1.933,1.19695
2026-01-30,,1.926,1.18534
2026-01-31,,,1.18534
2026-02-01,,,1.18534
2026-02-02,,1.933,1.17902
2026-02-03,,1.931,1.18181
2026-02-04,,1.932,1.1807
2026-02-05,,1.931,1.17817
2026-02-06,,1.93,1.18222
2026-02-07,,,1.18222
2026-02-08,,,1.18222
2026-02-09,,1.93,1.19128
2026-02-10,,1.929,1.18913
2026-02-11,,1.93,1.18748
2026-02-12,,1.931,1.18727
2026-02-13,,1.93,1.18744
2026-02-14,,,1.18744
2026-02-15,,,1.18744
2026-02-16,,,1.18543
